,id,listing_url,scrape_id,last_scraped,source,name,description,neighborhood_overview,picture_url,host_id,host_url,host_name,host_since,host_location,host_about,host_response_time,host_response_rate,host_acceptance_rate,host_is_superhost,host_thumbnail_url,host_picture_url,host_neighbourhood,host_listings_count,host_total_listings_count,host_verifications,host_has_profile_pic,host_identity_verified,neighbourhood,neighbourhood_cleansed,neighbourhood_group_cleansed,latitude,longitude,property_type,room_type,accommodates,bathrooms,bathrooms_text,bedrooms,beds,amenities,price,minimum_nights,maximum_nights,minimum_minimum_nights,maximum_minimum_nights,minimum_maximum_nights,maximum_maximum_nights,minimum_nights_avg_ntm,maximum_nights_avg_ntm,calendar_updated,has_availability,availability_30,availability_60,availability_90,availability_365,calendar_last_scraped,number_of_reviews,number_of_reviews_ltm,number_of_reviews_l30d,availability_eoy,number_of_reviews_ly,estimated_occupancy_l365d,estimated_revenue_l365d,first_review,last_review,review_scores_rating,review_scores_accuracy,review_scores_cleanliness,review_scores_checkin,review_scores_communication,review_scores_location,review_scores_value,license,instant_bookable,calculated_host_listings_count,calculated_host_listings_count_entire_homes,calculated_host_listings_count_private_rooms,calculated_host_listings_count_shared_rooms,reviews_per_month
0,3781,https://www.airbnb.com/rooms/3781,20250619031426,2025-06-19,city scrape,HARBORSIDE-Walk to subway,"Fully separate apartment in a two apartment building. Space is perfect for an individual or a couple. There is a full bath, bedroom with queen bed, small sitting area with TV and a fully equipped kitchen with dining area. Walk or bus to subway.","Mostly quiet ( no loud music, no crowed sidewalks)  area with residential 3 story buildings, some 4 and 5 story newer buildings. Though not in an ""entertainment"" area there are local food shops and supermarket with a mix of restaurants.  Area is in transition--East Boston has a great waterfront with gentrification evident everywhere!",https://a0.muscache.com/pictures/24670/b2de0442_original.jpg,4804,https://www.airbnb.com/users/show/4804,Frank,2008-12-03,"Massachusetts, United States","My wife and I and grown children frequently occupy the spaces that we rent and as such try to make the spaces pleasant and appealing to ourselves as well as guests.   We have been subletting for over 15 years and consider ourselves helpful and organized hosts who provide clean, attractive and comfortable apartments",within a day,75%,13%,t,https://a0.muscache.com/im/users/4804/profile_pic/1327953150/original.jpg?aki_policy=profile_small,https://a0.muscache.com/im/users/4804/profile_pic/1327953150/original.jpg?aki_policy=profile_x_medium,East Boston,3,6,"['email', 'phone']",t,f,Neighborhood highlights,East Boston,,42.36413,-71.02991,Entire rental unit,Entire home/apt,2,1.0,1 bath,1.0,1.0,"[""Essentials"", ""Washer"", ""Patio or balcony"", ""Smoke alarm"", ""Dishes and silverware"", ""Oven"", ""Carbon monoxide alarm"", ""Bed linens"", ""Microwave"", ""Shampoo"", ""TV with standard cable"", ""Hair dryer"", ""Refrigerator"", ""Extra pillows and blankets"", ""Dishwasher"", ""Dryer"", ""Cooking basics"", ""Kitchen"", ""Hot water"", ""Heating"", ""Iron"", ""Wifi"", ""Hangers"", ""Stove"", ""Coffee maker"", ""Free parking on premises"", ""Central air conditioning"", ""Free street parking""]",$125.00,29,1125,29,29,1125,1125,29.0,1125.0,,t,0,0,0,262,2025-06-19,26,1,0,93,1,58,7250.0,2015-07-10,2024-08-09,4.96,5.0,4.96,5.0,4.96,4.85,4.88,,f,1,1,0,0,0.21
1,5506,https://www.airbnb.com/rooms/5506,20250619031426,2025-06-19,city scrape,** Fort Hill Inn Private! Minutes to center!**,"**THE BEST Value in BOSTON!!*** PRIVATE GUEST ROOM WITH PRIVATE BATH.   Easy Access to the city.  5 minute walk to the subway,  5 minute ride to the center of the attractions.   One of the many options available at the ""Fort Hill Inn,  Boston""!","Peaceful, Architecturally interesting, historic, diverse, and quiet residential. <br /><br />Culturally,  ethnically, and economically diverse.",https://a0.muscache.com/pictures/miso/Hosting-5506/original/5c9789c7-abff-49e4-b0de-1ba8b77a9597.jpeg,8229,https://www.airbnb.com/users/show/8229,Terry,2009-02-19,"Boston, MA","Relaxed,  Easy going, Accommodating. ",within an hour,100%,100%,t,https://a0.muscache.com/im/users/8229/profile_pic/1259099341/original.jpg?aki_policy=profile_small,https://a0.muscache.com/im/users/8229/profile_pic/1259099341/original.jpg?aki_policy=profile_x_medium,Roxbury,12,15,"['email', 'phone']",t,t,Neighborhood highlights,Roxbury,,42.32844,-71.09581,Entire guest suite,Entire home/apt,2,1.0,1 bath,1.0,1.0,"[""Essentials"", ""Private entrance"", ""Washer"", ""Air conditioning"", ""Smoke alarm"", ""Dishes and silverware"", ""Self check-in"", ""Long term stays allowed"", ""Coffee maker"", ""Carbon monoxide alarm"", ""Bed linens"", ""Microwave"", ""Shampoo"", ""TV with standard cable"", ""Hair dryer"", ""Luggage dropoff allowed"", ""Refrigerator"", ""Extra pillows and blankets"", ""Fire extinguisher"", ""Dryer"", ""Keypad"", ""Hot water"", ""Heating"", ""Iron"", ""Wifi"", ""First aid kit"", ""Hangers"", ""Bathtub"", ""Free street parking""]",$142.00,3,90,1,3,1125,1125,3.0,1125.0,,t,4,11,22,103,2025-06-19,137,13,1,103,10,78,11076.0,2009-03-21,2025-06-12,4.82,4.89,4.91,4.95,4.89,4.57,4.77,STR-490093,f,11,11,0,0,0.69
2,6695,https://www.airbnb.com/rooms/6695,20250619031426,2025-06-19,city scrape,"Fort Hill Inn *Sunny* 1 bedroom, condo duplex","Comfortable,  Fully Equipped private apartment on 2 levels.  Sleeps up to 4.  Sleeper sofa in living room,  Spiral Steps inside unit to bedroom.","Peaceful, Architecturally interesting, historic, diverse, and quiet. Racially, culturally,  ethnic, and economically diverse.",https://a0.muscache.com/pictures/38ac4797-e7a4-48d8-84a5-e1f724f4282b.jpg,8229,https://www.airbnb.com/users/show/8229,Terry,2009-02-19,"Boston, MA","Relaxed,  Easy going, Accommodating. ",within an hour,100%,100%,t,https://a0.muscache.com/im/users/8229/profile_pic/1259099341/original.jpg?aki_policy=profile_small,https://a0.muscache.com/im/users/8229/profile_pic/1259099341/original.jpg?aki_policy=profile_x_medium,Roxbury,12,15,"['email', 'phone']",t,t,Neighborhood highlights,Roxbury,,42.32802,-71.09387,Entire condo,Entire home/apt,4,1.0,1 bath,0.0,2.0,"[""Essentials"", ""Washer"", ""Air conditioning"", ""Smoke alarm"", ""Dishes and silverware"", ""Self check-in"", ""Oven"", ""Long term stays allowed"", ""Carbon monoxide alarm"", ""Microwave"", ""Shampoo"", ""TV with standard cable"", ""Hair dryer"", ""Luggage dropoff allowed"", ""Refrigerator"", ""Fire extinguisher"", ""Dishwasher"", ""Dryer"", ""Cooking basics"", ""Kitchen"", ""Keypad"", ""Hot water"", ""Heating"", ""Iron"", ""Wifi"", ""Hangers"", ""Stove"", ""Coffee maker"", ""Free street parking""]",$171.00,3,730,1,3,730,730,3.0,730.0,,t,2,5,12,93,2025-06-19,139,11,0,93,8,66,11286.0,2009-08-06,2025-04-24,4.81,4.82,4.85,4.9,4.94,4.53,4.72,STR-491702,f,11,11,0,0,0.72
3,8789,https://www.airbnb.com/rooms/8789,20250619031426,2025-06-19,city scrape,Curved Glass Studio/1bd facing Park,"This unit is for sale. There will need to be occasional showings. This unit is available for a few months at the most. Bright, 1 bed with curved glass windows facing the State House! High ceilings, updated kitchen, elevator building, doorman, laundry on each floor and common roofdeck with amazing view.  Close to everything!","Beacon Hill is a historic neighborhood filled with tradition, brownstones, cobblestone streets, the Boston Common park, the State House, as well as shopping, restaurants and public transportation.",https://a0.muscache.com/pictures/miso/Hosting-8789/original/79276a31-76b8-4a0a-86d3-c2ffef3aeca2.jpeg,26988,https://www.airbnb.com/users/show/26988,Anne,2009-07-22,"Boston, MA","I manage a number of furnished units around Boston and Brookline with my business partner Joseph Morrissey.  I am a Realtor with Unlimited Sotheby's  and do sales/rentals in the greater Boston market.  I also manage a sculpture school/studio with my husband, sculptor Morris Norvin.  Stonybrook Fine Arts, is located in the Boston neighborhood Jamaica Plain across the street from the famous Sam Adams Brewery.  We offer a variety of one day workshops on our calendar including welding, jewelry and metal casting.   Longer classes are available and meet one time each week including the options above as well as mold making, live figure modeling and foundry.  Custom workshops are available for small groups, birthday parties, bachelorette parties, make your own wedding bands, create an engagement ring and team building.  We are happy to arrange a tour of Sam Adams after a daytime workshop not occurring on Sunday.  Contact us for more details to set up your custom event!

",within a day,70%,38%,t,https://a0.muscache.com/im/pictures/user/d7d71322-db4f-45f8-92f7-ec27a50d5773.jpg?aki_policy=profile_small,https://a0.muscache.com/im/pictures/user/d7d71322-db4f-45f8-92f7-ec27a50d5773.jpg?aki_policy=profile_x_medium,Beacon Hill,12,32,"['email', 'phone']",t,t,Neighborhood highlights,Beacon Hill,,42.35867,-71.06307,Entire rental unit,Entire home/apt,2,1.0,1 bath,1.0,2.0,"[""Wine glasses"", ""Essentials"", ""Patio or balcony"", ""Paid parking garage off premises"", ""Clothing storage: closet and dresser"", ""Air conditioning"", ""Smoke alarm"", ""Dishes and silverware"", ""Electric stove"", ""Elevator"", ""Paid washer \u2013 In building"", ""Paid dryer \u2013 In building"", ""Dining table"", ""Long term stays allowed"", ""Coffee maker"", ""Carbon monoxide alarm"", ""Cleaning products"", ""Bed linens"", ""Microwave"", ""TV with standard cable"", ""Hair dryer"", ""Refrigerator"", ""Extra pillows and blankets"", ""Fire extinguisher"", ""Cooking basics"", ""Kitchen"", ""Hot water"", ""Heating"", ""Iron"", ""Wifi"", ""Hangers"", ""Single level home"", ""Bathtub""]",$140.00,91,365,91,91,365,365,91.0,365.0,,t,0,17,29,210,2025-06-19,29,0,0,41,1,0,0.0,2014-08-12,2024-05-15,4.69,4.69,4.55,4.93,4.97,4.97,4.59,,f,8,8,0,0,0.22
4,10811,https://www.airbnb.com/rooms/10811,20250619031426,2025-06-19,city scrape,Bostons Best Rentals -Studio Prestigious Back Bay,"Bostons Best Rentals offers a Stunning Back Bay furnished studio apartment in the Prestigious Back Bay neighborhood.   Classic brick brownstone on a quiet street. Elegant large studio apartment with bow window overlooking tree lined Marlborough St. Front facing studio apt. Queen murphy be, includes all utilities, A/C ,Wi-Fi, TV, bedding , towels, utensils, table and chairs works space.  <br /><br />Short walk to Newbury St, Fenway Park, ""T"" Station (subway) & hundreds of restaurants, cafes and shops.","A one-square mile neighborhood that is arguably one of the most prestigious neighborhoods in Boston, Back Bay teems with history and affluence. Copley Square is the heart of Back Bay, featuring landmarks such as the Boston Public Library and the John Hancock Tower. Shoppers and tourists also flock to the Prudential Center. Commonwealth Avenue is the pride of the neighborhood - a beautiful, tree-lined boulevard with grand mansions and other stately homes. This neighborhood, along with Beacon Hill, is the place to live for the quintessential Boston experience and is popular with young professionals and empty nesters who fled the suburbs for city living after their kids left home. The housing stock is a mixture of Victorian brownstones and larger buildings nestled between high-rises offering luxurious living in snug quarters.",https://a0.muscache.com/pictures/45735/27548f71_original.jpg,38997,https://www.airbnb.com/users/show/38997,Michelle,2009-09-16,,,within a few hours,93%,53%,t,https://a0.muscache.com/im/pictures/user/134447ef-915a-418a-8370-afe9642591f8.jpg?aki_policy=profile_small,https://a0.muscache.com/im/pictures/user/134447ef-915a-418a-8370-afe9642591f8.jpg?aki_policy=profile_x_medium,Back Bay,21,29,"['email', 'phone']",t,t,Neighborhood highlights,Back Bay,,42.35173,-71.08685,Entire rental unit,Entire home/apt,3,1.0,1 bath,0.0,1.0,"[""Essentials"", ""Air conditioning"", ""Smoke alarm"", ""Dishes and silverware"", ""Long term stays allowed"", ""Carbon monoxide alarm"", ""Bed linens"", ""Microwave"", ""Shampoo"", ""TV with standard cable"", ""Hair dryer"", ""Pets allowed"", ""Fire extinguisher"", ""Ethernet connection"", ""Indoor fireplace"", ""Kitchen"", ""Hot water"", ""Heating"", ""Iron"", ""Wifi"", ""Hangers"", ""Coffee maker""]",$152.00,91,1125,91,91,1125,1125,91.0,1125.0,,t,29,59,89,217,2025-06-19,9,0,0,175,0,0,0.0,2016-01-09,2019-07-22,4.33,4.44,4.67,4.56,4.0,5.0,4.67,,f,12,12,0,0,0.08
5,10813,https://www.airbnb.com/rooms/10813,20250619031426,2025-06-19,city scrape,The Back Bay Nook  -Brownstone in Prestigious Area,"Stunning Back Bay furnished studio apartment. Classic brick brownstone on a quiet street. Elegant large studio apartment with bow window overlooking tree lined Marlborough St. Front facing studio apt. Queen murphy bed,  includes all utilities, A/C <br />Wi-Fi, TV, bedding , towels, utensils, table and chairs works space. <br />Short walk to Newbury St, Fenway Park, ""T"" Station & hundreds of restaurants, cafes and shops.  This apt does not come with a parking spot.   Fireplace is not operational.","Wander around this quintessential neighborhood in the heart of Boston for high-end shops, restaurants, and the feeling of city bustle. Its most identifiable skyscrapers, the Prudential Center and John Hancock Tower, are highlights of the city skyline. Visit Newbury street to explore unique and trendy boutiques – as well as every other kind of store imaginable – all housed in beautiful brownstone buildings. In nice weather, restaurant patio seating is packed with Bostonians and tourists alike soaking up the sunshine and enjoying the food. Commonwealth Ave offers a beautiful stroll down residential tree-lined streets. Keep walking towards the Charles River and enjoy a beautiful view by the water. In warmer months, people run and bike on paths running along the esplanade, and sail and kayak on the Charles River. Boylston street, also full of shops, bars, and restaurants, is the finish line of the Boston Marathon. Head towards Copley Square and check out the Boston Public Library, which is",https://a0.muscache.com/pictures/20b5b9c9-e1f4-43a5-9689-1293a4507510.jpg,38997,https://www.airbnb.com/users/show/38997,Michelle,2009-09-16,,,within a few hours,93%,53%,t,https://a0.muscache.com/im/pictures/user/134447ef-915a-418a-8370-afe9642591f8.jpg?aki_policy=profile_small,https://a0.muscache.com/im/pictures/user/134447ef-915a-418a-8370-afe9642591f8.jpg?aki_policy=profile_x_medium,Back Bay,21,29,"['email', 'phone']",t,t,Neighborhood highlights,Back Bay,,42.35061,-71.08787,Entire rental unit,Entire home/apt,2,1.0,1 bath,0.0,1.0,"[""Wine glasses"", ""Essentials"", ""Baking sheet"", ""Clothing storage: closet"", ""Smoke alarm"", ""Housekeeping available every day - available at extra cost"", ""Dishes and silverware"", ""Dining table"", ""Long term stays allowed"", ""Coffee maker"", ""Carbon monoxide alarm"", ""Cleaning products"", ""Bed linens"", ""Microwave"", ""TV with standard cable"", ""Hair dryer"", ""Body soap"", ""Freezer"", ""Refrigerator"", ""Window AC unit"", ""Fire extinguisher"", ""Dishwasher"", ""Laundromat nearby"", ""Cooking basics"", ""Kitchen"", ""Hot water"", ""Heating"", ""Iron"", ""Wifi"", ""Toaster"", ""Hangers"", ""Stove"", ""Bathtub""]",$202.00,32,1125,32,32,1125,1125,32.0,1125.0,,t,19,49,63,233,2025-06-19,5,0,0,64,0,0,0.0,2019-03-17,2023-11-19,5.0,5.0,4.8,5.0,5.0,5.0,4.8,,f,12,12,0,0,0.07
6,10986,https://www.airbnb.com/rooms/10986,20250619031426,2025-06-19,city scrape,The Olive & Vine in The North End-Walk to MGH Tuft,"Chic furnished studio apartment is located on Waterfront & North End.  Close (10 min walk) to Mass General Hospital, Mass Eye & Ear, TD Boston Garden and Mass Transit station. One block to Hanover Street restaurants, shops & cafes.  Easy walk (5 min) to Fanieul Hall Marketplace, City Hall and Haymarket farmers market.  Take the ""T"" to Back Bay neighborhood, including Northeastern University, Berklee Univ or into Cambridge Ma.",,https://a0.muscache.com/pictures/46994/567b6064_original.jpg,38997,https://www.airbnb.com/users/show/38997,Michelle,2009-09-16,,,within a few hours,93%,53%,t,https://a0.muscache.com/im/pictures/user/134447ef-915a-418a-8370-afe9642591f8.jpg?aki_policy=profile_small,https://a0.muscache.com/im/pictures/user/134447ef-915a-418a-8370-afe9642591f8.jpg?aki_policy=profile_x_medium,Back Bay,21,29,"['email', 'phone']",t,t,,North End,,42.36377,-71.05206,Entire condo,Entire home/apt,2,1.0,1 bath,0.0,1.0,"[""Wine glasses"", ""Essentials"", ""Baking sheet"", ""Smoke alarm"", ""Dishes and silverware"", ""Hot water kettle"", ""Self check-in"", ""Long term stays allowed"", ""Coffee maker"", ""Carbon monoxide alarm"", ""Free dryer \u2013 In building"", ""Bed linens"", ""Microwave"", ""TV with standard cable"", ""Hair dryer"", ""GE gas stove"", ""Freezer"", ""Ge stainless steel oven"", ""Refrigerator"", ""Free washer \u2013 In building"", ""Pets allowed"", ""Lockbox"", ""Window AC unit"", ""Fire extinguisher"", ""Dishwasher"", ""Cooking basics"", ""Kitchen"", ""Hot water"", ""Heating"", ""Iron"", ""Wifi"", ""Toaster"", ""Hangers"", ""Bathtub""]",$130.00,32,1125,32,32,1125,1125,32.0,1125.0,,t,0,25,55,330,2025-06-19,2,1,0,161,1,64,8320.0,2024-01-05,2025-03-31,4.5,5.0,3.5,3.5,5.0,5.0,4.0,,f,12,12,0,0,0.11
7,18711,https://www.airbnb.com/rooms/18711,20250619031426,2025-06-19,city scrape,230B1 | The Dorset Redline | 3BR 1BA w/AC | Pvt,"Discover unmatched comfort and style at The Dorset, a charming 3-bedroom retreat nestled near Boston’s historic South End. Here, turn-of-the-century architecture meets modern amenities such as a washer and dryer, offering an ideal haven for both relaxation and exploration. Imagine yourself unwinding in a centrally climate controlled space designed with elegance and convenience in mind, just steps away from vibrant city life. Book your stay and start crafting unforgettable Boston memories today!","✔ Explore the vibrant South End nearby, famous for its Victorian brownstones and gardens<br />✔ Access Boston's public transport with a 10-minute walk to the T (subway)<br />✔ Discover an array of dining, shopping, and cultural activities nearby<br />✔ Feel the pulse of Boston's rich history and community spirit<br />✔ Don’t miss out—book your urban escape and dive into local adventures!<br /><br />Once its own city, Dorchester is now Boston’s largest and most diverse neighborhood, evident in the wide variety of global cuisines found on Dorchester Avenue. The district hosts UMass Boston and the John F. Kennedy Presidential Library, with artifacts from the president’s life and exhibits on the civil rights era. The Neponset River meanders past several parks, and nearby Franklin Park has woodland trails and a zoo.",https://a0.muscache.com/pictures/prohost-api/Hosting-18711/original/85a80a40-a836-40c5-86df-0d578840becb.jpeg,71783,https://www.airbnb.com/users/show/71783,Lance,2010-01-19,"Boston, MA","Lance R. Swank, Principal

His units offer comfortable and luxurious appointments to compliment the style of the building, whether a newly constructed condo or a historic Brownstone. Visitors to Boston seeking a furnished apartment without the corporate, hotel-room-like feel of most furnished rentals will find themselves more at home in Lance’s spaces.

Lance is the President of LSBM Management, LLC and holds an MBA degree from of the F.W. Olin Graduate School of Business at Babson College. He lives and invests in the City of Boston.",within a few hours,87%,96%,f,https://a0.muscache.com/im/users/71783/profile_pic/1342801683/original.jpg?aki_policy=profile_small,https://a0.muscache.com/im/users/71783/profile_pic/1342801683/original.jpg?aki_policy=profile_x_medium,Dorchester,60,97,"['email', 'phone', 'work_email']",t,t,Neighborhood highlights,Dorchester,,42.32212,-71.06096,Entire rental unit,Entire home/apt,6,1.0,1 bath,3.0,3.0,"[""Wine glasses"", ""Essentials"", ""Private entrance"", ""Washer"", ""Drying rack for clothing"", ""Baking sheet"", ""Air conditioning"", ""Smoke alarm"", ""Dedicated workspace"", ""Dishes and silverware"", ""Books and reading material"", ""Clothing storage"", ""Hot water kettle"", ""Self check-in"", ""Dining table"", ""Oven"", ""Room-darkening shades"", ""Long term stays allowed"", ""Coffee maker"", ""Carbon monoxide alarm"", ""Cleaning products"", ""Bed linens"", ""Microwave"", ""Housekeeping - available at extra cost"", ""Shampoo"", ""TV with standard cable"", ""Hair dryer"", ""Luggage dropoff allowed"", ""Body soap"", ""Freezer"", ""Refrigerator"", ""Pets allowed"", ""Extra pillows and blankets"", ""Fire extinguisher"", ""Dishwasher"", ""Laundromat nearby"", ""Dryer"", ""Cooking basics"", ""Kitchen"", ""Bread maker"", ""Hot water"", ""Smart lock"", ""Rice maker"", ""Heating"", ""Iron"", ""Wifi"", ""Toaster"", ""Hangers"", ""Single level home"", ""Stove"", ""Portable fans"", ""Bathtub"", ""Blender"", ""Free street parking""]",$161.00,30,360,30,30,1125,1125,30.0,1125.0,,t,0,0,0,264,2025-06-19,52,0,0,95,0,0,0.0,2010-05-12,2023-08-19,4.31,4.5,4.71,4.56,4.46,4.24,4.48,,f,58,18,40,0,0.28
12,60029,https://www.airbnb.com/rooms/60029,20250619031426,2025-06-19,city scrape,Room in geographical heart of Hub,"Small, sunny, private room in quiet but urban neighborhood, 3 miles from the city center, 1.5 miles from Longwood hospitals and Fenway colleges. Please do not book without first reading through the entire post and sending me a query!","Architecturally interesting, historic (Roxbury Highland Historic District was listed on the National Register of Historic Places in 1988), economically, racially and ethnically diverse, and quiet residential neighborhood.  Formerly part of what was called the Boston Highlands, it is now known as Highland Park or Fort Hill and my house is on a hill.  On a hill.  Yes, two hills.",https://a0.muscache.com/pictures/3bf41756-488c-43b6-a66d-1e752ba09082.jpg,255183,https://www.airbnb.com/users/show/255183,Michelle,2010-10-06,"Boston, MA","A native Bostonian, I can fill you in on the city's history and what's happening now - or not - depending on what you need and want while you're here.  Come visit!",within a few hours,100%,74%,f,https://a0.muscache.com/im/users/255183/profile_pic/1343246470/original.jpg?aki_policy=profile_small,https://a0.muscache.com/im/users/255183/profile_pic/1343246470/original.jpg?aki_policy=profile_x_medium,Roxbury,1,6,"['email', 'phone']",t,t,Neighborhood highlights,Roxbury,,42.32546,-71.08894,Private room in rental unit,Private room,1,1.0,1 shared bath,1.0,1.0,"[""Essentials"", ""Smoke alarm"", ""Dedicated workspace"", ""Dishes and silverware"", ""Carbon monoxide alarm"", ""Bed linens"", ""Host greets you"", ""Shampoo"", ""Hair dryer"", ""Refrigerator"", ""Extra pillows and blankets"", ""Outdoor furniture"", ""Fire extinguisher"", ""Smoking allowed"", ""Lock on bedroom door"", ""Shared backyard \u2013 Not fully fenced"", ""Cooking basics"", ""Kitchen"", ""Hot water"", ""Heating"", ""Iron"", ""Wifi"", ""First aid kit"", ""Hangers"", ""Coffee maker"", ""Free street parking""]",$80.00,29,29,29,29,29,29,29.0,29.0,,t,11,28,42,209,2025-06-19,145,0,0,135,1,0,0.0,2011-01-01,2024-02-29,4.73,4.65,4.57,4.87,4.91,4.16,4.63,STR-415714,f,1,0,1,0,0.82
13,60356,https://www.airbnb.com/rooms/60356,20250619031426,2025-06-19,city scrape,Bookcase 1bd facing Boston Common,"Live beside the Boston Common and the State House in picturesque Beacon Hill!  This sunny 6th floor condo overlooks the Common and the State House, it has parquet wood floors, good closet space and ceiling fans. The building features a concierge, elevator, common roofdeck with amazing views, laundry and rubbish room on each floor. It is conveniently located close to transportation, shopping, restaurants, the Financial District, Government Center and the Theater District.",,https://a0.muscache.com/pictures/e0b12f2f-06c3-42bf-b10c-b2240021b927.jpg,26988,https://www.airbnb.com/users/show/26988,Anne,2009-07-22,"Boston, MA","I manage a number of furnished units around Boston and Brookline with my business partner Joseph Morrissey.  I am a Realtor with Unlimited Sotheby's  and do sales/rentals in the greater Boston market.  I also manage a sculpture school/studio with my husband, sculptor Morris Norvin.  Stonybrook Fine Arts, is located in the Boston neighborhood Jamaica Plain across the street from the famous Sam Adams Brewery.  We offer a variety of one day workshops on our calendar including welding, jewelry and metal casting.   Longer classes are available and meet one time each week including the options above as well as mold making, live figure modeling and foundry.  Custom workshops are available for small groups, birthday parties, bachelorette parties, make your own wedding bands, create an engagement ring and team building.  We are happy to arrange a tour of Sam Adams after a daytime workshop not occurring on Sunday.  Contact us for more details to set up your custom event!

",within a day,70%,38%,t,https://a0.muscache.com/im/pictures/user/d7d71322-db4f-45f8-92f7-ec27a50d5773.jpg?aki_policy=profile_small,https://a0.muscache.com/im/pictures/user/d7d71322-db4f-45f8-92f7-ec27a50d5773.jpg?aki_policy=profile_x_medium,Beacon Hill,12,32,"['email', 'phone']",t,t,,Beacon Hill,,42.35894,-71.0631,Entire rental unit,Entire home/apt,2,1.0,1 bath,1.0,1.0,"[""Essentials"", ""Washer"", ""Air conditioning"", ""Smoke alarm"", ""Dishes and silverware"", ""Paid parking off premises"", ""Elevator"", ""Oven"", ""Long term stays allowed"", ""Carbon monoxide alarm"", ""Microwave"", ""TV with standard cable"", ""Hair dryer"", ""Refrigerator"", ""Fire extinguisher"", ""Dryer"", ""Cooking basics"", ""Kitchen"", ""Hot water"", ""Heating"", ""Iron"", ""Wifi"", ""Hangers"", ""Stove"", ""Coffee maker""]",$100.00,32,365,32,32,365,365,32.0,365.0,,t,0,0,0,170,2025-06-19,19,0,0,1,0,0,0.0,2013-11-10,2020-09-08,4.84,4.89,4.63,4.84,4.89,5.0,4.68,,f,8,8,0,0,0.13
14,67774,https://www.airbnb.com/rooms/67774,20250619031426,2025-06-19,city scrape,Corner 1 bed facing Golden Dome,"Live beside the State House and the Boston Common in picturesque Beacon Hill!  Sunny corner 1 bed facing the State House golden dome! Great location, close to everything, concierge building, elevators, common roofdeck, queen size bed, flat screen TV.","This building is located in the historic area known as Beacon Hill.  It is beside the State House and the Boston Common park.  Beacon Hill is a central location with multiple transportation options, shopping, restaurants, banks, etc.  The Theater District, the Financial District and Government Center are all within in a few blocks.",https://a0.muscache.com/pictures/95ad5d58-7fc3-4f26-a88a-35e1f2b58e6b.jpg,26988,https://www.airbnb.com/users/show/26988,Anne,2009-07-22,"Boston, MA","I manage a number of furnished units around Boston and Brookline with my business partner Joseph Morrissey.  I am a Realtor with Unlimited Sotheby's  and do sales/rentals in the greater Boston market.  I also manage a sculpture school/studio with my husband, sculptor Morris Norvin.  Stonybrook Fine Arts, is located in the Boston neighborhood Jamaica Plain across the street from the famous Sam Adams Brewery.  We offer a variety of one day workshops on our calendar including welding, jewelry and metal casting.   Longer classes are available and meet one time each week including the options above as well as mold making, live figure modeling and foundry.  Custom workshops are available for small groups, birthday parties, bachelorette parties, make your own wedding bands, create an engagement ring and team building.  We are happy to arrange a tour of Sam Adams after a daytime workshop not occurring on Sunday.  Contact us for more details to set up your custom event!

",within a day,70%,38%,t,https://a0.muscache.com/im/pictures/user/d7d71322-db4f-45f8-92f7-ec27a50d5773.jpg?aki_policy=profile_small,https://a0.muscache.com/im/pictures/user/d7d71322-db4f-45f8-92f7-ec27a50d5773.jpg?aki_policy=profile_x_medium,Beacon Hill,12,32,"['email', 'phone']",t,t,Neighborhood highlights,Downtown,,42.35689,-71.06206,Entire condo,Entire home/apt,3,1.0,1 bath,1.0,2.0,"[""Essentials"", ""Washer"", ""Air conditioning"", ""Smoke alarm"", ""Dishes and silverware"", ""Paid parking off premises"", ""Elevator"", ""Long term stays allowed"", ""Carbon monoxide alarm"", ""Microwave"", ""TV with standard cable"", ""Hair dryer"", ""Refrigerator"", ""Fire extinguisher"", ""Dryer"", ""Kitchen"", ""Hot water"", ""Heating"", ""Iron"", ""Wifi"", ""Hangers"", ""Coffee maker""]",$135.00,91,260,91,91,260,260,91.0,260.0,,t,0,0,0,261,2025-06-19,49,0,0,92,1,0,0.0,2012-11-16,2024-05-31,4.84,4.85,4.71,4.9,4.94,4.98,4.81,,f,8,8,0,0,0.32
17,163941,https://www.airbnb.com/rooms/163941,20250619031426,2025-06-19,city scrape,Fort Hill Inn  2 bed Duplex ApT!  Location!,"**Excellent Sunny** Fully equipped Private Duplex Apartment!   Walking distance to Museums, Northeastern U and Hospitals.  1.5 miles to the center of the attractions.  1-2 miles to Fenway Park.  Perfect Boston Home Base!  Accommodates up to 6 guests!","Peaceful, Architecturally interesting, historic, diverse, and quiet. Racially, culturally and economically diverse. We are located in a quiet residential neighborhood.",https://a0.muscache.com/pictures/hosting/Hosting-U3RheVN1cHBseUxpc3Rpbmc6MTYzOTQx/original/e4c3586c-9c1c-4230-9877-4180d183c741.jpeg,8229,https://www.airbnb.com/users/show/8229,Terry,2009-02-19,"Boston, MA","Relaxed,  Easy going, Accommodating. ",within an hour,100%,100%,t,https://a0.muscache.com/im/users/8229/profile_pic/1259099341/original.jpg?aki_policy=profile_small,https://a0.muscache.com/im/users/8229/profile_pic/1259099341/original.jpg?aki_policy=profile_x_medium,Roxbury,12,15,"['email', 'phone']",t,t,Neighborhood highlights,Roxbury,,42.32806,-71.09423,Entire condo,Entire home/apt,6,1.0,1 bath,2.0,3.0,"[""Essentials"", ""Private entrance"", ""Washer"", ""Patio or balcony"", ""Air conditioning"", ""Smoke alarm"", ""Dedicated workspace"", ""Dishes and silverware"", ""Self check-in"", ""Oven"", ""Long term stays allowed"", ""Carbon monoxide alarm"", ""Bed linens"", ""Microwave"", ""Shampoo"", ""TV with standard cable"", ""Hair dryer"", ""Luggage dropoff allowed"", ""Refrigerator"", ""Extra pillows and blankets"", ""Fire extinguisher"", ""Dryer"", ""Cooking basics"", ""Kitchen"", ""Keypad"", ""Hot water"", ""Heating"", ""Iron"", ""Wifi"", ""Hangers"", ""Exterior security cameras on property"", ""Stove"", ""Coffee maker"", ""Free street parking""]",$252.00,3,365,1,3,365,365,3.0,365.0,,t,3,14,19,101,2025-06-19,307,32,3,101,23,192,48384.0,2011-08-19,2025-06-09,4.71,4.84,4.82,4.9,4.9,4.47,4.67,STR-446659,f,11,11,0,0,1.82
31,530983,https://www.airbnb.com/rooms/530983,20250619031426,2025-06-19,previous scrape,14P | The Grand View | 5BR 2BA w/AC | House!,"Discover a delightful fusion of Victorian charm and modern luxuries in this grand five-bedroom home. Nestled in a serene neighborhood of Boston's Savin Hill, the property is perfect for families or groups seeking both relaxation and adventure. With easy access to Boston's vibrant heart through the nearby Red Line subway, you're set for both tranquil retreats and city explorations. Ready to create unforgettable memories?","Once its own city, Dorchester is now Boston’s largest and most diverse neighborhood, evident in the wide variety of global cuisines found on Dorchester Avenue. The district hosts UMass Boston and the John F. Kennedy Presidential Library, with artifacts from the president’s life and exhibits on the civil rights era. The Neponset River meanders past several parks, and nearby Franklin Park has woodland trails and a zoo.<br /><br /><br /><br />✔ Located in the picturesque Jones Hill neighborhood<br />✔ Walking distance to Savin Hill Red Line subway for easy city access<br />✔ Close to attractions like the Convention Center and JFK Library<br />✔ Short drive to downtown Boston's dining and entertainment<br />✔ Perfect for exploring historical sites and Boston's cultural scene<br /><br />Dorchester is also home to Franklin Park, the “crown jewel” of the Emerald Necklace Park System. The park has more 527 acres of green space, a zoo, and public golf course. Among the dozens of other parks in ",https://a0.muscache.com/pictures/hosting/Hosting-U3RheVN1cHBseUxpc3Rpbmc6NTMwOTgz/original/244c3b80-16a1-4c03-893d-c55c10241ee6.jpeg,71783,https://www.airbnb.com/users/show/71783,Lance,2010-01-19,"Boston, MA","Lance R. Swank, Principal

His units offer comfortable and luxurious appointments to compliment the style of the building, whether a newly constructed condo or a historic Brownstone. Visitors to Boston seeking a furnished apartment without the corporate, hotel-room-like feel of most furnished rentals will find themselves more at home in Lance’s spaces.

Lance is the President of LSBM Management, LLC and holds an MBA degree from of the F.W. Olin Graduate School of Business at Babson College. He lives and invests in the City of Boston.",within a few hours,87%,96%,f,https://a0.muscache.com/im/users/71783/profile_pic/1342801683/original.jpg?aki_policy=profile_small,https://a0.muscache.com/im/users/71783/profile_pic/1342801683/original.jpg?aki_policy=profile_x_medium,Dorchester,60,97,"['email', 'phone', 'work_email']",t,t,Neighborhood highlights,Dorchester,,42.31368,-71.0612,Entire home,Entire home/apt,9,,2 baths,5.0,,"[""Wine glasses"", ""Essentials"", ""Private entrance"", ""Washer"", ""Drying rack for clothing"", ""Baking sheet"", ""Air conditioning"", ""Smoke alarm"", ""Dedicated workspace"", ""Dishes and silverware"", ""Books and reading material"", ""Clothing storage"", ""Hot water kettle"", ""Self check-in"", ""Oven"", ""Room-darkening shades"", ""Long term stays allowed"", ""Coffee maker"", ""Carbon monoxide alarm"", ""Cleaning products"", ""Bed linens"", ""Microwave"", ""Housekeeping - available at extra cost"", ""Shampoo"", ""TV with standard cable"", ""Hair dryer"", ""Luggage dropoff allowed"", ""Pack \u2019n play/Travel crib"", ""Body soap"", ""Freezer"", ""Refrigerator"", ""Pets allowed"", ""Extra pillows and blankets"", ""Lockbox"", ""Fire extinguisher"", ""Dishwasher"", ""Laundromat nearby"", ""Dryer"", ""Cooking basics"", ""Indoor fireplace"", ""Kitchen"", ""Hot water"", ""Heating"", ""Iron"", ""Wifi"", ""Toaster"", ""Hangers"", ""Stove"", ""Portable fans"", ""Bathtub"", ""Blender"", ""Paid parking lot on premises \u2013 2 spaces"", ""Free street parking""]",,30,365,30,30,1125,1125,30.0,1125.0,,t,0,0,0,0,2025-06-19,65,0,0,0,0,0,,2012-11-11,2019-10-29,4.4,4.67,4.4,4.8,4.59,4.54,4.59,,f,58,18,40,0,0.42
32,533152,https://www.airbnb.com/rooms/533152,20250619031426,2025-06-19,city scrape,230B4 | The Penthouse Redline | 2BR 1B w/AC | Pvt,"Discover unmatched comfort and style at The Penthouse, a charming 2BR 1B  retreat nestled near Boston’s historic South End. Here, turn-of-the-century architecture meets modern amenities such as a washer and dryer, offering an ideal haven for both relaxation and exploration. Imagine yourself unwinding in a centrally climate controlled space designed with elegance and convenience in mind, just steps away from vibrant city life. Book your stay and start crafting unforgettable Boston memories today!","Dorchester is also home to Franklin Park, the “crown jewel” of the Emerald Necklace Park System. The park has more 527 acres of green space, a zoo, and public golf course. Among the dozens of other parks in the neighborhood, recently renovated Pope John Paul II Park offers numerous walking and bike paths, athletic fields, and picnic areas with beautiful views of Boston Harbor and the Neponset River.",https://a0.muscache.com/pictures/prohost-api/Hosting-533152/original/ab99b10d-08ff-4866-a960-5caf8c2f13c9.jpeg,71783,https://www.airbnb.com/users/show/71783,Lance,2010-01-19,"Boston, MA","Lance R. Swank, Principal

His units offer comfortable and luxurious appointments to compliment the style of the building, whether a newly constructed condo or a historic Brownstone. Visitors to Boston seeking a furnished apartment without the corporate, hotel-room-like feel of most furnished rentals will find themselves more at home in Lance’s spaces.

Lance is the President of LSBM Management, LLC and holds an MBA degree from of the F.W. Olin Graduate School of Business at Babson College. He lives and invests in the City of Boston.",within a few hours,87%,96%,f,https://a0.muscache.com/im/users/71783/profile_pic/1342801683/original.jpg?aki_policy=profile_small,https://a0.muscache.com/im/users/71783/profile_pic/1342801683/original.jpg?aki_policy=profile_x_medium,Dorchester,60,97,"['email', 'phone', 'work_email']",t,t,Neighborhood highlights,Dorchester,,42.32212,-71.06096,Entire rental unit,Entire home/apt,5,1.0,1 bath,2.0,2.0,"[""Wine glasses"", ""Essentials"", ""Private entrance"", ""Washer"", ""Paid parking garage off premises"", ""Drying rack for clothing"", ""Baking sheet"", ""Air conditioning"", ""Smoke alarm"", ""Dedicated workspace"", ""Dishes and silverware"", ""Books and reading material"", ""Clothing storage"", ""Hot water kettle"", ""Self check-in"", ""Dining table"", ""Oven"", ""Long term stays allowed"", ""Carbon monoxide alarm"", ""Cleaning products"", ""Bed linens"", ""Microwave"", ""Housekeeping - available at extra cost"", ""Shampoo"", ""TV with standard cable"", ""Hair dryer"", ""Luggage dropoff allowed"", ""Body soap"", ""Freezer"", ""Refrigerator"", ""Pets allowed"", ""Extra pillows and blankets"", ""Private patio or balcony"", ""Outdoor furniture"", ""Fire extinguisher"", ""Baby safety gates"", ""Dishwasher"", ""Laundromat nearby"", ""Dryer"", ""Cooking basics"", ""Kitchen"", ""Bread maker"", ""Hot water"", ""Smart lock"", ""Rice maker"", ""Heating"", ""Iron"", ""Wifi"", ""Toaster"", ""Hangers"", ""Single level home"", ""Stove"", ""Portable fans"", ""Coffee maker"", ""Blender"", ""Free street parking""]",$113.00,30,365,30,30,1125,1125,30.0,1125.0,,t,0,4,4,265,2025-06-19,64,2,0,96,1,120,13560.0,2014-04-14,2025-05-17,4.66,4.84,4.78,4.48,4.5,4.45,4.73,,f,58,18,40,0,0.47
33,579605,https://www.airbnb.com/rooms/579605,20250619031426,2025-06-19,city scrape,230B3  | The Mayhew Redline | 3BR 1B w/AC | Pvt,"Discover unmatched comfort and style at The Mayhew, a charming 3BR 1B  retreat nestled near Boston’s historic South End. Here, turn-of-the-century architecture meets modern amenities such as a washer and dryer, offering an ideal haven for both relaxation and exploration. Imagine yourself unwinding in a centrally climate controlled space designed with elegance and convenience in mind, just steps away from vibrant city life. Book your stay and start crafting unforgettable Boston memories today!","Once its own city, Dorchester is now Boston’s largest and most diverse neighborhood, evident in the wide variety of global cuisines found on Dorchester Avenue. The district hosts UMass Boston and the John F. Kennedy Presidential Library, with artifacts from the president’s life and exhibits on the civil rights era. The Neponset River meanders past several parks, and nearby Franklin Park has woodland trails and a zoo. <br /> <br />Dorchester is also home to Franklin Park, the “crown jewel” of the Emerald Necklace Park System. The park has more 527 acres of green space, a zoo, and public golf course. Among the dozens of other parks in the neighborhood, recently renovated Pope John Paul II Park offers numerous walking and bike paths, athletic fields, and picnic areas with beautiful views of Boston Harbor and the Neponset River.",https://a0.muscache.com/pictures/prohost-api/Hosting-579605/original/00df2b84-d0bb-4cb4-973f-18a61aaeccaa.jpeg,71783,https://www.airbnb.com/users/show/71783,Lance,2010-01-19,"Boston, MA","Lance R. Swank, Principal

His units offer comfortable and luxurious appointments to compliment the style of the building, whether a newly constructed condo or a historic Brownstone. Visitors to Boston seeking a furnished apartment without the corporate, hotel-room-like feel of most furnished rentals will find themselves more at home in Lance’s spaces.

Lance is the President of LSBM Management, LLC and holds an MBA degree from of the F.W. Olin Graduate School of Business at Babson College. He lives and invests in the City of Boston.",within a few hours,87%,96%,f,https://a0.muscache.com/im/users/71783/profile_pic/1342801683/original.jpg?aki_policy=profile_small,https://a0.muscache.com/im/users/71783/profile_pic/1342801683/original.jpg?aki_policy=profile_x_medium,Dorchester,60,97,"['email', 'phone', 'work_email']",t,t,Neighborhood highlights,Dorchester,,42.32212,-71.06095,Entire rental unit,Entire home/apt,6,1.0,1 bath,3.0,2.0,"[""Wine glasses"", ""Essentials"", ""Private entrance"", ""Washer"", ""Paid parking garage off premises"", ""Drying rack for clothing"", ""Baking sheet"", ""Air conditioning"", ""Smoke alarm"", ""Dedicated workspace"", ""Dishes and silverware"", ""Books and reading material"", ""Clothing storage"", ""Hot water kettle"", ""High chair"", ""Self check-in"", ""Dining table"", ""Oven"", ""Room-darkening shades"", ""Long term stays allowed"", ""Coffee maker"", ""Carbon monoxide alarm"", ""Bed linens"", ""Microwave"", ""Housekeeping - available at extra cost"", ""Shampoo"", ""TV with standard cable"", ""Hair dryer"", ""Luggage dropoff allowed"", ""Freezer"", ""Refrigerator"", ""Pets allowed"", ""Extra pillows and blankets"", ""Fire extinguisher"", ""Dishwasher"", ""Laundromat nearby"", ""Dryer"", ""Cooking basics"", ""Kitchen"", ""Bread maker"", ""Hot water"", ""Keypad"", ""Rice maker"", ""Heating"", ""Iron"", ""Wifi"", ""Toaster"", ""Hangers"", ""Single level home"", ""Stove"", ""Portable fans"", ""Bathtub"", ""Blender"", ""Free street parking""]",$153.00,30,365,30,30,1125,1125,30.0,1125.0,,t,0,0,0,252,2025-06-19,58,0,0,83,0,0,0.0,2012-08-26,2023-08-14,4.43,4.64,4.67,4.66,4.47,4.29,4.52,,f,58,18,40,0,0.37
35,601750,https://www.airbnb.com/rooms/601750,20250619031426,2025-06-19,city scrape,145R1 | The Redlands 1 | 2BR 1BA w/AC | Private,,,https://a0.muscache.com/pictures/hosting/Hosting-601750/original/a3fb0774-e7af-49a8-90aa-e2f7d6812bde.jpeg,71783,https://www.airbnb.com/users/show/71783,Lance,2010-01-19,"Boston, MA","Lance R. Swank, Principal

His units offer comfortable and luxurious appointments to compliment the style of the building, whether a newly constructed condo or a historic Brownstone. Visitors to Boston seeking a furnished apartment without the corporate, hotel-room-like feel of most furnished rentals will find themselves more at home in Lance’s spaces.

Lance is the President of LSBM Management, LLC and holds an MBA degree from of the F.W. Olin Graduate School of Business at Babson College. He lives and invests in the City of Boston.",within a few hours,87%,96%,f,https://a0.muscache.com/im/users/71783/profile_pic/1342801683/original.jpg?aki_policy=profile_small,https://a0.muscache.com/im/users/71783/profile_pic/1342801683/original.jpg?aki_policy=profile_x_medium,Dorchester,60,97,"['email', 'phone', 'work_email']",t,t,,West Roxbury,,42.29061,-71.15293,Entire rental unit,Entire home/apt,3,1.0,1 bath,2.0,1.0,"[""Wine glasses"", ""Essentials"", ""Private entrance"", ""Washer"", ""Drying rack for clothing"", ""Baking sheet"", ""Air conditioning"", ""Smoke alarm"", ""Shared patio or balcony"", ""Dedicated workspace"", ""Dishes and silverware"", ""Clothing storage"", ""Hot water kettle"", ""Self check-in"", ""Housekeeping available from 9:00\u202fAM to 5:00\u202fPM, Monday to Friday - available at extra cost"", ""Dining table"", ""Oven"", ""Long term stays allowed"", ""Indoor fireplace: wood-burning"", ""Carbon monoxide alarm"", ""Bed linens"", ""Ceiling fan"", ""Microwave"", ""Shampoo"", ""Hair dryer"", ""Body soap"", ""Freezer"", ""Refrigerator"", ""55 inch HDTV"", ""Pets allowed"", ""Extra pillows and blankets"", ""Lockbox"", ""Paid parking lot on premises \u2013 1 space"", ""Dishwasher"", ""Dryer"", ""Cooking basics"", ""Kitchen"", ""Hot water"", ""Rice maker"", ""Gas stove"", ""Iron"", ""Wifi"", ""Toaster"", ""Hangers"", ""Single level home"", ""Central heating"", ""Coffee maker: drip coffee maker"", ""Portable fans"", ""Bathtub"", ""Free parking on premises"", ""Free street parking""]",$192.00,30,180,30,30,180,180,30.0,180.0,,t,0,0,25,300,2025-06-19,0,0,0,131,0,0,0.0,,,,,,,,,,Exempt: This listing is a unit used for furnished institutional or business stays,f,58,18,40,0,
36,601763,https://www.airbnb.com/rooms/601763,20250619031426,2025-06-19,city scrape,25A2 | The Alameda 2 | 2BR 1BA w/AC & WD | Private,"Nestled in a charming Boston neighborhood, this inviting two+ bedroom apartment is brimming with natural light and warmth. It comfortably accommodates you and offers easy parking and access to both Brookline and Newton. With no street parking restrictions and a close walk to public transport, getting around is stress-free. Unwind in this cozy retreat and let this welcoming space be your home away from home.","✔ Set in a family-friendly neighborhood where community spirit thrives<br />✔ Just a short stroll to Starbucks, local grocery stores, and dining options<br />✔ Conveniently close to public transportation, reducing commute times into downtown Boston<br />✔ Nearby parks and walking trails offer outdoor relaxation and recreation<br />✔ A welcoming area for exploring with vibrant local culture and activities, compelling you to delve into the Boston experience",https://a0.muscache.com/pictures/prohost-api/Hosting-601763/original/b0ad7b82-393f-40eb-ab71-1f813f519475.jpeg,71783,https://www.airbnb.com/users/show/71783,Lance,2010-01-19,"Boston, MA","Lance R. Swank, Principal

His units offer comfortable and luxurious appointments to compliment the style of the building, whether a newly constructed condo or a historic Brownstone. Visitors to Boston seeking a furnished apartment without the corporate, hotel-room-like feel of most furnished rentals will find themselves more at home in Lance’s spaces.

Lance is the President of LSBM Management, LLC and holds an MBA degree from of the F.W. Olin Graduate School of Business at Babson College. He lives and invests in the City of Boston.",within a few hours,87%,96%,f,https://a0.muscache.com/im/users/71783/profile_pic/1342801683/original.jpg?aki_policy=profile_small,https://a0.muscache.com/im/users/71783/profile_pic/1342801683/original.jpg?aki_policy=profile_x_medium,Dorchester,60,97,"['email', 'phone', 'work_email']",t,t,Neighborhood highlights,West Roxbury,,42.29192,-71.15407,Entire rental unit,Entire home/apt,5,1.0,1 bath,3.0,3.0,"[""Wine glasses"", ""Essentials"", ""Washer"", ""Air conditioning"", ""Smoke alarm"", ""Children\u2019s dinnerware"", ""Dedicated workspace"", ""Dishes and silverware"", ""Clothing storage"", ""Hot water kettle"", ""Self check-in"", ""Dining table"", ""Oven"", ""Coffee maker"", ""Carbon monoxide alarm"", ""Cleaning products"", ""Bed linens"", ""Microwave"", ""TV with standard cable"", ""Hair dryer"", ""Freezer"", ""Refrigerator"", ""Pets allowed"", ""Extra pillows and blankets"", ""Lockbox"", ""Fire extinguisher"", ""Dishwasher"", ""Dryer"", ""Cooking basics"", ""Kitchen"", ""Hot water"", ""Heating"", ""Iron"", ""Wifi"", ""Toaster"", ""Hangers"", ""Stove"", ""Bathtub"", ""Free parking on premises"", ""Free street parking""]",$150.00,30,180,30,30,1125,1125,30.0,1125.0,,t,0,0,0,219,2025-06-19,43,0,0,92,0,0,0.0,2017-04-05,2022-12-31,4.56,4.63,4.67,4.6,4.42,4.58,4.44,,t,58,18,40,0,0.43
44,801680,https://www.airbnb.com/rooms/801680,20250619031426,2025-06-19,city scrape,Fort Hill Inn -Cool Space-BOSTON'S BEST-1 bedroom,Excellent Sunny Private Apartment in a Historic Victorian Row House.  Minutes to the city center and attractions.,"Architecturally interesting, historic, diverse, and quiet residential neighborhood. Culturally, ethnically, and economically diverse.<br /><br />Restaurants,  Full service market,  beer Wine Store are all within a 15-20 minute walk from the apartment",https://a0.muscache.com/pictures/7189f561-e17b-4db3-8eda-00a00cc51054.jpg,8229,https://www.airbnb.com/users/show/8229,Terry,2009-02-19,"Boston, MA","Relaxed,  Easy going, Accommodating. ",within an hour,100%,100%,t,https://a0.muscache.com/im/users/8229/profile_pic/1259099341/original.jpg?aki_policy=profile_small,https://a0.muscache.com/im/users/8229/profile_pic/1259099341/original.jpg?aki_policy=profile_x_medium,Roxbury,12,15,"['email', 'phone']",t,t,Neighborhood highlights,Roxbury,,42.32795,-71.09412,Entire condo,Entire home/apt,4,1.0,1 bath,0.0,1.0,"[""Essentials"", ""Washer"", ""Air conditioning"", ""Smoke alarm"", ""Dedicated workspace"", ""Dishes and silverware"", ""Self check-in"", ""Oven"", ""Long term stays allowed"", ""Coffee maker"", ""Carbon monoxide alarm"", ""Microwave"", ""Shampoo"", ""Luggage dropoff allowed"", ""Hair dryer"", ""Refrigerator"", ""Fire extinguisher"", ""TV"", ""Dishwasher"", ""Dryer"", ""Cooking basics"", ""Kitchen"", ""Keypad"", ""Hot water"", ""Heating"", ""Iron"", ""Wifi"", ""Hangers"", ""Stove"", ""Bathtub"", ""Free street parking""]",$162.00,3,90,1,3,90,90,3.0,90.0,,t,1,9,14,89,2025-06-19,74,4,0,89,7,24,3888.0,2012-12-04,2024-10-22,4.85,4.91,4.89,4.86,4.8,4.48,4.78,STR-446651,f,11,11,0,0,0.48
57,1092093,https://www.airbnb.com/rooms/1092093,20250619031426,2025-06-19,city scrape,Duplex Penthouse in Longwood Area,"Traditional Brownstone on a tree lined street located minutes from the Longwood Medical Area. Top floor 1 bedroom duplex penthouse with skylights in a 3rd floor walk-up with refinished wood floors, 2 full baths, in-unit laundry,  eat-in-kitchen with granite counters and a deck off of the bedroom. The bedroom overlooks the living room with a railing and there is a sleeper couch.","Great location! Walk to the Longwood Medical Area, the Green and Orange lines, restaurants, banking, groceries and a drug store. Easy commute to downtown.",https://a0.muscache.com/pictures/4491208d-b26d-41d7-85d3-b79cb952c9ef.jpg,26988,https://www.airbnb.com/users/show/26988,Anne,2009-07-22,"Boston, MA","I manage a number of furnished units around Boston and Brookline with my business partner Joseph Morrissey.  I am a Realtor with Unlimited Sotheby's  and do sales/rentals in the greater Boston market.  I also manage a sculpture school/studio with my husband, sculptor Morris Norvin.  Stonybrook Fine Arts, is located in the Boston neighborhood Jamaica Plain across the street from the famous Sam Adams Brewery.  We offer a variety of one day workshops on our calendar including welding, jewelry and metal casting.   Longer classes are available and meet one time each week including the options above as well as mold making, live figure modeling and foundry.  Custom workshops are available for small groups, birthday parties, bachelorette parties, make your own wedding bands, create an engagement ring and team building.  We are happy to arrange a tour of Sam Adams after a daytime workshop not occurring on Sunday.  Contact us for more details to set up your custom event!

",within a day,70%,38%,t,https://a0.muscache.com/im/pictures/user/d7d71322-db4f-45f8-92f7-ec27a50d5773.jpg?aki_policy=profile_small,https://a0.muscache.com/im/pictures/user/d7d71322-db4f-45f8-92f7-ec27a50d5773.jpg?aki_policy=profile_x_medium,Beacon Hill,12,32,"['email', 'phone']",t,t,Neighborhood highlights,Mission Hill,,42.33395767211914,-71.10222625732422,Entire rental unit,Entire home/apt,2,2.0,2 baths,1.0,1.0,"[""Essentials"", ""Patio or balcony"", ""Clothing storage: closet and dresser"", ""Smoke alarm"", ""Dishes and silverware"", ""Paid parking off premises"", ""Self check-in"", ""Free dryer \u2013 In unit"", ""Long term stays allowed"", ""Coffee maker"", ""Carbon monoxide alarm"", ""Cleaning products"", ""Bed linens"", ""Microwave"", ""TV with standard cable"", ""Hair dryer"", ""Luggage dropoff allowed"", ""Free washer \u2013 In unit"", ""Refrigerator"", ""Extra pillows and blankets"", ""Lockbox"", ""Window AC unit"", ""Fire extinguisher"", ""Cooking basics"", ""Kitchen"", ""Hot water"", ""Heating"", ""Iron"", ""Wifi"", ""Hangers"", ""Bathtub""]",$135.00,91,260,91,91,260,260,91.0,260.0,,t,8,8,8,174,2025-06-19,31,0,0,8,0,0,0.0,2013-05-30,2023-04-30,4.68,4.87,4.6,4.9,4.76,4.83,4.72,,f,8,8,0,0,0.21
115,3539510,https://www.airbnb.com/rooms/3539510,20250619031426,2025-06-19,city scrape,230B2 | The Roseclair Redline | 3BR 1B w/AC | Pvt,"Discover unmatched comfort and style at The Roseclair, a charming 3BR 1B  retreat nestled near Boston’s historic South End. Here, turn-of-the-century architecture meets modern amenities such as a washer and dryer, offering an ideal haven for both relaxation and exploration. Imagine yourself unwinding in a centrally climate controlled space designed with elegance and convenience in mind, just steps away from vibrant city life. Book your stay and start crafting unforgettable Boston memories today!","Once its own city, Dorchester is now Boston’s largest and most diverse neighborhood, evident in the wide variety of global cuisines found on Dorchester Avenue. The district hosts UMass Boston and the John F. Kennedy Presidential Library, with artifacts from the president’s life and exhibits on the civil rights era. The Neponset River meanders past several parks, and nearby Franklin Park has woodland trails and a zoo.",https://a0.muscache.com/pictures/prohost-api/Hosting-3539510/original/64ecec29-25a6-40e9-bce6-71de80f102b8.jpeg,71783,https://www.airbnb.com/users/show/71783,Lance,2010-01-19,"Boston, MA","Lance R. Swank, Principal

His units offer comfortable and luxurious appointments to compliment the style of the building, whether a newly constructed condo or a historic Brownstone. Visitors to Boston seeking a furnished apartment without the corporate, hotel-room-like feel of most furnished rentals will find themselves more at home in Lance’s spaces.

Lance is the President of LSBM Management, LLC and holds an MBA degree from of the F.W. Olin Graduate School of Business at Babson College. He lives and invests in the City of Boston.",within a few hours,87%,96%,f,https://a0.muscache.com/im/users/71783/profile_pic/1342801683/original.jpg?aki_policy=profile_small,https://a0.muscache.com/im/users/71783/profile_pic/1342801683/original.jpg?aki_policy=profile_x_medium,Dorchester,60,97,"['email', 'phone', 'work_email']",t,t,Neighborhood highlights,Dorchester,,42.32213,-71.06094,Entire rental unit,Entire home/apt,6,1.0,1 bath,3.0,3.0,"[""Wine glasses"", ""Essentials"", ""Private entrance"", ""Washer"", ""Paid parking garage off premises"", ""Drying rack for clothing"", ""Baking sheet"", ""Air conditioning"", ""Smoke alarm"", ""Dedicated workspace"", ""Dishes and silverware"", ""Books and reading material"", ""Clothing storage"", ""Hot water kettle"", ""Self check-in"", ""Dining table"", ""Oven"", ""Room-darkening shades"", ""Long term stays allowed"", ""Coffee maker"", ""Carbon monoxide alarm"", ""Cleaning products"", ""Bed linens"", ""Microwave"", ""Housekeeping - available at extra cost"", ""Shampoo"", ""TV with standard cable"", ""Hair dryer"", ""Luggage dropoff allowed"", ""Body soap"", ""Freezer"", ""Refrigerator"", ""Pets allowed"", ""Extra pillows and blankets"", ""Fire extinguisher"", ""Dishwasher"", ""Laundromat nearby"", ""Dryer"", ""Cooking basics"", ""Kitchen"", ""Bread maker"", ""Hot water"", ""Keypad"", ""Rice maker"", ""Heating"", ""Iron"", ""Wifi"", ""Toaster"", ""Hangers"", ""Single level home"", ""Exterior security cameras on property"", ""Stove"", ""Portable fans"", ""Bathtub"", ""Blender"", ""Free street parking""]",$158.00,30,365,30,30,1125,1125,30.0,1125.0,,t,0,0,0,46,2025-06-19,31,0,0,46,0,0,0.0,2014-10-17,2019-06-13,4.39,4.87,4.67,4.42,4.61,4.32,4.61,,f,58,18,40,0,0.24
149,4560053,https://www.airbnb.com/rooms/4560053,20250619031426,2025-06-19,city scrape,Fort Hill Inn Historic Beauty! Minutes to Center!,"**Excellent Sunny** Fully equipped Private Duplex Apartment!  Less than 1 mile to Museums, Northeastern U and Hospitals. 2 miles to Copley sq center of the attractions. 1-2 miles to Fenway Park. Perfect Boston Home Base! Accommodates up to 8!","Eclectic, Architecturally interesting, historic, diverse, and quiet neighborhood. Racially, ethnically, and economically diverse.",https://a0.muscache.com/pictures/6c7f43eb-57b1-4c57-ad3e-5b1df95eda90.jpg,8229,https://www.airbnb.com/users/show/8229,Terry,2009-02-19,"Boston, MA","Relaxed,  Easy going, Accommodating. ",within an hour,100%,100%,t,https://a0.muscache.com/im/users/8229/profile_pic/1259099341/original.jpg?aki_policy=profile_small,https://a0.muscache.com/im/users/8229/profile_pic/1259099341/original.jpg?aki_policy=profile_x_medium,Roxbury,12,15,"['email', 'phone']",t,t,Neighborhood highlights,Roxbury,,42.32397,-71.09085,Entire rental unit,Entire home/apt,8,1.5,1.5 baths,3.0,4.0,"[""Essentials"", ""Washer"", ""Air conditioning"", ""Smoke alarm"", ""Dishes and silverware"", ""Self check-in"", ""Oven"", ""Long term stays allowed"", ""Carbon monoxide alarm"", ""Microwave"", ""Shampoo"", ""TV with standard cable"", ""Hair dryer"", ""Pack \u2019n play/Travel crib"", ""Refrigerator"", ""Fire extinguisher"", ""Dryer"", ""Cooking basics"", ""Kitchen"", ""Keypad"", ""Hot water"", ""Backyard"", ""Heating"", ""Iron"", ""Wifi"", ""First aid kit"", ""Hangers"", ""Coffee maker"", ""Free street parking""]",$282.00,3,90,2,3,90,90,3.0,90.0,,t,10,17,42,131,2025-06-19,119,10,1,131,10,60,16920.0,2014-12-29,2025-05-31,4.75,4.87,4.82,4.89,4.83,4.36,4.76,STR-446652,t,11,11,0,0,0.93
180,5526487,https://www.airbnb.com/rooms/5526487,20250619031426,2025-06-19,city scrape,*Fort Hill Inn: Penthouse Duplex* Close to Center,"Uber Cool,  Sunny,  Open, 3 Bedroom 2 full bath Duplex Apartment!  Accommodates up to 6.  Located just 1.5 miles from the city center,  in a historic brick rowhouse, on a private way,  in the desirable Fort Hill neighborhood.","Peaceful, Architecturally interesting, historic, diverse, and quiet. Racially, culturally, ethnic, and economically diverse.",https://a0.muscache.com/pictures/hosting/Hosting-U3RheVN1cHBseUxpc3Rpbmc6NTUyNjQ4Nw==/original/651683eb-a111-403c-bdcc-777c0c4b2e8c.jpeg,28662210,https://www.airbnb.com/users/show/28662210,Terry,2015-03-03,"Boston, MA",,within an hour,100%,100%,t,https://a0.muscache.com/im/users/28662210/profile_pic/1425367932/original.jpg?aki_policy=profile_small,https://a0.muscache.com/im/users/28662210/profile_pic/1425367932/original.jpg?aki_policy=profile_x_medium,Mission Hill,5,5,"['email', 'phone']",t,t,Neighborhood highlights,Mission Hill,,42.33211,-71.09842,Entire rental unit,Entire home/apt,6,2.0,2 baths,3.0,3.0,"[""Essentials"", ""Washer"", ""Air conditioning"", ""Smoke alarm"", ""Dishes and silverware"", ""Self check-in"", ""Oven"", ""Carbon monoxide alarm"", ""Microwave"", ""Shampoo"", ""Hair dryer"", ""Refrigerator"", ""TV"", ""Dishwasher"", ""Dryer"", ""Cooking basics"", ""Kitchen"", ""Keypad"", ""Hot water"", ""Heating"", ""Iron"", ""Wifi"", ""Hangers"", ""Stove"", ""Coffee maker"", ""Free street parking""]",$275.00,3,29,1,3,1125,1125,3.0,1125.0,,t,1,6,15,87,2025-06-19,229,41,0,87,41,246,67650.0,2015-06-08,2025-05-12,4.89,4.89,4.93,4.95,4.94,4.57,4.82,STR-446658,f,5,5,0,0,1.87
181,5526514,https://www.airbnb.com/rooms/5526514,20250619031426,2025-06-19,city scrape,"Fresh! City Loft Apartment,  Minutes to Center!","* WELCOME!  *Super Cool, FULL, PRIVATE, Loft like Studio/Suite in the Quiet Residential Fort hill Neighborhood.   Situated in a Historic Victorian Brick Row House. Circa 1860.   Walk to Museums, Universities,    City center 1.5 miles away,  5 minute subway ride.","Peaceful, Architecturally interesting, historic, diverse, and quiet. Racially, culturally, ethnic, and economically diverse.",https://a0.muscache.com/pictures/39ec494a-988f-4b1a-abfb-9d9961fa78e3.jpg,28662210,https://www.airbnb.com/users/show/28662210,Terry,2015-03-03,"Boston, MA",,within an hour,100%,100%,t,https://a0.muscache.com/im/users/28662210/profile_pic/1425367932/original.jpg?aki_policy=profile_small,https://a0.muscache.com/im/users/28662210/profile_pic/1425367932/original.jpg?aki_policy=profile_x_medium,Mission Hill,5,5,"['email', 'phone']",t,t,Neighborhood highlights,Roxbury,,42.3285,-71.09608,Entire rental unit,Entire home/apt,4,1.0,1 bath,0.0,2.0,"[""Essentials"", ""Washer"", ""Air conditioning"", ""Smoke alarm"", ""Dishes and silverware"", ""Self check-in"", ""Oven"", ""Long term stays allowed"", ""Coffee maker"", ""Carbon monoxide alarm"", ""Microwave"", ""Shampoo"", ""Luggage dropoff allowed"", ""Hair dryer"", ""Fireplace guards"", ""Refrigerator"", ""Fire extinguisher"", ""TV"", ""Dishwasher"", ""Dryer"", ""Cooking basics"", ""Indoor fireplace"", ""Kitchen"", ""Hot water"", ""Keypad"", ""Iron"", ""Wifi"", ""Hangers"", ""Central heating"", ""Stove"", ""Bathtub"", ""Free street parking""]",$162.00,3,60,1,3,1125,1125,3.0,1125.0,,t,2,8,12,81,2025-06-19,132,3,0,81,3,18,2916.0,2015-03-08,2025-05-08,4.8,4.82,4.83,4.88,4.8,4.53,4.79,STR-446656,f,5,5,0,0,1.05
201,6080461,https://www.airbnb.com/rooms/6080461,20250619031426,2025-06-19,city scrape,Fort Hill Inn- Cozy Studio ApT 1.5 miles to Center,"* WELCOME! * Cozy 2 room  Studio/Suite Located In The Quiet Residential Fort hill Neighborhood,  nestled on a private way in a Historic Victorian Brick Row House, Circa 1860. Easy access to City Attractions!","Peaceful, Architecturally interesting, historic, diverse, and quiet. Racially, culturally, ethnic, and economically diverse.",https://a0.muscache.com/pictures/hosting/Hosting-U3RheVN1cHBseUxpc3Rpbmc6NjA4MDQ2MQ==/original/c349a088-8325-4362-aaea-b64cca16ad7d.jpeg,28662210,https://www.airbnb.com/users/show/28662210,Terry,2015-03-03,"Boston, MA",,within an hour,100%,100%,t,https://a0.muscache.com/im/users/28662210/profile_pic/1425367932/original.jpg?aki_policy=profile_small,https://a0.muscache.com/im/users/28662210/profile_pic/1425367932/original.jpg?aki_policy=profile_x_medium,Mission Hill,5,5,"['email', 'phone']",t,t,Neighborhood highlights,Roxbury,,42.32966,-71.09597,Entire rental unit,Entire home/apt,4,1.0,1 bath,0.0,2.0,"[""Essentials"", ""Washer"", ""Air conditioning"", ""Smoke alarm"", ""Dishes and silverware"", ""Self check-in"", ""Oven"", ""Long term stays allowed"", ""Carbon monoxide alarm"", ""Microwave"", ""Shampoo"", ""Luggage dropoff allowed"", ""Hair dryer"", ""Refrigerator"", ""TV"", ""Dishwasher"", ""Dryer"", ""Cooking basics"", ""Kitchen"", ""Keypad"", ""Hot water"", ""Backyard"", ""Heating"", ""Iron"", ""Wifi"", ""Hangers"", ""Stove"", ""Coffee maker"", ""Free street parking""]",$152.00,3,90,2,3,1125,1125,3.0,1125.0,,t,3,5,13,89,2025-06-19,150,18,1,89,20,108,16416.0,2015-04-27,2025-05-22,4.7,4.81,4.89,4.91,4.8,4.58,4.6,STR-446654,f,5,5,0,0,1.21
296,8042434,https://www.airbnb.com/rooms/8042434,20250619031426,2025-06-19,city scrape,Live beside the State House!,"7th floor 1 bed in a concierge building beside the State House. This unit features parquet wood floors, great closet space, high ceilings and a large tile shower.  There is a common roofdeck with panoramic views of downtown and the Boston Common.","Fantastic location!  Close to transportation, shopping, restaurants, museums and banking.  The Boston Common park is across the street.",https://a0.muscache.com/pictures/miso/Hosting-8042434/original/f77e1d1e-8daf-4af9-9242-78bdc4aa3888.jpeg,26988,https://www.airbnb.com/users/show/26988,Anne,2009-07-22,"Boston, MA","I manage a number of furnished units around Boston and Brookline with my business partner Joseph Morrissey.  I am a Realtor with Unlimited Sotheby's  and do sales/rentals in the greater Boston market.  I also manage a sculpture school/studio with my husband, sculptor Morris Norvin.  Stonybrook Fine Arts, is located in the Boston neighborhood Jamaica Plain across the street from the famous Sam Adams Brewery.  We offer a variety of one day workshops on our calendar including welding, jewelry and metal casting.   Longer classes are available and meet one time each week including the options above as well as mold making, live figure modeling and foundry.  Custom workshops are available for small groups, birthday parties, bachelorette parties, make your own wedding bands, create an engagement ring and team building.  We are happy to arrange a tour of Sam Adams after a daytime workshop not occurring on Sunday.  Contact us for more details to set up your custom event!

",within a day,70%,38%,t,https://a0.muscache.com/im/pictures/user/d7d71322-db4f-45f8-92f7-ec27a50d5773.jpg?aki_policy=profile_small,https://a0.muscache.com/im/pictures/user/d7d71322-db4f-45f8-92f7-ec27a50d5773.jpg?aki_policy=profile_x_medium,Beacon Hill,12,32,"['email', 'phone']",t,t,Neighborhood highlights,Downtown,,42.35771,-71.0616,Entire condo,Entire home/apt,2,1.0,1 bath,1.0,1.0,"[""Kitchen"", ""Washer"", ""Refrigerator"", ""Heating"", ""Air conditioning"", ""Smoke alarm"", ""Wifi"", ""Dishes and silverware"", ""TV"", ""Carbon monoxide alarm"", ""Elevator"", ""Dryer""]",$115.00,91,365,91,91,365,365,91.0,365.0,,t,0,0,0,138,2025-06-19,2,1,0,0,1,182,20930.0,2023-12-15,2024-09-01,5.0,5.0,5.0,5.0,5.0,5.0,5.0,,f,8,8,0,0,0.11
425,13173203,https://www.airbnb.com/rooms/13173203,20250619031426,2025-06-19,city scrape,"Walk to MGH-Subway, stay in Boston's Little Italy","Fabulous One bedroom in the North End....Boston's Little Italy. Live in Boston's touristy North End area boasting over 100 restaurants, cafes and shops. Easy walk to the subway, Faneuil Hall Marketplace, Boston Harbor, the Waterfront area and Downtown. <br />Apartment was renovated with granite, stainless steel appliances, breakfast counter, free laundry in building, double pullout couch for visiting guests. You’ll love my place because of It is in the heart of the city's historical district.","Wandering around Boston’s North End can feel like being transported to Europe. Stroll down Hanover and Salem streets for the finest Italian restaurants, bakeries, cafes, and a few boutique shops. Take part in the big debate as to whether Modern Pastry or Mike’s serves a better cannoli. Before your food coma sets in, make sure to stop by historic Paul Revere’s home, and follow the Freedom Trail to Old North Church and Copp’s Hill Burying Ground. Take a rest in a cafe on Hanover street and observe the quirky, European character of the North End.",https://a0.muscache.com/pictures/e125882f-f1bf-4c7e-8921-382f9431ac93.jpg,38997,https://www.airbnb.com/users/show/38997,Michelle,2009-09-16,,,within a few hours,93%,53%,t,https://a0.muscache.com/im/pictures/user/134447ef-915a-418a-8370-afe9642591f8.jpg?aki_policy=profile_small,https://a0.muscache.com/im/pictures/user/134447ef-915a-418a-8370-afe9642591f8.jpg?aki_policy=profile_x_medium,Back Bay,21,29,"['email', 'phone']",t,t,Neighborhood highlights,North End,,42.3665,-71.05428,Entire rental unit,Entire home/apt,4,1.0,1 bath,1.0,1.0,"[""Essentials"", ""Washer"", ""Air conditioning"", ""Smoke alarm"", ""Dishes and silverware"", ""Self check-in"", ""Oven"", ""Carbon monoxide alarm"", ""Bed linens"", ""Microwave"", ""TV with standard cable"", ""Hair dryer"", ""Refrigerator"", ""Extra pillows and blankets"", ""Lockbox"", ""Fire extinguisher"", ""Dishwasher"", ""Dryer"", ""Cooking basics"", ""Kitchen"", ""Hot water"", ""Heating"", ""Iron"", ""Wifi"", ""Hangers"", ""Stove"", ""Coffee maker""]",$130.00,32,1125,32,32,1125,1125,32.0,1125.0,,t,0,18,48,323,2025-06-19,40,0,0,154,0,0,0.0,2016-05-29,2023-05-18,4.1,4.53,4.35,4.32,4.66,4.95,4.26,,f,12,12,0,0,0.36
426,13173362,https://www.airbnb.com/rooms/13173362,20250619031426,2025-06-19,city scrape,Bostons Best Rentals -Back Bay on Commonwealth Ave,"Bostons Best Rentals offers this Stunning Back Bay furnished 1 Bedroom. Classic brownstone on tree lined Commonwealth Ave.  Elevator Bldg, Queen Bedroom, full bath, includes utilities, A/C, Wi-Fi, TV bedding, towels, utensils, pots/pans, counter work space.  Granite counter tops new kitchen cabinets, laundry in basement.  Walk to Berkley, Northeastern or MIT<br /> <br />Just steps to Newbury St, Prudential Center, Fenway Park, ""T"" Station & hundreds of restaurants, cafes and shops.",,https://a0.muscache.com/pictures/43265b68-556b-4e58-83c2-bca550e72fb6.jpg,38997,https://www.airbnb.com/users/show/38997,Michelle,2009-09-16,,,within a few hours,93%,53%,t,https://a0.muscache.com/im/pictures/user/134447ef-915a-418a-8370-afe9642591f8.jpg?aki_policy=profile_small,https://a0.muscache.com/im/pictures/user/134447ef-915a-418a-8370-afe9642591f8.jpg?aki_policy=profile_x_medium,Back Bay,21,29,"['email', 'phone']",t,t,,Back Bay,,42.34777,-71.08493,Entire condo,Entire home/apt,2,1.0,1 bath,1.0,1.0,"[""Wine glasses"", ""Essentials"", ""Washer"", ""Baking sheet"", ""Clothing storage: closet"", ""Smoke alarm"", ""Dishes and silverware"", ""GE stainless steel gas stove"", ""Elevator"", ""Self check-in"", ""Oven"", ""Long term stays allowed"", ""Coffee maker"", ""Carbon monoxide alarm"", ""Bed linens"", ""Microwave"", ""TV with standard cable"", ""Hair dryer"", ""Refrigerator"", ""Extra pillows and blankets"", ""Window AC unit"", ""Dishwasher"", ""Dryer"", ""Cooking basics"", ""Kitchen"", ""Keypad"", ""Hot water"", ""Heating"", ""Iron"", ""Wifi"", ""Toaster"", ""Hangers"", ""Bathtub""]",$191.00,32,1125,32,32,1125,1125,32.0,1125.0,,t,10,40,70,345,2025-06-19,5,2,0,176,1,128,24448.0,2020-03-18,2025-04-26,5.0,5.0,4.8,5.0,5.0,5.0,4.6,,f,12,12,0,0,0.08
427,13188501,https://www.airbnb.com/rooms/13188501,20250619031426,2025-06-19,city scrape,Cobblestone Way on Beacon Hill-walk to MGH Subway,"Chic furnished studio apartment is located on West Cedar Street in Beacon Hill.  Very close (3 min walk) to Mass General Hospital, Mass Eye & Ear, and Mass Transit station. One block to Charles Street with the numerous restaurants, cafes and shops.  Easy walk (1/2 mile) to Fanieul Hall Marketplace, City Hall or the North End Italian neighborhood, and Haymarket farmers market.  Take the ""T"" to Back Bay neighborhood, including Northeastern University, Berklee Univ or into Cambridge Ma.","Visit this historic and ritzy Boston neighborhood to soak up its classic New England charm as you stroll down cobblestoned, gas-lamp lined streets. Bring your walking shoes, camera, and select a nice day to wander through the hilly neighborhood and check out its exclusive addresses. Louisburg Square, Mt. Vernon street, Chestnut street and the extremely narrow and widely photographed Acorn street make a nice walking path. Make sure to meander down Charles street to poke into boutiques and antique shops, cafes, and restaurants on this quaint shopping street. Don’t forget to catch a glimpse up close of the State House with its beautiful and iconic dome.",https://a0.muscache.com/pictures/f44691d7-36b8-4e9d-857f-1513b098c9bb.jpg,38997,https://www.airbnb.com/users/show/38997,Michelle,2009-09-16,,,within a few hours,93%,53%,t,https://a0.muscache.com/im/pictures/user/134447ef-915a-418a-8370-afe9642591f8.jpg?aki_policy=profile_small,https://a0.muscache.com/im/pictures/user/134447ef-915a-418a-8370-afe9642591f8.jpg?aki_policy=profile_x_medium,Back Bay,21,29,"['email', 'phone']",t,t,Neighborhood highlights,Beacon Hill,,42.36104,-71.07129,Entire rental unit,Entire home/apt,2,1.0,1 bath,0.0,1.0,"[""Wine glasses"", ""Essentials"", ""Baking sheet"", ""Clothing storage: closet"", ""Air conditioning"", ""Smoke alarm"", ""Housekeeping available from 9:00\u202fAM to 5:00\u202fAM, every day - available at extra cost"", ""Dishes and silverware"", ""Hot water kettle"", ""Self check-in"", ""Dining table"", ""Long term stays allowed"", ""Coffee maker"", ""Carbon monoxide alarm"", ""Bed linens"", ""Microwave"", ""TV with standard cable"", ""Hair dryer"", ""Freezer"", ""Refrigerator"", ""Pets allowed"", ""Lockbox"", ""Fire extinguisher"", ""Dishwasher"", ""Cooking basics"", ""Kitchen"", ""Hot water"", ""Heating"", ""Iron"", ""Wifi"", ""Toaster"", ""Hangers"", ""Stove"", ""Bathtub""]",$130.00,32,1125,32,32,1125,1125,32.0,1125.0,,t,0,2,2,172,2025-06-19,15,0,0,3,0,0,0.0,2016-07-11,2020-03-14,4.27,4.67,4.53,4.4,4.87,4.93,4.47,,f,12,12,0,0,0.14
546,16731118,https://www.airbnb.com/rooms/16731118,20250619031426,2025-06-19,previous scrape,#103 Boston private AC room 可讲国语禁止吸烟,Recently renovated private room in a 4 bedroom house. 2 bathrooms and modern kitchen fully equipped. Dish washer ; refrigerator; Microwave; water boiler; toaster; rice cooker; everything setups ready ! <br /><br /><br />Secure: Keyless pad entry plus private room key.,"In front of our building is a beautiful park and a church.<br />Building left is city of Boston owned property , and our right is a home owner occupied red building good neighborhood .<br /><br />Very convenient location easy to go to Boston. The bus right in the front of our building which you may feel a little noisy in the morning. 2 miles to Bay Center Shopping areas; 2 miles to U-Mass Boston ; 3 miles to BU; 3 miles to Northeastern University.<br /><br />no smoking allowed in side or outside. It is smoking free building and 24/7 video systems in our building.",https://a0.muscache.com/pictures/897f7801-9264-4cdb-bd65-2e80c1a90462.jpg,105851798,https://www.airbnb.com/users/show/105851798,Anne,2016-12-01,"Boston, MA","我叫Anne Wang，來自中國歷史文化名城——西安，大學主修旅遊英語與會計，曾在國內從事翻譯工作。自1995年移居美國後，我從事過外貿進口業務、會計及客戶服務等工作，現已退休。

如今，我專注經營Airbnb多年，非常喜愛這個能將語言優勢與熱情好客相結合的平台，為來自世界各地的旅人提供舒適、安心的住宿體驗。

我的家是一座溫馨的花園別墅，擁有一個美麗的庭院、涼亭（gazebo）和戶外燒烤區，是放鬆身心或與親友共享晚餐的理想場所。房源整潔舒適，注重細節，讓人有賓至如歸的感覺。

我熱愛烹飪，尤其擅長製作家鄉陝西的傳統麵食，例如羊肉泡饃、擀麵皮、餃子、湯圓與粽子等。未來也計劃為有興趣的房客開設中餐文化體驗小課堂，一起分享中華美食的魅力與製作技巧。

期待在我的家中與您相遇，讓您的旅程更加溫馨與難忘！
You may translate this above me from Chinese to your language, due to 450 words limited .",within an hour,100%,99%,,https://a0.muscache.com/im/pictures/user/1b571b66-1b97-4e4f-8381-dd774e82b4b0.jpg?aki_policy=profile_small,https://a0.muscache.com/im/pictures/user/1b571b66-1b97-4e4f-8381-dd774e82b4b0.jpg?aki_policy=profile_x_medium,Dorchester,24,30,"['email', 'phone']",t,t,Neighborhood highlights,Dorchester,,42.30775,-71.0651,Private room in rental unit,Private room,1,,2 shared baths,,,"[""Essentials"", ""Smoke alarm"", ""Dishes and silverware"", ""Private backyard \u2013 Fully fenced"", ""Paid washer \u2013 In building"", ""Self check-in"", ""Paid dryer \u2013 In building"", ""Oven"", ""Long term stays allowed"", ""Carbon monoxide alarm"", ""Microwave"", ""Shampoo"", ""Luggage dropoff allowed"", ""Hair dryer"", ""Garden view"", ""Refrigerator"", ""Pets allowed"", ""Fire extinguisher"", ""Lock on bedroom door"", ""Dishwasher"", ""Shared hot tub"", ""Keypad"", ""Cooking basics"", ""Kitchen"", ""Hot water"", ""Heating"", ""Iron"", ""Wifi"", ""First aid kit"", ""Hangers"", ""Stove"", ""Coffee maker"", ""Free parking on premises"", ""Central air conditioning"", ""Free street parking""]",,29,180,29,29,1125,1125,29.0,1125.0,,t,0,0,0,79,2025-06-19,51,2,0,0,1,116,,2017-03-13,2025-01-04,4.71,4.86,4.67,4.94,4.9,4.2,4.69,,f,12,0,12,0,0.51
571,17588460,https://www.airbnb.com/rooms/17588460,20250619031426,2025-06-19,city scrape,Fenway/Back Bay Luxury Apt-,"Luxury Back Bay Apt! Blocks from Back Bay,  Fenway Park,the Hynes Convention Center subway, Newbury Street, Copley Square, Boston Public Gardens, the Esplanade and the historic tourist areas. Walk to Beacon Hill, Faneuil Hall, South End and many other Boston destinations.<br /><br />Private bath, A/C in windows, Cable TV, Private phone, High Speed Internet, Non-smoking, Queen Murphy bed",,https://a0.muscache.com/pictures/b404db1d-b239-4a0b-9b40-da23251bbc90.jpg,38997,https://www.airbnb.com/users/show/38997,Michelle,2009-09-16,,,within a few hours,93%,53%,t,https://a0.muscache.com/im/pictures/user/134447ef-915a-418a-8370-afe9642591f8.jpg?aki_policy=profile_small,https://a0.muscache.com/im/pictures/user/134447ef-915a-418a-8370-afe9642591f8.jpg?aki_policy=profile_x_medium,Back Bay,21,29,"['email', 'phone']",t,t,,Fenway,,42.34651,-71.08957,Entire condo,Entire home/apt,2,1.0,1 bath,0.0,1.0,"[""Wine glasses"", ""Essentials"", ""Washer"", ""Baking sheet"", ""Clothing storage: closet"", ""Air conditioning"", ""Smoke alarm"", ""GE stainless steel oven"", ""Dishes and silverware"", ""Elevator"", ""Self check-in"", ""Dining table"", ""Carbon monoxide alarm"", ""Bed linens"", ""Microwave"", ""Hair dryer"", ""Freezer"", ""Refrigerator"", ""Lockbox"", ""Fire extinguisher"", ""TV"", ""Dishwasher"", ""Dryer"", ""Cooking basics"", ""Kitchen"", ""Hot water"", ""Iron"", ""Wifi"", ""Toaster"", ""Hangers"", ""Radiant heating"", ""Coffee maker: drip coffee maker"", ""Bathtub""]",$133.00,91,1125,91,91,1125,1125,91.0,1125.0,,t,18,48,78,353,2025-06-19,4,1,0,184,1,182,24206.0,2017-05-14,2024-12-21,4.0,4.25,4.75,4.75,4.25,5.0,4.75,,f,12,12,0,0,0.04
622,18945347,https://www.airbnb.com/rooms/18945347,20250619031426,2025-06-19,city scrape,B204 New AC & Heating Boston private room,"This is a three family home at 2nd floor, five Airbnb guests shared two bathrooms. We do have options upgraded to longer term lease, please ask after you arrival only.","In front of our building is a beautiful park and a church. <br />Building left is city of Boston owned property , and our right is a home owner occupied red building good neighborhood .<br /><br />Very convenient location easy to go to Boston. 2 miles to Bay Center Shopping areas; 2 miles to U-Mass Boston ; 3 miles to BU; 3 miles to Northeastern University.<br /><br />no smoking allowed in side or outside. It is smoking free building and 24/7 video systems in our building.",https://a0.muscache.com/pictures/0ed767c5-7bae-4e9b-a041-f7f11696f287.jpg,105851798,https://www.airbnb.com/users/show/105851798,Anne,2016-12-01,"Boston, MA","我叫Anne Wang，來自中國歷史文化名城——西安，大學主修旅遊英語與會計，曾在國內從事翻譯工作。自1995年移居美國後，我從事過外貿進口業務、會計及客戶服務等工作，現已退休。

如今，我專注經營Airbnb多年，非常喜愛這個能將語言優勢與熱情好客相結合的平台，為來自世界各地的旅人提供舒適、安心的住宿體驗。

我的家是一座溫馨的花園別墅，擁有一個美麗的庭院、涼亭（gazebo）和戶外燒烤區，是放鬆身心或與親友共享晚餐的理想場所。房源整潔舒適，注重細節，讓人有賓至如歸的感覺。

我熱愛烹飪，尤其擅長製作家鄉陝西的傳統麵食，例如羊肉泡饃、擀麵皮、餃子、湯圓與粽子等。未來也計劃為有興趣的房客開設中餐文化體驗小課堂，一起分享中華美食的魅力與製作技巧。

期待在我的家中與您相遇，讓您的旅程更加溫馨與難忘！
You may translate this above me from Chinese to your language, due to 450 words limited .",within an hour,100%,99%,,https://a0.muscache.com/im/pictures/user/1b571b66-1b97-4e4f-8381-dd774e82b4b0.jpg?aki_policy=profile_small,https://a0.muscache.com/im/pictures/user/1b571b66-1b97-4e4f-8381-dd774e82b4b0.jpg?aki_policy=profile_x_medium,Dorchester,24,30,"['email', 'phone']",t,t,Neighborhood highlights,Dorchester,,42.30742,-71.06513,Private room in rental unit,Private room,1,2.0,2 shared baths,1.0,1.0,"[""Essentials"", ""Smoke alarm"", ""Dedicated workspace"", ""Dishes and silverware"", ""Self check-in"", ""Baby bath"", ""Oven"", ""Long term stays allowed"", ""Coffee maker"", ""Carbon monoxide alarm"", ""Bed linens"", ""Microwave"", ""Shampoo"", ""Heating - split type ductless system"", ""Hair dryer"", ""Garden view"", ""Refrigerator"", ""Extra pillows and blankets"", ""AC - split type ductless system"", ""Fire extinguisher"", ""Lock on bedroom door"", ""Dishwasher"", ""Keypad"", ""Cooking basics"", ""Paid washer \u2013 In unit"", ""Kitchen"", ""Hot water"", ""Shared backyard \u2013 Fully fenced"", ""Iron"", ""Wifi"", ""First aid kit"", ""Hangers"", ""Frigidaire gas stove"", ""Paid dryer \u2013 In unit"", ""Bathtub"", ""Free parking on premises"", ""Free street parking""]",$102.00,60,180,60,60,1125,1125,60.0,1125.0,,t,20,50,80,355,2025-06-19,50,2,0,186,2,240,24480.0,2017-06-18,2025-01-06,4.72,4.78,4.76,4.92,4.88,4.18,4.56,,f,12,0,12,0,0.51
651,19885281,https://www.airbnb.com/rooms/19885281,20250619031426,2025-06-19,city scrape,#203 Boston Female only Queen Bed全楼 禁烟,"We are located at : Bowdoin St Dorchester MA 02122 <br />Please use our address to check your target place.<br /><br />Queen size bed. <br />This is a three family home at second floor, five Airbnb female guests shared two bathrooms. Super clean. Please don’t book if you are a smoker. We don’t accept it.","My neighbors: the left side is senior apartment building owned by Boston Housing Authority, my right side is the brown 3 family house, all young professionals and lawyers lives there. <br /><br />I have owned this building for almost 30 years, I like here as so close to the city , only 2.8 miles to Downtown Boston. The bus goes to NEU directly.",https://a0.muscache.com/pictures/541e91b2-525e-4493-8ee4-8a34d19db7e6.jpg,105851798,https://www.airbnb.com/users/show/105851798,Anne,2016-12-01,"Boston, MA","我叫Anne Wang，來自中國歷史文化名城——西安，大學主修旅遊英語與會計，曾在國內從事翻譯工作。自1995年移居美國後，我從事過外貿進口業務、會計及客戶服務等工作，現已退休。

如今，我專注經營Airbnb多年，非常喜愛這個能將語言優勢與熱情好客相結合的平台，為來自世界各地的旅人提供舒適、安心的住宿體驗。

我的家是一座溫馨的花園別墅，擁有一個美麗的庭院、涼亭（gazebo）和戶外燒烤區，是放鬆身心或與親友共享晚餐的理想場所。房源整潔舒適，注重細節，讓人有賓至如歸的感覺。

我熱愛烹飪，尤其擅長製作家鄉陝西的傳統麵食，例如羊肉泡饃、擀麵皮、餃子、湯圓與粽子等。未來也計劃為有興趣的房客開設中餐文化體驗小課堂，一起分享中華美食的魅力與製作技巧。

期待在我的家中與您相遇，讓您的旅程更加溫馨與難忘！
You may translate this above me from Chinese to your language, due to 450 words limited .",within an hour,100%,99%,,https://a0.muscache.com/im/pictures/user/1b571b66-1b97-4e4f-8381-dd774e82b4b0.jpg?aki_policy=profile_small,https://a0.muscache.com/im/pictures/user/1b571b66-1b97-4e4f-8381-dd774e82b4b0.jpg?aki_policy=profile_x_medium,Dorchester,24,30,"['email', 'phone']",t,t,Neighborhood highlights,Dorchester,,42.3075,-71.06533,Private room in rental unit,Private room,1,2.0,2 shared baths,1.0,1.0,"[""Essentials"", ""Clothing storage: closet"", ""Smoke alarm"", ""Fast wifi \u2013 385 Mbps"", ""Maytag  gas stove"", ""Dedicated workspace"", ""Dishes and silverware"", ""Paid washer \u2013 In building"", ""City skyline view"", ""Self check-in"", ""Paid dryer \u2013 In building"", ""Oven"", ""Room-darkening shades"", ""Long term stays allowed"", ""Coffee maker"", ""Carbon monoxide alarm"", ""Cleaning products"", ""Bed linens"", ""Microwave"", ""Shampoo"", ""Luggage dropoff allowed"", ""Hair dryer"", ""Refrigerator"", ""Extra pillows and blankets"", ""Fire extinguisher"", ""Lock on bedroom door"", ""Dishwasher"", ""Keypad"", ""Cooking basics"", ""Kitchen"", ""Hot water"", ""Shared backyard \u2013 Fully fenced"", ""Heating"", ""Iron"", ""First aid kit"", ""Hangers"", ""Bathtub"", ""Free parking on premises"", ""Central air conditioning"", ""Free street parking""]",$55.00,29,120,29,29,1125,1125,29.0,1125.0,,t,29,57,86,361,2025-06-19,45,1,1,192,0,58,3190.0,2017-08-13,2025-06-09,4.69,4.78,4.67,4.82,4.73,4.04,4.64,,f,12,0,12,0,0.47
652,19885345,https://www.airbnb.com/rooms/19885345,20250619031426,2025-06-19,city scrape,#202 Boston private AC Queen BR 全楼禁烟 female,"Newly renovated room central AC, one very firm Queen-size bed, fits one female or a couple. None smoking building. Please don’t book if you are a smoker. We have central AC. <br /><br />Near U-Mass Boston ; Bus #15 to North Eastern University directly . Very clean room. The bus in front of our building directly connected you to Redline train station. Fields Corner. Or you can walk to the train only 0.6 miles","My neighbors: the left side is senior apartment building owned by Boston Housing Authority, my right side is the brown 3 family house, all young professionals and lawyers lives there. <br /><br />I have owned this building for almost 20 years, I like here as so close to the city , only 2.5 miles to Downtown Boston.",https://a0.muscache.com/pictures/b9cd306e-2e1a-4510-ba18-6a102bfb7b39.jpg,105851798,https://www.airbnb.com/users/show/105851798,Anne,2016-12-01,"Boston, MA","我叫Anne Wang，來自中國歷史文化名城——西安，大學主修旅遊英語與會計，曾在國內從事翻譯工作。自1995年移居美國後，我從事過外貿進口業務、會計及客戶服務等工作，現已退休。

如今，我專注經營Airbnb多年，非常喜愛這個能將語言優勢與熱情好客相結合的平台，為來自世界各地的旅人提供舒適、安心的住宿體驗。

我的家是一座溫馨的花園別墅，擁有一個美麗的庭院、涼亭（gazebo）和戶外燒烤區，是放鬆身心或與親友共享晚餐的理想場所。房源整潔舒適，注重細節，讓人有賓至如歸的感覺。

我熱愛烹飪，尤其擅長製作家鄉陝西的傳統麵食，例如羊肉泡饃、擀麵皮、餃子、湯圓與粽子等。未來也計劃為有興趣的房客開設中餐文化體驗小課堂，一起分享中華美食的魅力與製作技巧。

期待在我的家中與您相遇，讓您的旅程更加溫馨與難忘！
You may translate this above me from Chinese to your language, due to 450 words limited .",within an hour,100%,99%,,https://a0.muscache.com/im/pictures/user/1b571b66-1b97-4e4f-8381-dd774e82b4b0.jpg?aki_policy=profile_small,https://a0.muscache.com/im/pictures/user/1b571b66-1b97-4e4f-8381-dd774e82b4b0.jpg?aki_policy=profile_x_medium,Dorchester,24,30,"['email', 'phone']",t,t,Neighborhood highlights,Dorchester,,42.30792,-71.06513,Private room in rental unit,Private room,1,2.0,2 shared baths,1.0,1.0,"[""Essentials"", ""Smoke alarm"", ""Shared patio or balcony"", ""Dedicated workspace"", ""Dishes and silverware"", ""GE stainless steel gas stove"", ""Paid washer \u2013 In building"", ""Self check-in"", ""Paid dryer \u2013 In building"", ""Oven"", ""Long term stays allowed"", ""Coffee maker"", ""Carbon monoxide alarm"", ""Bed linens"", ""Microwave"", ""Shampoo"", ""Hair dryer"", ""Refrigerator"", ""Fire extinguisher"", ""Lock on bedroom door"", ""Dishwasher"", ""Keypad"", ""Cooking basics"", ""Kitchen"", ""Hot water"", ""Heating"", ""Iron"", ""Wifi"", ""First aid kit"", ""Hangers"", ""Exterior security cameras on property"", ""Bathtub"", ""Free parking on premises"", ""Park view"", ""Central air conditioning"", ""Free street parking""]",$59.00,29,180,29,29,1125,1125,29.0,1125.0,,t,0,15,45,320,2025-06-19,30,2,0,151,1,116,6844.0,2017-08-13,2025-03-08,4.77,4.83,4.8,4.9,4.9,4.4,4.67,,f,12,0,12,0,0.31
654,19918817,https://www.airbnb.com/rooms/19918817,20250619031426,2025-06-19,city scrape,#204 Boston private Central AC 禁烟 Female only,"Please this is a female unit unit, none smoking allowed!<br /><br />This bed is my favorite one ! Super comfortable full size extra long bed with high soft headboard . <br /><br />This is a three family home at second floor, five Airbnb guests shared two bathrooms.","My neighbors: the left side is senior apartment building owned by Boston Housing Authority, my right side is the brown 3 family house, all young professionals and lawyers lives there. <br /><br />I have owned this building for almost 20 years, I like hare as so close to the city , only 2.8 miles to Downtown Boston.",https://a0.muscache.com/pictures/717f1480-5336-4a3f-a2bb-dcc65d6023e7.jpg,105851798,https://www.airbnb.com/users/show/105851798,Anne,2016-12-01,"Boston, MA","我叫Anne Wang，來自中國歷史文化名城——西安，大學主修旅遊英語與會計，曾在國內從事翻譯工作。自1995年移居美國後，我從事過外貿進口業務、會計及客戶服務等工作，現已退休。

如今，我專注經營Airbnb多年，非常喜愛這個能將語言優勢與熱情好客相結合的平台，為來自世界各地的旅人提供舒適、安心的住宿體驗。

我的家是一座溫馨的花園別墅，擁有一個美麗的庭院、涼亭（gazebo）和戶外燒烤區，是放鬆身心或與親友共享晚餐的理想場所。房源整潔舒適，注重細節，讓人有賓至如歸的感覺。

我熱愛烹飪，尤其擅長製作家鄉陝西的傳統麵食，例如羊肉泡饃、擀麵皮、餃子、湯圓與粽子等。未來也計劃為有興趣的房客開設中餐文化體驗小課堂，一起分享中華美食的魅力與製作技巧。

期待在我的家中與您相遇，讓您的旅程更加溫馨與難忘！
You may translate this above me from Chinese to your language, due to 450 words limited .",within an hour,100%,99%,,https://a0.muscache.com/im/pictures/user/1b571b66-1b97-4e4f-8381-dd774e82b4b0.jpg?aki_policy=profile_small,https://a0.muscache.com/im/pictures/user/1b571b66-1b97-4e4f-8381-dd774e82b4b0.jpg?aki_policy=profile_x_medium,Dorchester,24,30,"['email', 'phone']",t,t,Neighborhood highlights,Dorchester,,42.30754,-71.06525,Private room in rental unit,Private room,1,2.0,2 shared baths,1.0,1.0,"[""Essentials"", ""Clothing storage: closet"", ""Smoke alarm"", ""Dedicated workspace"", ""Dishes and silverware"", ""Fast wifi \u2013 419 Mbps"", ""Paid washer \u2013 In building"", ""Self check-in"", ""Paid dryer \u2013 In building"", ""Oven"", ""Room-darkening shades"", ""Long term stays allowed"", ""Coffee maker"", ""Carbon monoxide alarm"", ""Cleaning products"", ""Bed linens"", ""Microwave"", ""Shampoo"", ""Hair dryer"", ""Garden view"", ""Refrigerator"", ""Extra pillows and blankets"", ""Fire extinguisher"", ""Lock on bedroom door"", ""Dishwasher"", ""Keypad"", ""Cooking basics"", ""Kitchen"", ""Hot water"", ""Shared backyard \u2013 Fully fenced"", ""Gas stove"", ""Heating"", ""Iron"", ""First aid kit"", ""Hangers"", ""Exterior security cameras on property"", ""Bathtub"", ""Free parking on premises"", ""Central air conditioning"", ""Free street parking""]",$60.00,29,120,29,29,1125,1125,29.0,1125.0,,t,11,41,71,346,2025-06-19,38,0,0,177,1,0,0.0,2017-08-12,2024-02-11,4.66,4.74,4.71,4.92,4.95,4.26,4.61,,f,12,0,12,0,0.4
655,19969497,https://www.airbnb.com/rooms/19969497,20250619031426,2025-06-19,city scrape,*Modern City Triplex!! *Close to Center,"Modern twist on a historic 1860 Penthouse Triplex!  Open Concept 3 levels of living, 2 decks including a roof top with city views!   Located in the quiet residential neighborhood of Fort Hill/Highland Park,  minutes to the center of the attractions.","Peaceful, Architecturally interesting, historic, diverse, and quiet. Racially, culturally, ethnic, and economically diverse.",https://a0.muscache.com/pictures/hosting/Hosting-U3RheVN1cHBseUxpc3Rpbmc6MTk5Njk0OTc=/original/b4904517-1258-41ff-aaea-6df4e095dbcc.jpeg,28662210,https://www.airbnb.com/users/show/28662210,Terry,2015-03-03,"Boston, MA",,within an hour,100%,100%,t,https://a0.muscache.com/im/users/28662210/profile_pic/1425367932/original.jpg?aki_policy=profile_small,https://a0.muscache.com/im/users/28662210/profile_pic/1425367932/original.jpg?aki_policy=profile_x_medium,Mission Hill,5,5,"['email', 'phone']",t,t,Neighborhood highlights,Roxbury,,42.33016,-71.09527,Entire rental unit,Entire home/apt,8,2.0,2 baths,4.0,4.0,"[""Wine glasses"", ""Essentials"", ""Private entrance"", ""Washer"", ""Patio or balcony"", ""Baking sheet"", ""Air conditioning"", ""Smoke alarm"", ""Dishes and silverware"", ""Coffee"", ""Self check-in"", ""Oven"", ""Carbon monoxide alarm"", ""Bed linens"", ""Microwave"", ""Shampoo"", ""TV with standard cable"", ""Hair dryer"", ""Freezer"", ""Refrigerator"", ""Extra pillows and blankets"", ""Fire extinguisher"", ""Dishwasher"", ""Dryer"", ""Cooking basics"", ""Indoor fireplace"", ""Kitchen"", ""Hot water"", ""Keypad"", ""Heating"", ""Iron"", ""Wifi"", ""Toaster"", ""First aid kit"", ""Hangers"", ""Stove"", ""Coffee maker"", ""Free parking on premises"", ""Free street parking""]",$615.00,3,90,1,3,90,90,3.0,90.0,,t,0,13,25,98,2025-06-19,173,8,0,98,12,48,29520.0,2017-08-12,2025-04-28,4.9,4.93,4.88,4.92,4.92,4.72,4.8,STR-446660,f,5,5,0,0,1.81
712,21444743,https://www.airbnb.com/rooms/21444743,20250619031426,2025-06-19,city scrape,Back Bay Studio on Marlborough St-min 3 months,Back Bay furnished studio a couple of blocks up from the Boston Public Garden.   Newburybury St and subway are 2 streets over.  This apt requires a 90 day minimum rental.,,https://a0.muscache.com/pictures/ac711130-f4b0-444a-a12e-4296ddc586cd.jpg,155595193,https://www.airbnb.com/users/show/155595193,Michelle,2017-10-21,"Newburyport, MA",,within a day,60%,27%,f,https://a0.muscache.com/im/pictures/user/6f43c46c-379d-430b-aebf-cf051439e1c9.jpg?aki_policy=profile_small,https://a0.muscache.com/im/pictures/user/6f43c46c-379d-430b-aebf-cf051439e1c9.jpg?aki_policy=profile_x_medium,Back Bay,11,16,['phone'],t,t,,Back Bay,,42.35243,-71.07565,Entire condo,Entire home/apt,2,1.0,1 bath,0.0,1.0,"[""Essentials"", ""Kitchen"", ""Washer"", ""Hot water"", ""Refrigerator"", ""Heating"", ""Iron"", ""Air conditioning"", ""Smoke alarm"", ""Wifi"", ""Hangers"", ""Long term stays allowed"", ""TV"", ""Hair dryer"", ""Carbon monoxide alarm"", ""Dryer""]",$120.00,91,1125,91,91,1125,1125,91.0,1125.0,,t,29,59,89,364,2025-06-19,0,0,0,195,0,0,0.0,,,,,,,,,,,f,8,8,0,0,
713,21445050,https://www.airbnb.com/rooms/21445050,20250619031426,2025-06-19,city scrape,LUXURY BACK BAY STUDIO NEAR BERKLEY & Northeastern,Back Bay studio near Berkley.  Laundry in building.   Queen murphy bed.,,https://a0.muscache.com/pictures/74185fa7-2fd3-44bd-a2a0-8e93df61d087.jpg,155595193,https://www.airbnb.com/users/show/155595193,Michelle,2017-10-21,"Newburyport, MA",,within a day,60%,27%,f,https://a0.muscache.com/im/pictures/user/6f43c46c-379d-430b-aebf-cf051439e1c9.jpg?aki_policy=profile_small,https://a0.muscache.com/im/pictures/user/6f43c46c-379d-430b-aebf-cf051439e1c9.jpg?aki_policy=profile_x_medium,Back Bay,11,16,['phone'],t,t,,Fenway,,42.34651,-71.0899,Entire rental unit,Entire home/apt,2,1.0,1 bath,0.0,1.0,"[""Essentials"", ""Washer"", ""Air conditioning"", ""Smoke alarm"", ""Dishes and silverware"", ""Elevator"", ""Long term stays allowed"", ""Carbon monoxide alarm"", ""Microwave"", ""Hair dryer"", ""TV"", ""Dryer"", ""Kitchen"", ""Hot water"", ""Heating"", ""Iron"", ""Wifi"", ""Hangers"", ""Coffee maker""]",$120.00,32,1125,32,32,1125,1125,32.0,1125.0,,t,0,0,20,295,2025-06-19,3,1,0,126,0,64,7680.0,2017-11-17,2025-05-01,5.0,5.0,4.33,5.0,5.0,5.0,4.67,,f,8,8,0,0,0.03
714,21445137,https://www.airbnb.com/rooms/21445137,20250619031426,2025-06-19,city scrape,"APRIL- Discounted-Beacon Hill-walk to MGH, subway.","BEACON HILL STUDIO APT NICELY FURNISHED W/GRANITE COUNTERS AND MORE.<br />New Queen Murphy Bed has been installed. <br />Walk to Mass General, Mass Eye and Ear, many other hospitals, subway, Whole Foods, downtown, Fanuiel Hall, Back Bay, North End and more.","Beacon Hill is one of the nicest neighborhoods in Boston's.   The subway, Mass General Hospital, Mass Eye and Ear, Charles Street,  is steps away.   <br /><br />Restaurants, Shops and Cafes are the next street over on Charles Street.    Back Bay, Downtown, the North End and the waterfront is a close walk.",https://a0.muscache.com/pictures/1d2a32b0-d87c-4fc3-a3f9-08535502dad8.jpg,155595193,https://www.airbnb.com/users/show/155595193,Michelle,2017-10-21,"Newburyport, MA",,within a day,60%,27%,f,https://a0.muscache.com/im/pictures/user/6f43c46c-379d-430b-aebf-cf051439e1c9.jpg?aki_policy=profile_small,https://a0.muscache.com/im/pictures/user/6f43c46c-379d-430b-aebf-cf051439e1c9.jpg?aki_policy=profile_x_medium,Back Bay,11,16,['phone'],t,t,Neighborhood highlights,Beacon Hill,,42.36048,-71.06898,Entire condo,Entire home/apt,2,1.0,1 bath,0.0,1.0,"[""Wine glasses"", ""Essentials"", ""Washer"", ""Air conditioning"", ""Smoke alarm"", ""Dishes and silverware"", ""Self check-in"", ""Dining table"", ""Long term stays allowed"", ""Coffee maker"", ""Carbon monoxide alarm"", ""Bed linens"", ""Microwave"", ""Shampoo"", ""Hair dryer"", ""Freezer"", ""Refrigerator"", ""Lockbox"", ""Fire extinguisher"", ""TV"", ""Dishwasher"", ""Laundromat nearby"", ""Dryer"", ""Kitchen"", ""Hot water"", ""Heating"", ""Iron"", ""Wifi"", ""Hangers"", ""Bathtub""]",$130.00,32,1125,32,32,1125,1125,32.0,1125.0,,t,0,18,48,323,2025-06-19,2,0,0,154,0,0,0.0,2018-06-20,2022-08-31,4.0,4.5,4.0,4.5,4.0,5.0,3.5,,f,8,8,0,0,0.02
715,21445237,https://www.airbnb.com/rooms/21445237,20250619031426,2025-06-19,previous scrape,North End one bedroom in Boston's Little Italy,"Stay in Boston's Little Italy.   One bedroom in Boston's North End.   Granite stainless appliances breakfast counter.   One minute to Hanover Street, 5 minute walk to Faneuil Hall and subway.<br /><br />SOFA BED MATTRESS WAS JUST REPLACED 9/2/2018",,https://a0.muscache.com/pictures/b2f800bb-4202-46ce-8135-3830e572a8c2.jpg,155595193,https://www.airbnb.com/users/show/155595193,Michelle,2017-10-21,"Newburyport, MA",,within a day,60%,27%,f,https://a0.muscache.com/im/pictures/user/6f43c46c-379d-430b-aebf-cf051439e1c9.jpg?aki_policy=profile_small,https://a0.muscache.com/im/pictures/user/6f43c46c-379d-430b-aebf-cf051439e1c9.jpg?aki_policy=profile_x_medium,Back Bay,11,16,['phone'],t,t,,Brighton,,42.35123,-71.15157,Entire condo,Entire home/apt,3,,1 bath,1.0,,"[""Essentials"", ""Kitchen"", ""Washer"", ""Hot water"", ""Self check-in"", ""Heating"", ""Iron"", ""Air conditioning"", ""Smoke alarm"", ""Wifi"", ""Hangers"", ""Lockbox"", ""Long term stays allowed"", ""TV"", ""Hair dryer"", ""Carbon monoxide alarm"", ""Dryer""]",,91,1125,91,91,1125,1125,91.0,1125.0,,,0,0,0,0,2025-06-19,0,0,0,0,0,0,,,,,,,,,,,,f,8,8,0,0,
723,21679902,https://www.airbnb.com/rooms/21679902,20250619031426,2025-06-19,city scrape,"Back Bay studio- Close to Northeastern, colleges..","Back Bay studio overlooking Marlborough St. Walk to subway, restaurants, shops, Newbury St.     Apt has a queen mahogany murphy bed.   <br /><br />Live in the heart of Back Bay in a brownstone building with bay window overlooking Marlborough St.<br /><br />This aps has been painted and updated since these photos.",,https://a0.muscache.com/pictures/3a786cd4-2a6e-4acb-be6c-09249834d4e1.jpg,155595193,https://www.airbnb.com/users/show/155595193,Michelle,2017-10-21,"Newburyport, MA",,within a day,60%,27%,f,https://a0.muscache.com/im/pictures/user/6f43c46c-379d-430b-aebf-cf051439e1c9.jpg?aki_policy=profile_small,https://a0.muscache.com/im/pictures/user/6f43c46c-379d-430b-aebf-cf051439e1c9.jpg?aki_policy=profile_x_medium,Back Bay,11,16,['phone'],t,t,,Back Bay,,42.35144,-71.08725,Entire rental unit,Entire home/apt,2,1.0,1 bath,0.0,1.0,"[""Essentials"", ""Air conditioning"", ""Smoke alarm"", ""Dishes and silverware"", ""Carbon monoxide alarm"", ""Microwave"", ""Shampoo"", ""Hair dryer"", ""Refrigerator"", ""Fire extinguisher"", ""TV"", ""Cooking basics"", ""Indoor fireplace"", ""Kitchen"", ""Hot water"", ""Heating"", ""Iron"", ""Wifi"", ""Hangers"", ""Coffee maker""]",$202.00,32,1125,32,32,1125,1125,32.0,1125.0,,t,29,59,89,308,2025-06-19,5,1,0,139,1,64,12928.0,2018-04-08,2024-08-07,4.6,4.8,4.6,4.2,4.8,5.0,4.6,,f,8,8,0,0,0.06
729,21779767,https://www.airbnb.com/rooms/21779767,20250619031426,2025-06-19,city scrape,BACK BAY ONE BEDROOM ON COMMONWEALTH AVE-MONTHLY,One bedroom in the Back Bay on Commonwealth Ave.  Laundry in building. One street over from Newbury Street.,,https://a0.muscache.com/pictures/a884cca9-d1e6-438c-adda-ae54bc9fe855.jpg,155595193,https://www.airbnb.com/users/show/155595193,Michelle,2017-10-21,"Newburyport, MA",,within a day,60%,27%,f,https://a0.muscache.com/im/pictures/user/6f43c46c-379d-430b-aebf-cf051439e1c9.jpg?aki_policy=profile_small,https://a0.muscache.com/im/pictures/user/6f43c46c-379d-430b-aebf-cf051439e1c9.jpg?aki_policy=profile_x_medium,Back Bay,11,16,['phone'],t,t,,Back Bay,,42.35078,-71.08389,Entire condo,Entire home/apt,2,1.0,1 bath,1.0,1.0,"[""Essentials"", ""Washer"", ""Smoke alarm"", ""Dishes and silverware"", ""Elevator"", ""Oven"", ""Long term stays allowed"", ""Carbon monoxide alarm"", ""Microwave"", ""Hair dryer"", ""Refrigerator"", ""Fire extinguisher"", ""TV"", ""Dishwasher"", ""Dryer"", ""Cooking basics"", ""Kitchen"", ""Hot water"", ""Heating"", ""Iron"", ""Wifi"", ""Hangers"", ""Stove"", ""Coffee maker""]",$130.00,32,1125,32,32,1125,1125,32.0,1125.0,,t,17,47,61,240,2025-06-19,2,1,0,71,1,64,8320.0,2018-08-31,2024-12-23,4.5,4.0,4.5,5.0,4.5,5.0,4.0,,f,8,8,0,0,0.02
734,21815325,https://www.airbnb.com/rooms/21815325,20250619031426,2025-06-19,city scrape,"WaterfrontM (North End)-MGH, SUBWAY, RESTAURANTS",Large studio apt -tastefully decorated w/breakfast counter.,,https://a0.muscache.com/pictures/127a75ae-8acb-4d49-b52f-cb19685f7366.jpg,155595193,https://www.airbnb.com/users/show/155595193,Michelle,2017-10-21,"Newburyport, MA",,within a day,60%,27%,f,https://a0.muscache.com/im/pictures/user/6f43c46c-379d-430b-aebf-cf051439e1c9.jpg?aki_policy=profile_small,https://a0.muscache.com/im/pictures/user/6f43c46c-379d-430b-aebf-cf051439e1c9.jpg?aki_policy=profile_x_medium,Back Bay,11,16,['phone'],t,t,,North End,,42.36571,-71.05065,Entire condo,Entire home/apt,2,1.0,1 bath,0.0,1.0,"[""Essentials"", ""Washer"", ""Air conditioning"", ""Smoke alarm"", ""Dedicated workspace"", ""Self check-in"", ""Long term stays allowed"", ""Carbon monoxide alarm"", ""Hair dryer"", ""Refrigerator"", ""Lockbox"", ""TV"", ""Dryer"", ""Kitchen"", ""Hot water"", ""Heating"", ""Iron"", ""Wifi"", ""Hangers"", ""Coffee maker""]",$185.00,32,1125,32,32,1125,1125,32.0,1125.0,,t,19,19,25,300,2025-06-19,0,0,0,131,0,0,0.0,,,,,,,,,,,f,8,8,0,0,
773,23183205,https://www.airbnb.com/rooms/23183205,20250619031426,2025-06-19,city scrape,The Brownstone Nook  -in Prestigious Back Bay Area,"BACK BAY studio apartment on prestigious Marlborough St close to hospitals.<br />Apartment has a queen mahogany murphy bed, breakfast bar,  and stainless steel appliances.<br />Walk to all Boston has to offer.  You can walk Newbury St, the subway, Boylston St, Copley Place, Boston Public Garden, downtown, North End, South End, Fenway Park and so much more.",,https://a0.muscache.com/pictures/31545601-14fe-47e1-8d4e-2887a6b84de8.jpg,38997,https://www.airbnb.com/users/show/38997,Michelle,2009-09-16,,,within a few hours,93%,53%,t,https://a0.muscache.com/im/pictures/user/134447ef-915a-418a-8370-afe9642591f8.jpg?aki_policy=profile_small,https://a0.muscache.com/im/pictures/user/134447ef-915a-418a-8370-afe9642591f8.jpg?aki_policy=profile_x_medium,Back Bay,21,29,"['email', 'phone']",t,t,,Back Bay,,42.34942,-71.08831,Entire condo,Entire home/apt,2,1.0,1 bath,0.0,1.0,"[""Wine glasses"", ""Essentials"", ""Air conditioning"", ""Smoke alarm"", ""Dishes and silverware"", ""Paid washer \u2013 In building"", ""Hot water kettle"", ""Paid dryer \u2013 In building"", ""Long term stays allowed"", ""Carbon monoxide alarm"", ""Bed linens"", ""Microwave"", ""Shampoo"", ""TV with standard cable"", ""Hair dryer"", ""Freezer"", ""Refrigerator"", ""Fire extinguisher"", ""Dishwasher"", ""Cooking basics"", ""Kitchen"", ""Hot water"", ""Heating"", ""Iron"", ""Wifi"", ""Toaster"", ""Hangers"", ""Coffee maker""]",$100.00,91,1125,91,91,1125,1125,91.0,1125.0,,t,30,60,90,365,2025-06-19,0,0,0,196,0,0,0.0,,,,,,,,,,,f,12,12,0,0,
790,23412602,https://www.airbnb.com/rooms/23412602,20250619031426,2025-06-19,previous scrape,Sunny Studio in the Heart of Fenway,"Welcome to the heart of Fenway. With modern amenities and contemporary decor, you'll be living comfortably and in style. Some of the best restaurants in the city are mere footsteps away, and if you feel like cooking, there's a Whole Foods right down the street. For those athletic types, there's a BSC gym and the acclaimed Down Under Yoga studio within a 5 minute walk. <br /><br />And if you're a fan of natural light, you'll be in for a treat. Panoramic windows give you an incredible view of the area.","Fenway is one of the fastest growing neighborhoods in Boston. It is situated south of Boston University, and has many of the best restaurants in the city. A movie theater is down the street, there are many cafes to do work in or enjoy a pastry and cup of coffee. The Esplanade is a 10-minute walk away from the apartment and is perfect for relaxing and sunbathing. The view of the Charles River on the Esplanade is also stunning, especially during sunset.",https://a0.muscache.com/pictures/650af89c-ddee-4764-b73e-4a897e5b99c4.jpg,150612456,https://www.airbnb.com/users/show/150612456,Michelle,2017-09-14,"Nassau, Bahamas",,,,,f,https://a0.muscache.com/im/pictures/user/5edd0588-7e37-4959-af46-c5863307abf8.jpg?aki_policy=profile_small,https://a0.muscache.com/im/pictures/user/5edd0588-7e37-4959-af46-c5863307abf8.jpg?aki_policy=profile_x_medium,Fenway/Kenmore,1,1,"['email', 'phone']",t,f,Neighborhood highlights,Fenway,,42.34687,-71.10553,Entire rental unit,Entire home/apt,4,,1 bath,,,"[""Essentials"", ""Washer"", ""Air conditioning"", ""Smoke alarm"", ""Elevator"", ""Long term stays allowed"", ""Carbon monoxide alarm"", ""Host greets you"", ""Shampoo"", ""Hair dryer"", ""TV"", ""Dryer"", ""Kitchen"", ""Hot water"", ""Heating"", ""Iron"", ""Wifi"", ""Hangers"", ""Free street parking""]",,91,1124,91,91,1124,1124,91.0,1124.0,,,0,0,0,0,2025-06-19,2,0,0,0,0,0,,2018-08-19,2018-08-22,5.0,4.5,4.5,5.0,5.0,5.0,5.0,,f,1,1,0,0,0.02
801,23668146,https://www.airbnb.com/rooms/23668146,20250619031426,2025-06-19,city scrape,#102 Boston private AC BR 全楼禁烟厨具齐全适長住,"This is first floor room in our building. Full size bed plus a Long couch. <br /><br />Supper firm full size bed with all new comforter and sheet.<br />Newly installed central heating<br />and AC. <br /><br />1) there are four bedrooms ,  4-5 people in this share two bedrooms <br />2) full equipped kitchen.  Dishwasher; microwave; toaster; coffee machine; water heater; <br /><br />3) keyless front door entry & own private room key;<br />4) this price for one person; 2nd person $15 per night extra.","Umass Boston , South Bay shopping center  .NEU students",https://a0.muscache.com/pictures/fc6bf50c-6de6-4eb9-bc42-a1f8be038631.jpg,105851798,https://www.airbnb.com/users/show/105851798,Anne,2016-12-01,"Boston, MA","我叫Anne Wang，來自中國歷史文化名城——西安，大學主修旅遊英語與會計，曾在國內從事翻譯工作。自1995年移居美國後，我從事過外貿進口業務、會計及客戶服務等工作，現已退休。

如今，我專注經營Airbnb多年，非常喜愛這個能將語言優勢與熱情好客相結合的平台，為來自世界各地的旅人提供舒適、安心的住宿體驗。

我的家是一座溫馨的花園別墅，擁有一個美麗的庭院、涼亭（gazebo）和戶外燒烤區，是放鬆身心或與親友共享晚餐的理想場所。房源整潔舒適，注重細節，讓人有賓至如歸的感覺。

我熱愛烹飪，尤其擅長製作家鄉陝西的傳統麵食，例如羊肉泡饃、擀麵皮、餃子、湯圓與粽子等。未來也計劃為有興趣的房客開設中餐文化體驗小課堂，一起分享中華美食的魅力與製作技巧。

期待在我的家中與您相遇，讓您的旅程更加溫馨與難忘！
You may translate this above me from Chinese to your language, due to 450 words limited .",within an hour,100%,99%,,https://a0.muscache.com/im/pictures/user/1b571b66-1b97-4e4f-8381-dd774e82b4b0.jpg?aki_policy=profile_small,https://a0.muscache.com/im/pictures/user/1b571b66-1b97-4e4f-8381-dd774e82b4b0.jpg?aki_policy=profile_x_medium,Dorchester,24,30,"['email', 'phone']",t,t,Neighborhood highlights,Dorchester,,42.30949,-71.06576,Private room in rental unit,Private room,1,2.0,2 shared baths,1.0,2.0,"[""Essentials"", ""Smoke alarm"", ""Dedicated workspace"", ""Dishes and silverware"", ""Private backyard \u2013 Fully fenced"", ""Paid washer \u2013 In building"", ""Self check-in"", ""Paid dryer \u2013 In building"", ""Oven"", ""Long term stays allowed"", ""Carbon monoxide alarm"", ""Microwave"", ""Shampoo"", ""Luggage dropoff allowed"", ""Hair dryer"", ""Kenmore gas stove"", ""Garden view"", ""Refrigerator"", ""Fire extinguisher"", ""Lock on bedroom door"", ""Dishwasher"", ""Keypad"", ""Cooking basics"", ""Kitchen"", ""Hot water"", ""Heating"", ""Iron"", ""Wifi"", ""First aid kit"", ""Hangers"", ""Single level home"", ""Exterior security cameras on property"", ""Coffee maker"", ""Free parking on premises"", ""Central air conditioning"", ""Free street parking""]",$53.00,29,180,29,29,1125,1125,29.0,1125.0,,t,30,60,90,365,2025-06-19,44,2,0,196,1,116,6148.0,2018-03-17,2025-04-25,4.7,4.7,4.59,4.91,4.91,4.11,4.52,,f,12,0,12,0,0.5
826,24168312,https://www.airbnb.com/rooms/24168312,20250619031426,2025-06-19,city scrape,Back Bay Apt on Marlborough St (Hereford St block),"Back Bay studio on Marlborough St.  Nicely decorated  apt on prestigious Marlborough St.   This apt is in a Back Bay brownstone with a bow window overlooking Marlborough St.    Walk to subway, Newbury St, Fenway Park, Boston Public Garden, Back Bay area, Beacon Hill, Downtown and all that Boston has to offer.<br />Apt has a queen murphy bed.  This apt does not come with a parking spot.    You would have to look online to rent a spot.  You really don't need a car in Boston.   The subway is close by.",The subway is a 5 minute walk,https://a0.muscache.com/pictures/9fb9ab24-4316-4ce7-87e6-797d01a3d770.jpg,180283497,https://www.airbnb.com/users/show/180283497,Michelle,2018-03-24,,,within a day,65%,24%,f,https://a0.muscache.com/im/pictures/user/80c96d1c-7c58-4116-bc2a-865d49c2e185.jpg?aki_policy=profile_small,https://a0.muscache.com/im/pictures/user/80c96d1c-7c58-4116-bc2a-865d49c2e185.jpg?aki_policy=profile_x_medium,Back Bay,15,18,['phone'],t,t,Neighborhood highlights,Back Bay,,42.35136,-71.08851,Entire condo,Entire home/apt,2,1.0,1 bath,0.0,1.0,"[""Essentials"", ""Air conditioning"", ""Smoke alarm"", ""Dishes and silverware"", ""Electric stove"", ""Hot water kettle"", ""Self check-in"", ""Long term stays allowed"", ""Coffee maker"", ""Carbon monoxide alarm"", ""Cleaning products"", ""Bed linens"", ""Microwave"", ""Shampoo"", ""TV with standard cable"", ""Hair dryer"", ""Freezer"", ""Refrigerator"", ""Extra pillows and blankets"", ""Lockbox"", ""Fire extinguisher"", ""Dishwasher"", ""Cooking basics"", ""Indoor fireplace"", ""Kitchen"", ""Hot water"", ""Heating"", ""Iron"", ""Wifi"", ""Hangers"", ""Bathtub""]",$202.00,29,1125,29,29,1125,1125,29.0,1125.0,,t,0,0,17,292,2025-06-19,19,1,0,123,1,58,11716.0,2018-05-11,2024-09-15,4.47,4.58,4.42,4.79,4.84,5.0,4.58,,f,7,7,0,0,0.22
831,24277032,https://www.airbnb.com/rooms/24277032,20250619031426,2025-06-19,city scrape,"North End 1 Bedroom- CLOSE MGH, Subway, Hanover St",One bedroom in the North End-1 minute walk to Hanover St-Bostons' Little Italy.   Double pullout in the living room.   Nicely decorated.  Great apt in a awesome location.,There are over 100 restaurants cafes and shops within in a 2 minute walk.,https://a0.muscache.com/pictures/35deeffd-b327-4768-8848-d28fc2b40ecd.jpg,180283497,https://www.airbnb.com/users/show/180283497,Michelle,2018-03-24,,,within a day,65%,24%,f,https://a0.muscache.com/im/pictures/user/80c96d1c-7c58-4116-bc2a-865d49c2e185.jpg?aki_policy=profile_small,https://a0.muscache.com/im/pictures/user/80c96d1c-7c58-4116-bc2a-865d49c2e185.jpg?aki_policy=profile_x_medium,Back Bay,15,18,['phone'],t,t,Neighborhood highlights,North End,,42.36547,-71.05492,Entire condo,Entire home/apt,2,1.0,1 bath,1.0,2.0,"[""Essentials"", ""Washer"", ""Air conditioning"", ""Smoke alarm"", ""Dishes and silverware"", ""Self check-in"", ""Carbon monoxide alarm"", ""Microwave"", ""Hair dryer"", ""Refrigerator"", ""Lockbox"", ""Fire extinguisher"", ""TV"", ""Dryer"", ""Kitchen"", ""Hot water"", ""Heating"", ""Iron"", ""Wifi"", ""Hangers"", ""Coffee maker""]",$130.00,32,730,32,32,730,730,32.0,730.0,,t,30,60,90,365,2025-06-19,4,0,0,196,1,0,0.0,2018-08-14,2024-05-09,4.25,4.0,4.75,4.5,4.75,5.0,3.75,,f,7,7,0,0,0.05
833,24325336,https://www.airbnb.com/rooms/24325336,20250619031426,2025-06-19,city scrape,Beacon Hill Studio - 2 min Walk to MGH-Subway-,"Stay in the heart of the city.  Beacon Hill studio apartment tastefully decorated.  Walk to Mass General, Mass Eye & Ear, Subway, Back Bay, Downtown, North End, Faneuil Hall and much more.<br />The subway is within a 2-3 minute walk.   This apt is centrally located and walking distance to numerous restaurants, cafes, shops, transportation.<br />No pets are allowed",,https://a0.muscache.com/pictures/85b18a82-8767-4b89-8b46-2a3ff5012b08.jpg,180283497,https://www.airbnb.com/users/show/180283497,Michelle,2018-03-24,,,within a day,65%,24%,f,https://a0.muscache.com/im/pictures/user/80c96d1c-7c58-4116-bc2a-865d49c2e185.jpg?aki_policy=profile_small,https://a0.muscache.com/im/pictures/user/80c96d1c-7c58-4116-bc2a-865d49c2e185.jpg?aki_policy=profile_x_medium,Back Bay,15,18,['phone'],t,t,,Beacon Hill,,42.36026,-71.07003,Entire rental unit,Entire home/apt,2,1.0,1 bath,0.0,1.0,"[""Essentials"", ""Washer"", ""Air conditioning"", ""Smoke alarm"", ""Dishes and silverware"", ""Self check-in"", ""Oven"", ""Long term stays allowed"", ""Carbon monoxide alarm"", ""Microwave"", ""Hair dryer"", ""Refrigerator"", ""Lockbox"", ""Fire extinguisher"", ""TV"", ""Dryer"", ""Cooking basics"", ""Kitchen"", ""Hot water"", ""Heating"", ""Iron"", ""Wifi"", ""Hangers"", ""Stove"", ""Coffee maker""]",$130.00,29,1125,29,29,1125,1125,29.0,1125.0,,t,4,18,35,310,2025-06-19,9,1,1,141,0,58,7540.0,2018-05-30,2025-06-04,4.78,5.0,5.0,4.56,4.89,5.0,4.78,,f,7,7,0,0,0.1
890,26130187,https://www.airbnb.com/rooms/26130187,20250619031426,2025-06-19,city scrape,The North End Nook   -Walk to MGH Tufts Subway,"Fabulous One bedroom in the North End....Boston's Little Italy. Live in Boston's touristy North End area boasting over 100 restaurants, cafes and shops. Easy walk to the subway, Faneuil Hall Marketplace, Boston Harbor, the Waterfront area and Downtown. <br />Free laundry in building, double pullout couch. You’ll love my place because of It is in the heart of the city's historical district.<br />This is a small one bedroom in the North End.   There is pullout in the living room for visiting guests.","Wandering around Boston’s North End can feel like being transported to Europe. Stroll down Hanover and Salem streets for the finest Italian restaurants, bakeries, cafes, and a few boutique shops. Take part in the big debate as to whether Modern Pastry or Mike’s serves a better cannoli. Before your food coma sets in, make sure to stop by historic Paul Revere’s home, and follow the Freedom Trail to Old North Church and Copp’s Hill Burying Ground. Take a rest in a cafe on Hanover street and observe the quirky, European character of the North End.",https://a0.muscache.com/pictures/efa62b3e-2d47-4823-a3df-05d2d148ab61.jpg,38997,https://www.airbnb.com/users/show/38997,Michelle,2009-09-16,,,within a few hours,93%,53%,t,https://a0.muscache.com/im/pictures/user/134447ef-915a-418a-8370-afe9642591f8.jpg?aki_policy=profile_small,https://a0.muscache.com/im/pictures/user/134447ef-915a-418a-8370-afe9642591f8.jpg?aki_policy=profile_x_medium,Back Bay,21,29,"['email', 'phone']",t,t,Neighborhood highlights,North End,,42.36636,-71.05428,Entire condo,Entire home/apt,4,1.0,1 bath,1.0,1.0,"[""Wine glasses"", ""Essentials"", ""Washer"", ""Baking sheet"", ""Air conditioning"", ""Smoke alarm"", ""Dishes and silverware"", ""Hot water kettle"", ""Oven"", ""Long term stays allowed"", ""Carbon monoxide alarm"", ""Bed linens"", ""Microwave"", ""Shampoo"", ""TV with standard cable"", ""Hair dryer"", ""Freezer"", ""Refrigerator"", ""Extra pillows and blankets"", ""Dishwasher"", ""Dryer"", ""Cooking basics"", ""Kitchen"", ""Hot water"", ""Heating"", ""Iron"", ""Wifi"", ""Toaster"", ""Hangers"", ""Stove"", ""Coffee maker""]",$130.00,32,1125,32,32,1125,1125,32.0,1125.0,,t,30,60,90,365,2025-06-19,1,0,0,196,0,0,0.0,2019-06-01,2019-06-01,5.0,5.0,5.0,5.0,5.0,5.0,4.0,,f,12,12,0,0,0.01
903,26750505,https://www.airbnb.com/rooms/26750505,20250619031426,2025-06-19,city scrape,#201 Boston Private small room Female 全楼禁烟,"We are located at : Bowdoin St Dorchester MA 02122 <br />Please use our address to check your target<br />Places.<br /><br />This is a small bed room in the three family home at second floor, five Airbnb guests shared two bathrooms. Super clean.<br /><br />Female roommate only . All young professionals are living here, no smoker being accepted.  Please don’t book it , if you are a smoker.<br /><br />Book 32 nights airbnb will no occupancy taxes.","My neighbors: the left side is senior apartment building owned by Boston Housing Authority, my right side is the brown 3 family house, all young professionals and lawyers lives there. <br /><br />I have owned this building for almost 20 years, I like hare as so close to the city , only 2.8 miles to Downtown Boston.",https://a0.muscache.com/pictures/3a703c3c-0637-4fb9-a5ff-794bac240293.jpg,105851798,https://www.airbnb.com/users/show/105851798,Anne,2016-12-01,"Boston, MA","我叫Anne Wang，來自中國歷史文化名城——西安，大學主修旅遊英語與會計，曾在國內從事翻譯工作。自1995年移居美國後，我從事過外貿進口業務、會計及客戶服務等工作，現已退休。

如今，我專注經營Airbnb多年，非常喜愛這個能將語言優勢與熱情好客相結合的平台，為來自世界各地的旅人提供舒適、安心的住宿體驗。

我的家是一座溫馨的花園別墅，擁有一個美麗的庭院、涼亭（gazebo）和戶外燒烤區，是放鬆身心或與親友共享晚餐的理想場所。房源整潔舒適，注重細節，讓人有賓至如歸的感覺。

我熱愛烹飪，尤其擅長製作家鄉陝西的傳統麵食，例如羊肉泡饃、擀麵皮、餃子、湯圓與粽子等。未來也計劃為有興趣的房客開設中餐文化體驗小課堂，一起分享中華美食的魅力與製作技巧。

期待在我的家中與您相遇，讓您的旅程更加溫馨與難忘！
You may translate this above me from Chinese to your language, due to 450 words limited .",within an hour,100%,99%,,https://a0.muscache.com/im/pictures/user/1b571b66-1b97-4e4f-8381-dd774e82b4b0.jpg?aki_policy=profile_small,https://a0.muscache.com/im/pictures/user/1b571b66-1b97-4e4f-8381-dd774e82b4b0.jpg?aki_policy=profile_x_medium,Dorchester,24,30,"['email', 'phone']",t,t,Neighborhood highlights,Dorchester,,42.30959,-71.0643,Private room in rental unit,Private room,1,2.0,2 shared baths,1.0,1.0,"[""Essentials"", ""Drying rack for clothing"", ""Clothing storage: closet"", ""Smoke alarm"", ""Dedicated workspace"", ""Dishes and silverware"", ""Paid washer \u2013 In building"", ""Self check-in"", ""Fast wifi \u2013 461 Mbps"", ""Changing table"", ""Paid dryer \u2013 In building"", ""Oven"", ""Room-darkening shades"", ""Long term stays allowed"", ""Coffee maker"", ""Carbon monoxide alarm"", ""Cleaning products"", ""Microwave"", ""Shampoo"", ""GE gas stove"", ""Hair dryer"", ""Luggage dropoff allowed"", ""Garden view"", ""Refrigerator"", ""Extra pillows and blankets"", ""Fire extinguisher"", ""Lock on bedroom door"", ""Keypad"", ""Cooking basics"", ""Kitchen"", ""Hot water"", ""Shared backyard \u2013 Fully fenced"", ""Heating"", ""Iron"", ""First aid kit"", ""Hangers"", ""Exterior security cameras on property"", ""Bathtub"", ""Free parking on premises"", ""Central air conditioning"", ""Free street parking""]",$51.00,29,200,29,29,1125,1125,29.0,1125.0,,t,8,25,55,330,2025-06-19,28,2,1,161,1,116,5916.0,2018-08-04,2025-05-30,4.68,4.75,4.82,4.86,4.82,4.32,4.57,,f,12,0,12,0,0.33
915,27339519,https://www.airbnb.com/rooms/27339519,20250619031426,2025-06-19,city scrape,Sunny & Cozy 2 BR Apt in Boston. 15 min to DWTN,"We reside in a lovely diverse and historic residential community near all major hospitals, colleges and universities. Our home is  an 8 minute walk to the Subway, Orange line.  1st Fl. with its own private entrance. Fully equipped kitchen, central AC/Heat, Washer/Dryer includes detergent. Bedding, Towels and other toiletries provided.",Our home is located in a historic neighborhood on Boston’s Fort Hill. We are centrally located only minutes from the major highways and public transportation. Bike rentals are also available which is located at the Roxbury Crossing Orange T stop. We live in a very diverse community that is welcoming to all.,https://a0.muscache.com/pictures/bae5ef64-c562-437a-bb57-2dbcf5736b88.jpg,202862511,https://www.airbnb.com/users/show/202862511,Frank,2018-07-16,"Boston, MA","We are a family of four from Boston, MA. We are loyal Bostonians living in the heart of the city, born and raised  We are 15 minutes from all of the tourist destinations by train or car to the Back Bay, Downtown, Fenway and other popular locations. 

We are a fun, loving and welcoming bunch. We encourage all to venture to Boston and enjoy urban living, commuting on the subway and to immerse in all things Boston beyond tourist destinations. 

Inbox us with any questions. We are happy to assist and provide recommendations.

",within an hour,100%,99%,t,https://a0.muscache.com/im/pictures/user/1cd5bfc7-3762-4161-a960-54bf2d83f76e.jpg?aki_policy=profile_small,https://a0.muscache.com/im/pictures/user/1cd5bfc7-3762-4161-a960-54bf2d83f76e.jpg?aki_policy=profile_x_medium,Roxbury,1,1,"['email', 'phone']",t,f,Neighborhood highlights,Roxbury,,42.32685,-71.09683,Entire rental unit,Entire home/apt,4,1.0,1 bath,2.0,2.0,"[""Wine glasses"", ""Essentials"", ""Private entrance"", ""Smoke alarm"", ""Dedicated workspace"", ""Dishes and silverware"", ""Clothing storage"", ""Self check-in"", ""Free dryer \u2013 In unit"", ""Dining table"", ""Oven"", ""Room-darkening shades"", ""Coffee maker"", ""Carbon monoxide alarm"", ""Cleaning products"", ""Bed linens"", ""Microwave"", ""Shampoo"", ""Children\u2019s books and toys"", ""Hair dryer"", ""Pack \u2019n play/Travel crib"", ""Board games"", ""Free washer \u2013 In unit"", ""Refrigerator"", ""Extra pillows and blankets"", ""Fire extinguisher"", ""Dishwasher"", ""Keypad"", ""Cooking basics"", ""Kitchen"", ""Hot water"", ""HDTV with standard cable"", ""Heating"", ""Iron"", ""Wifi"", ""Toaster"", ""First aid kit"", ""Hangers"", ""Stove"", ""Bathtub"", ""Central air conditioning"", ""Free street parking""]",$214.00,2,7,2,2,7,7,2.0,7.0,,t,5,23,44,115,2025-06-19,428,61,7,115,68,255,54570.0,2018-08-12,2025-06-13,4.93,4.97,4.97,4.97,4.98,4.78,4.87,STR-544885,f,1,1,0,0,5.13
934,27990441,https://www.airbnb.com/rooms/27990441,20250619031426,2025-06-19,city scrape,#B104 Boston Private Two twin BR Central AC,Recently renovated private room two twin beds in a 4 bedroom with keyless front door entry.<br /><br />2 new bathrooms and modern kitchen.<br /><br />Close to downtown: 10 min driving or busses #15 & # 17 right outside house to connect you to Redline train .,"In front of our building is a beautiful park and a church. <br />Building left is city of Boston owned property , and our right is a home owner occupied red building good neighborhood .<br /><br />Very convenient location easy to go to Boston. 2 miles to Bay Center Shopping areas; 2 miles to U-Mass Boston ; 3 miles to BU; 3 miles to Northeastern University.<br /><br />no smoking allowed in side or outside. It is smoking free building and 24/7 video systems in our building.",https://a0.muscache.com/pictures/4b9fcf48-d171-48c7-831e-9637e473a84b.jpg,105851798,https://www.airbnb.com/users/show/105851798,Anne,2016-12-01,"Boston, MA","我叫Anne Wang，來自中國歷史文化名城——西安，大學主修旅遊英語與會計，曾在國內從事翻譯工作。自1995年移居美國後，我從事過外貿進口業務、會計及客戶服務等工作，現已退休。

如今，我專注經營Airbnb多年，非常喜愛這個能將語言優勢與熱情好客相結合的平台，為來自世界各地的旅人提供舒適、安心的住宿體驗。

我的家是一座溫馨的花園別墅，擁有一個美麗的庭院、涼亭（gazebo）和戶外燒烤區，是放鬆身心或與親友共享晚餐的理想場所。房源整潔舒適，注重細節，讓人有賓至如歸的感覺。

我熱愛烹飪，尤其擅長製作家鄉陝西的傳統麵食，例如羊肉泡饃、擀麵皮、餃子、湯圓與粽子等。未來也計劃為有興趣的房客開設中餐文化體驗小課堂，一起分享中華美食的魅力與製作技巧。

期待在我的家中與您相遇，讓您的旅程更加溫馨與難忘！
You may translate this above me from Chinese to your language, due to 450 words limited .",within an hour,100%,99%,,https://a0.muscache.com/im/pictures/user/1b571b66-1b97-4e4f-8381-dd774e82b4b0.jpg?aki_policy=profile_small,https://a0.muscache.com/im/pictures/user/1b571b66-1b97-4e4f-8381-dd774e82b4b0.jpg?aki_policy=profile_x_medium,Dorchester,24,30,"['email', 'phone']",t,t,Neighborhood highlights,Dorchester,,42.30753,-71.06446,Private room in rental unit,Private room,2,2.0,2 shared baths,1.0,2.0,"[""Essentials"", ""Smoke alarm"", ""Dedicated workspace"", ""Dishes and silverware"", ""Clothing storage"", ""Paid washer \u2013 In building"", ""Self check-in"", ""Paid dryer \u2013 In building"", ""Oven"", ""Long term stays allowed"", ""Coffee maker"", ""Carbon monoxide alarm"", ""Cleaning products"", ""Bed linens"", ""Microwave"", ""Shampoo"", ""Luggage dropoff allowed"", ""Hair dryer"", ""Garden view"", ""Refrigerator"", ""Extra pillows and blankets"", ""Private patio or balcony"", ""Fire extinguisher"", ""Lock on bedroom door"", ""Dishwasher"", ""Keypad"", ""Cooking basics"", ""Kitchen"", ""Hot water"", ""Shared backyard \u2013 Fully fenced"", ""Heating"", ""Iron"", ""Wifi"", ""First aid kit"", ""Hangers"", ""Exterior security cameras on property"", ""Frigidaire gas stove"", ""Bathtub"", ""Free parking on premises"", ""Central air conditioning"", ""Free street parking""]",$71.00,29,180,29,29,1125,1125,29.0,1125.0,,t,12,42,72,252,2025-06-19,25,0,0,178,0,0,0.0,2018-08-30,2023-06-10,4.84,4.92,4.8,5.0,4.96,4.76,4.8,,f,12,0,12,0,0.3
937,28014596,https://www.airbnb.com/rooms/28014596,20250619031426,2025-06-19,city scrape,#B102 Boston Private room Cantal AC 全楼禁烟,"Recently renovated private room in a 4 bedroom house. 2 bathrooms, and modern kitchen fully equipped. Dish washer ; refrigerator; Microwave; water boiler; toaster; rice cooker; everything setups ready! . <br /><br /><br />Security: Keyless pad entry plus private room key.","In front of our building there is a beautiful park and a church.<br />Building on the left is City of Boston owned property, and our right is a home owned occupant in red building, good neighbor. <br /><br />Very convenient location easy to go around Boston. The bus route is right in the front of our building, which you may feel it's a bit noisy in the morning. We are 2 miles from Bay Center Shopping areas, 2 miles from U-Mass Boston, 3 miles from BU, and 3 miles from Northeastern University.<br /><br />Please no smoking allowed inside or outside our building. It is a smoke free building and 24/7 video systems is in our building.",https://a0.muscache.com/pictures/5306ae34-7d1d-4361-8dac-cf5a51d56843.jpg,105851798,https://www.airbnb.com/users/show/105851798,Anne,2016-12-01,"Boston, MA","我叫Anne Wang，來自中國歷史文化名城——西安，大學主修旅遊英語與會計，曾在國內從事翻譯工作。自1995年移居美國後，我從事過外貿進口業務、會計及客戶服務等工作，現已退休。

如今，我專注經營Airbnb多年，非常喜愛這個能將語言優勢與熱情好客相結合的平台，為來自世界各地的旅人提供舒適、安心的住宿體驗。

我的家是一座溫馨的花園別墅，擁有一個美麗的庭院、涼亭（gazebo）和戶外燒烤區，是放鬆身心或與親友共享晚餐的理想場所。房源整潔舒適，注重細節，讓人有賓至如歸的感覺。

我熱愛烹飪，尤其擅長製作家鄉陝西的傳統麵食，例如羊肉泡饃、擀麵皮、餃子、湯圓與粽子等。未來也計劃為有興趣的房客開設中餐文化體驗小課堂，一起分享中華美食的魅力與製作技巧。

期待在我的家中與您相遇，讓您的旅程更加溫馨與難忘！
You may translate this above me from Chinese to your language, due to 450 words limited .",within an hour,100%,99%,,https://a0.muscache.com/im/pictures/user/1b571b66-1b97-4e4f-8381-dd774e82b4b0.jpg?aki_policy=profile_small,https://a0.muscache.com/im/pictures/user/1b571b66-1b97-4e4f-8381-dd774e82b4b0.jpg?aki_policy=profile_x_medium,Dorchester,24,30,"['email', 'phone']",t,t,Neighborhood highlights,Dorchester,,42.30804,-71.06443,Private room in rental unit,Private room,1,2.0,2 shared baths,1.0,1.0,"[""Essentials"", ""Drying rack for clothing"", ""Clothing storage: closet"", ""Smoke alarm"", ""Dedicated workspace"", ""Dishes and silverware"", ""Paid washer \u2013 In building"", ""Hot water kettle"", ""Self check-in"", ""Paid dryer \u2013 In building"", ""Dining table"", ""Oven"", ""Room-darkening shades"", ""Long term stays allowed"", ""Coffee maker"", ""Carbon monoxide alarm"", ""Cleaning products"", ""Bed linens"", ""Microwave"", ""Shampoo"", ""Luggage dropoff allowed"", ""Hair dryer"", ""Garden view"", ""Refrigerator"", ""Extra pillows and blankets"", ""Private patio or balcony"", ""Fire extinguisher"", ""Lock on bedroom door"", ""Dishwasher"", ""Keypad"", ""Cooking basics"", ""Kitchen"", ""Hot water"", ""Rice maker"", ""Shared backyard \u2013 Fully fenced"", ""Iron"", ""Wifi"", ""Toaster"", ""First aid kit"", ""Hangers"", ""Single level home"", ""Central heating"", ""Exterior security cameras on property"", ""Whirlpool gas stove"", ""Bathtub"", ""Free parking on premises"", ""Central air conditioning"", ""Free street parking""]",$55.00,29,180,29,29,1125,1125,29.0,1125.0,,t,0,0,0,273,2025-06-19,32,1,0,104,1,58,3190.0,2018-09-03,2024-09-28,4.72,4.78,4.66,4.78,4.91,4.22,4.63,,f,12,0,12,0,0.39
946,28298193,https://www.airbnb.com/rooms/28298193,20250619031426,2025-06-19,city scrape,Luxury North End (Waterfront) walk to MGH Subway,Large studio apt on Boston's Waterfront (North End area).      There is a queen mahogany murphy bed so in the day time it is a living room and at night it is a bedroom.  There is a comfortable granite breakfast counter to work from.,"This apartment is located on the Waterfront (North End area) which is Boston's Little Italy.   Numerous italian restaurants within a 1 minute walk.   Walk the Freedom Trail, walk the Waterfront, North End, Faneuil Hall, Beacon Hill, MGH and other hospitals.  VERY fun area.",https://a0.muscache.com/pictures/89da0080-6df9-412e-8beb-3e81fe5ac1e9.jpg,180283497,https://www.airbnb.com/users/show/180283497,Michelle,2018-03-24,,,within a day,65%,24%,f,https://a0.muscache.com/im/pictures/user/80c96d1c-7c58-4116-bc2a-865d49c2e185.jpg?aki_policy=profile_small,https://a0.muscache.com/im/pictures/user/80c96d1c-7c58-4116-bc2a-865d49c2e185.jpg?aki_policy=profile_x_medium,Back Bay,15,18,['phone'],t,t,Neighborhood highlights,North End,,42.36573,-71.05145,Entire condo,Entire home/apt,2,1.0,1 bath,0.0,1.0,"[""Essentials"", ""Air conditioning"", ""Smoke alarm"", ""Dedicated workspace"", ""Elevator"", ""Self check-in"", ""Long term stays allowed"", ""Carbon monoxide alarm"", ""Hair dryer"", ""Refrigerator"", ""Lockbox"", ""Fire extinguisher"", ""TV"", ""Kitchen"", ""Hot water"", ""Heating"", ""Iron"", ""Wifi"", ""Hangers""]",$255.00,30,1125,30,30,1125,1125,30.0,1125.0,,t,29,59,73,210,2025-06-19,0,0,0,73,0,0,0.0,,,,,,,,,,,f,7,7,0,0,
980,29513275,https://www.airbnb.com/rooms/29513275,20250619031426,2025-06-19,city scrape,Back Bay studio on Marlborough St (91 night min),Front facing Back Bay studio in a brownstone on Marlborough queen mahogany murphy bed.   Located on the corner of Clarendon St.  Close to the subway and close to many attractions.,,https://a0.muscache.com/pictures/77236f74-8b7d-4244-98be-c023faa6ac6d.jpg,180283497,https://www.airbnb.com/users/show/180283497,Michelle,2018-03-24,,,within a day,65%,24%,f,https://a0.muscache.com/im/pictures/user/80c96d1c-7c58-4116-bc2a-865d49c2e185.jpg?aki_policy=profile_small,https://a0.muscache.com/im/pictures/user/80c96d1c-7c58-4116-bc2a-865d49c2e185.jpg?aki_policy=profile_x_medium,Back Bay,15,18,['phone'],t,t,,Back Bay,,42.35198,-71.07777,Entire condo,Entire home/apt,2,1.0,1 bath,0.0,1.0,"[""Essentials"", ""Washer"", ""Air conditioning"", ""Smoke alarm"", ""Dishes and silverware"", ""Self check-in"", ""Long term stays allowed"", ""Carbon monoxide alarm"", ""Shampoo"", ""Hair dryer"", ""Refrigerator"", ""Fire extinguisher"", ""TV"", ""Dryer"", ""Keypad"", ""Kitchen"", ""Hot water"", ""Heating"", ""Iron"", ""Wifi"", ""Hangers"", ""Coffee maker""]",$90.00,91,1125,91,91,1125,1125,91.0,1125.0,,t,29,59,89,364,2025-06-19,1,0,0,195,0,0,0.0,2021-01-31,2021-01-31,5.0,5.0,5.0,5.0,5.0,5.0,5.0,,f,7,7,0,0,0.02
1007,30268517,https://www.airbnb.com/rooms/30268517,20250619031426,2025-06-19,city scrape,#B201 private full size bed room Boston,private very small room one full size bed in a 2nd floor with keyless front door entry. <br />Brand new central air heating and cooling AC system <br /><br /><br />Has a mirror door closet. Fits student or signaler with low affordble budget only.  <br /><br />2 bathrooms and one modern kitchen. Tenants must clean each use it. Daily services is not available. <br /><br />Bus 15 directly goes to NEU ; <br />10 min driving or busses #15 & # 17 right outside house to connect you to Redline train .,"In front of our building is a beautiful park and a church. <br />Building left is city of Boston owned property , and our right is a home owner occupied red building good neighborhood .<br /><br />Very convenient location easy to go to Boston. 2 miles to Bay Center Shopping areas; 2 miles to U-Mass Boston ; 3 miles to BU; 3 miles to Northeastern University.<br /><br />no smoking allowed in side or outside. It is smoking free building and 24/7 video systems in our building.",https://a0.muscache.com/pictures/e6872a41-a105-413d-9280-1e84099ff993.jpg,105851798,https://www.airbnb.com/users/show/105851798,Anne,2016-12-01,"Boston, MA","我叫Anne Wang，來自中國歷史文化名城——西安，大學主修旅遊英語與會計，曾在國內從事翻譯工作。自1995年移居美國後，我從事過外貿進口業務、會計及客戶服務等工作，現已退休。

如今，我專注經營Airbnb多年，非常喜愛這個能將語言優勢與熱情好客相結合的平台，為來自世界各地的旅人提供舒適、安心的住宿體驗。

我的家是一座溫馨的花園別墅，擁有一個美麗的庭院、涼亭（gazebo）和戶外燒烤區，是放鬆身心或與親友共享晚餐的理想場所。房源整潔舒適，注重細節，讓人有賓至如歸的感覺。

我熱愛烹飪，尤其擅長製作家鄉陝西的傳統麵食，例如羊肉泡饃、擀麵皮、餃子、湯圓與粽子等。未來也計劃為有興趣的房客開設中餐文化體驗小課堂，一起分享中華美食的魅力與製作技巧。

期待在我的家中與您相遇，讓您的旅程更加溫馨與難忘！
You may translate this above me from Chinese to your language, due to 450 words limited .",within an hour,100%,99%,,https://a0.muscache.com/im/pictures/user/1b571b66-1b97-4e4f-8381-dd774e82b4b0.jpg?aki_policy=profile_small,https://a0.muscache.com/im/pictures/user/1b571b66-1b97-4e4f-8381-dd774e82b4b0.jpg?aki_policy=profile_x_medium,Dorchester,24,30,"['email', 'phone']",t,t,Neighborhood highlights,Dorchester,,42.30724,-71.06438,Private room in rental unit,Private room,1,2.0,2 shared baths,1.0,1.0,"[""Essentials"", ""Drying rack for clothing"", ""Clothing storage: closet"", ""Smoke alarm"", ""Shared patio or balcony"", ""Dedicated workspace"", ""Dishes and silverware"", ""Paid washer \u2013 In building"", ""Hot water kettle"", ""Self check-in"", ""Paid dryer \u2013 In building"", ""Dining table"", ""Oven"", ""Room-darkening shades"", ""Long term stays allowed"", ""Coffee maker"", ""Carbon monoxide alarm"", ""Cleaning products"", ""Bed linens"", ""Microwave"", ""Heating - split type ductless system"", ""Hair dryer"", ""Luggage dropoff allowed"", ""Freezer"", ""Garden view"", ""Refrigerator"", ""Extra pillows and blankets"", ""AC - split type ductless system"", ""Fire extinguisher"", ""Lock on bedroom door"", ""Dishwasher"", ""Laundromat nearby"", ""Keypad"", ""Cooking basics"", ""Fast wifi \u2013 368 Mbps"", ""Kitchen"", ""Hot water"", ""Rice maker"", ""Shared backyard \u2013 Fully fenced"", ""Iron"", ""Toaster"", ""First aid kit"", ""Hangers"", ""Frigidaire gas stove"", ""Bathtub"", ""Free parking on premises"", ""Free street parking""]",$50.00,29,150,29,29,1125,1125,29.0,1125.0,,t,12,42,72,346,2025-06-19,15,3,0,178,2,174,8700.0,2019-04-15,2025-04-22,4.87,4.93,4.87,5.0,4.93,4.53,4.8,,f,12,0,12,0,0.2
1023,30981268,https://www.airbnb.com/rooms/30981268,20250619031426,2025-06-19,city scrape,"BACK BAY walk to Berklee, Northeastern, Newbury St","Back Bay close to the subway.   Includes utilities including basic cable and wireless internet.   Walk to the subway Berklee, Hynes Convention Center, Northeastern University, Newbury Street, Fenway Park and all the Back Bay has to offer.   Apartment has a queen murphy bed.",,https://a0.muscache.com/pictures/3ecf4639-91e0-42a6-a5e3-9ef4e87fd0e0.jpg,180283497,https://www.airbnb.com/users/show/180283497,Michelle,2018-03-24,,,within a day,65%,24%,f,https://a0.muscache.com/im/pictures/user/80c96d1c-7c58-4116-bc2a-865d49c2e185.jpg?aki_policy=profile_small,https://a0.muscache.com/im/pictures/user/80c96d1c-7c58-4116-bc2a-865d49c2e185.jpg?aki_policy=profile_x_medium,Back Bay,15,18,['phone'],t,t,,Fenway,,42.34622,-71.0904,Entire condo,Entire home/apt,2,1.0,1 bath,0.0,1.0,"[""Wine glasses"", ""Essentials"", ""Washer"", ""Clothing storage: closet"", ""Air conditioning"", ""Smoke alarm"", ""Housekeeping available every day - available at extra cost"", ""Dishes and silverware"", ""Elevator"", ""Self check-in"", ""Dining table"", ""Long term stays allowed"", ""Coffee maker"", ""Carbon monoxide alarm"", ""Cleaning products"", ""Bed linens"", ""Microwave"", ""Hair dryer"", ""Body soap"", ""Freezer"", ""Ge stainless steel oven"", ""Refrigerator"", ""Lockbox"", ""TV"", ""Dishwasher"", ""Laundromat nearby"", ""Dryer"", ""Cooking basics"", ""Kitchen"", ""Hot water"", ""Heating"", ""Iron"", ""Wifi"", ""Hangers"", ""Stove"", ""Bathtub""]",$177.00,29,1125,29,29,1125,1125,29.0,1125.0,,t,29,44,58,333,2025-06-19,3,0,0,164,0,0,0.0,2019-01-01,2021-06-14,4.33,5.0,4.67,5.0,5.0,5.0,4.67,,f,7,7,0,0,0.04
1036,32102560,https://www.airbnb.com/rooms/32102560,20250619031426,2025-06-19,city scrape,#B101 Boston New Central  AC queen bed 全楼禁烟 厨具齐备,"new central AC , one Queen bed, very comfortable , new beddings, fits one person or a couple. <br /><br />This room has hardware Internet connections! This room has 4 windows which very sunny and lots nature light through, but facing street, you May hear buses running ; <br /><br /><br />Near U-Mass University and only 2 miles to downtown Boston . Very clean room. The bus in front of our building directly connected you to Redline train station. Fields Corner. Or you can walk to the train only 0.6 miles <br /><br /><br /><br />.","My neighbors: the left side is senior apartment building owned by Boston Housing Authority, my right side is the brown 3 family house, all young professionals and lawyers lives there. <br /><br />I have owned this building for almost 20 years, I like here as so close to the city , only 2.5 miles to Downtown Boston.",https://a0.muscache.com/pictures/60dceea5-d8a2-4207-8402-44fbe6825814.jpg,105851798,https://www.airbnb.com/users/show/105851798,Anne,2016-12-01,"Boston, MA","我叫Anne Wang，來自中國歷史文化名城——西安，大學主修旅遊英語與會計，曾在國內從事翻譯工作。自1995年移居美國後，我從事過外貿進口業務、會計及客戶服務等工作，現已退休。

如今，我專注經營Airbnb多年，非常喜愛這個能將語言優勢與熱情好客相結合的平台，為來自世界各地的旅人提供舒適、安心的住宿體驗。

我的家是一座溫馨的花園別墅，擁有一個美麗的庭院、涼亭（gazebo）和戶外燒烤區，是放鬆身心或與親友共享晚餐的理想場所。房源整潔舒適，注重細節，讓人有賓至如歸的感覺。

我熱愛烹飪，尤其擅長製作家鄉陝西的傳統麵食，例如羊肉泡饃、擀麵皮、餃子、湯圓與粽子等。未來也計劃為有興趣的房客開設中餐文化體驗小課堂，一起分享中華美食的魅力與製作技巧。

期待在我的家中與您相遇，讓您的旅程更加溫馨與難忘！
You may translate this above me from Chinese to your language, due to 450 words limited .",within an hour,100%,99%,,https://a0.muscache.com/im/pictures/user/1b571b66-1b97-4e4f-8381-dd774e82b4b0.jpg?aki_policy=profile_small,https://a0.muscache.com/im/pictures/user/1b571b66-1b97-4e4f-8381-dd774e82b4b0.jpg?aki_policy=profile_x_medium,Dorchester,24,30,"['email', 'phone']",t,t,Neighborhood highlights,Dorchester,,42.30956,-71.06524,Private room in rental unit,Private room,1,2.0,2 shared baths,1.0,1.0,"[""Essentials"", ""Smoke alarm"", ""Fast wifi \u2013 226 Mbps"", ""Dedicated workspace"", ""Dishes and silverware"", ""Clothing storage: wardrobe"", ""Paid washer \u2013 In building"", ""Hot water kettle"", ""Self check-in"", ""Paid dryer \u2013 In building"", ""Dining table"", ""Oven"", ""Room-darkening shades"", ""Long term stays allowed"", ""Coffee maker"", ""Carbon monoxide alarm"", ""Cleaning products"", ""Bed linens"", ""Microwave"", ""Shampoo"", ""Luggage dropoff allowed"", ""Hair dryer"", ""Garden view"", ""Refrigerator"", ""Pets allowed"", ""Fire extinguisher"", ""Lock on bedroom door"", ""Dishwasher"", ""Keypad"", ""Cooking basics"", ""Kitchen"", ""Hot water"", ""Rice maker"", ""Shared backyard \u2013 Fully fenced"", ""Conditioner"", ""Iron"", ""Toaster"", ""First aid kit"", ""Hangers"", ""Central heating"", ""Whirlpool gas stove"", ""Bathtub"", ""Free parking on premises"", ""Central air conditioning"", ""Free street parking""]",$60.00,29,200,29,29,1125,1125,29.0,1125.0,,t,0,17,47,322,2025-06-19,28,2,0,153,1,116,6960.0,2019-03-07,2025-05-05,4.39,4.57,4.46,4.46,4.57,4.18,4.36,,f,12,0,12,0,0.37
1039,32309630,https://www.airbnb.com/rooms/32309630,20250619031426,2025-06-19,city scrape,109S8 | The Strathmore 8 w/AC | 1BR 1BA | Private,"Discover a cozy city retreat that promises urban comfort with a touch of charm. Nestled conveniently, just a block from the Green Line Street Car, this one-bedroom haven offers seamless access to Boston's vibrant heart. Fully equipped for your needs and featuring air conditioning, it's the perfect mix of homey comfort and city convenience. Short walk to Cleveland Circle, Beacon Street. and Comm Avenue and walkable to BC! Ready to explore Boston? Book your stay in this inviting escape today!",,https://a0.muscache.com/pictures/prohost-api/Hosting-32309630/original/5809dfc1-f454-415e-bc17-3500f0b8063c.jpeg,71783,https://www.airbnb.com/users/show/71783,Lance,2010-01-19,"Boston, MA","Lance R. Swank, Principal

His units offer comfortable and luxurious appointments to compliment the style of the building, whether a newly constructed condo or a historic Brownstone. Visitors to Boston seeking a furnished apartment without the corporate, hotel-room-like feel of most furnished rentals will find themselves more at home in Lance’s spaces.

Lance is the President of LSBM Management, LLC and holds an MBA degree from of the F.W. Olin Graduate School of Business at Babson College. He lives and invests in the City of Boston.",within a few hours,87%,96%,f,https://a0.muscache.com/im/users/71783/profile_pic/1342801683/original.jpg?aki_policy=profile_small,https://a0.muscache.com/im/users/71783/profile_pic/1342801683/original.jpg?aki_policy=profile_x_medium,Dorchester,60,97,"['email', 'phone', 'work_email']",t,t,,Brighton,,42.33931,-71.15122,Entire rental unit,Entire home/apt,3,1.0,1 bath,1.0,1.0,"[""Wine glasses"", ""Essentials"", ""Private entrance"", ""Drying rack for clothing"", ""Baking sheet"", ""Air conditioning"", ""Smoke alarm"", ""Dedicated workspace"", ""Dishes and silverware"", ""Books and reading material"", ""Clothing storage"", ""Hot water kettle"", ""Self check-in"", ""Oven"", ""Room-darkening shades"", ""Long term stays allowed"", ""Coffee maker"", ""Carbon monoxide alarm"", ""Cleaning products"", ""Bed linens"", ""Microwave"", ""Housekeeping - available at extra cost"", ""Shampoo"", ""TV with standard cable"", ""Hair dryer"", ""Body soap"", ""Freezer"", ""Refrigerator"", ""Pets allowed"", ""Lockbox"", ""Fire extinguisher"", ""Dishwasher"", ""Laundromat nearby"", ""Cooking basics"", ""Kitchen"", ""Bread maker"", ""Hot water"", ""Heating"", ""Iron"", ""Wifi"", ""Toaster"", ""Hangers"", ""Single level home"", ""Exterior security cameras on property"", ""Stove"", ""Portable fans"", ""Bathtub"", ""Free street parking""]",$144.00,30,180,30,30,1125,1125,30.0,1125.0,,t,0,0,13,119,2025-06-19,13,1,0,119,2,60,8640.0,2019-03-18,2024-06-26,4.46,4.62,4.62,4.85,4.92,4.92,4.31,,f,58,18,40,0,0.17
1066,33467259,https://www.airbnb.com/rooms/33467259,20250619031426,2025-06-19,previous scrape,109S2 | The Strathmore 2 | 3BR 2B w/AC | Bi-Level,"Discover a cozy city retreat that promises urban comfort with a touch of charm. Nestled conveniently, just a block from the Green Line Street Car, this three-bedroom haven offers seamless access to Boston's vibrant heart. Fully equipped for your needs and featuring air conditioning, it's the perfect mix of homey comfort and city convenience. Short walk to Cleveland Circle, Beacon Street. and Comm Avenue and walkable to BC! Ready to explore Boston? Book your stay in this inviting escape today!",,https://a0.muscache.com/pictures/prohost-api/Hosting-33467259/original/f21a442d-9255-41d4-90c9-1a855534ce11.jpeg,71783,https://www.airbnb.com/users/show/71783,Lance,2010-01-19,"Boston, MA","Lance R. Swank, Principal

His units offer comfortable and luxurious appointments to compliment the style of the building, whether a newly constructed condo or a historic Brownstone. Visitors to Boston seeking a furnished apartment without the corporate, hotel-room-like feel of most furnished rentals will find themselves more at home in Lance’s spaces.

Lance is the President of LSBM Management, LLC and holds an MBA degree from of the F.W. Olin Graduate School of Business at Babson College. He lives and invests in the City of Boston.",within a few hours,87%,96%,f,https://a0.muscache.com/im/users/71783/profile_pic/1342801683/original.jpg?aki_policy=profile_small,https://a0.muscache.com/im/users/71783/profile_pic/1342801683/original.jpg?aki_policy=profile_x_medium,Dorchester,60,97,"['email', 'phone', 'work_email']",t,t,,Brighton,,42.33931,-71.15122,Entire rental unit,Entire home/apt,6,,2 baths,3.0,,"[""Wine glasses"", ""Essentials"", ""Private entrance"", ""Drying rack for clothing"", ""Baking sheet"", ""Air conditioning"", ""Smoke alarm"", ""Dedicated workspace"", ""Dishes and silverware"", ""Books and reading material"", ""Clothing storage"", ""Hot water kettle"", ""Self check-in"", ""Dining table"", ""Oven"", ""Room-darkening shades"", ""Long term stays allowed"", ""Coffee maker"", ""Carbon monoxide alarm"", ""Cleaning products"", ""Bed linens"", ""Microwave"", ""Housekeeping - available at extra cost"", ""Shampoo"", ""Hair dryer"", ""Body soap"", ""Freezer"", ""Refrigerator"", ""Pets allowed"", ""Extra pillows and blankets"", ""Lockbox"", ""Fire extinguisher"", ""TV"", ""Dishwasher"", ""Laundromat nearby"", ""Cooking basics"", ""Kitchen"", ""Bread maker"", ""Hot water"", ""Rice maker"", ""Heating"", ""Iron"", ""Wifi"", ""Toaster"", ""Hangers"", ""Exterior security cameras on property"", ""Stove"", ""Portable fans"", ""Bathtub"", ""Blender"", ""Free street parking""]",,30,365,30,30,1125,1125,30.0,1125.0,,t,7,15,24,179,2025-06-19,7,1,0,28,2,60,,2019-12-22,2024-08-03,4.86,4.57,4.57,4.57,4.57,4.86,4.57,,t,58,18,40,0,0.1
1126,36106804,https://www.airbnb.com/rooms/36106804,20250619031426,2025-06-19,city scrape,"NEW! Boston Condo Near MBTA, 3 Mi to Fenway! (U2)","🎉 Welcome to Boston! My condo, is just 8 minutes away from the commuter rail (that's 2 stops and an 11-minute ride to South Station—super fast!). The space is open and airy, comfortably sleeping 6 adults. Plenty of room to stretch out! 🙌<br /><br />There's free, easy on-street parking right outside the condo. So convenient! 🚗<br /><br />As an experienced host with almost 5 years on Airbnb and other channels, I know what it takes to make your stay amazing. I’d be thrilled to host you and you and your group!","ATTRACTIONS: Fenway Park (3.2 miles), Quincy Market (3.8 miles), The Institute of Contemporary Art (3.4 miles), New England Aquarium (4.0 miles), JFK Presidential Library<br />Museum (2.7 miles), Boston Tea Party Ship & Museum (3.4 miles), Custom House Tower (4.0 miles)<br />COLLEGES: Northeastern University (1.7 miles) Boston University (3.3 miles), Boston College (6.4 miles), Harvard University (7.4 miles)<br />OUTDOOR ACTIVITY: Freedom Trail (3.2 miles), Boston Common (3.1 miles), Boston Public Garden (3.1 miles), Boston Harbor Cruises (4.1 miles), Boston Common Frog Pond (3.1 miles)<br />TRANSPORTATION: Upham's Corner (0.6 miles), Newmarket Square Bluebikes Station (1.0 miles)<br />DAY TRIPS: Vineyard Ferries - Martha’s Vineyard (73.1 miles), Cape Cod (67.4 miles)<br />AIRPORT: Boston Logan International Airport (5.1 miles)",https://a0.muscache.com/pictures/8185b9d4-213a-4be5-ad22-17cc8e863987.jpg,41266357,https://www.airbnb.com/users/show/41266357,Frank,2015-08-12,"Boston, MA",,within an hour,100%,98%,f,https://a0.muscache.com/im/pictures/user/f7e545d9-765b-49a7-9652-7c2024e77800.jpg?aki_policy=profile_small,https://a0.muscache.com/im/pictures/user/f7e545d9-765b-49a7-9652-7c2024e77800.jpg?aki_policy=profile_x_medium,Roxbury,5,5,"['email', 'phone']",t,t,Neighborhood highlights,Roxbury,,42.32078,-71.07481,Entire condo,Entire home/apt,6,1.0,1 bath,3.0,3.0,"[""Wine glasses"", ""Essentials"", ""Clothing storage: closet and dresser"", ""Air conditioning"", ""Smoke alarm"", ""Dishes and silverware"", ""Books and reading material"", ""Hot water kettle"", ""City skyline view"", ""Self check-in"", ""Dining table"", ""Oven"", ""Room-darkening shades"", ""Long term stays allowed"", ""Coffee maker"", ""Carbon monoxide alarm"", ""Cleaning products"", ""Bed linens"", ""Microwave"", ""Hair dryer"", ""Body soap"", ""Board games"", ""Freezer"", ""Garden view"", ""Refrigerator"", ""Extra pillows and blankets"", ""Private patio or balcony"", ""Lockbox"", ""Fire extinguisher"", ""TV"", ""Pack \u2019n play/Travel crib - available upon request"", ""Dishwasher"", ""Laundromat nearby"", ""Cooking basics"", ""Kitchen"", ""Hot water"", ""Gas stove"", ""Shower gel"", ""Heating"", ""Iron"", ""Wifi"", ""Toaster"", ""First aid kit"", ""Hangers"", ""Portable fans"", ""Bathtub"", ""Free street parking""]",$234.00,3,1125,3,3,3,1125,3.0,190.5,,t,18,34,52,319,2025-06-19,150,10,0,152,12,60,14040.0,2020-01-04,2025-05-06,4.75,4.74,4.75,4.88,4.83,4.41,4.69,STR-414833,t,4,4,0,0,2.26
1134,36291586,https://www.airbnb.com/rooms/36291586,20250619031426,2025-06-19,city scrape,Luxury Back Bay studio on Prestigious Marlborough,"Back  Bay studio apartment located in a brownstone with bow window.  Walk to subway, Fenway Park, Newbury Street, Hynes Convention Center, Copley Place, numerous restaurants, cafes and shops and much more.",,https://a0.muscache.com/pictures/7b4e2933-fb61-4876-ab9a-3b930435f9cb.jpg,155595193,https://www.airbnb.com/users/show/155595193,Michelle,2017-10-21,"Newburyport, MA",,within a day,60%,27%,f,https://a0.muscache.com/im/pictures/user/6f43c46c-379d-430b-aebf-cf051439e1c9.jpg?aki_policy=profile_small,https://a0.muscache.com/im/pictures/user/6f43c46c-379d-430b-aebf-cf051439e1c9.jpg?aki_policy=profile_x_medium,Back Bay,11,16,['phone'],t,t,,Back Bay,,42.35,-71.08718,Entire condo,Entire home/apt,2,1.0,1 bath,0.0,1.0,"[""Essentials"", ""Clothing storage: closet"", ""Air conditioning"", ""Smoke alarm"", ""Dishes and silverware"", ""Dining table"", ""Long term stays allowed"", ""Carbon monoxide alarm"", ""Cleaning products"", ""Bed linens"", ""Microwave"", ""Hair dryer"", ""Freezer"", ""Refrigerator"", ""Fire extinguisher"", ""TV"", ""Dishwasher"", ""Laundromat nearby"", ""Cooking basics"", ""Indoor fireplace"", ""Kitchen"", ""Hot water"", ""Heating"", ""Iron"", ""Wifi"", ""Hangers"", ""Coffee maker: drip coffee maker"", ""Stove""]",$202.00,32,1125,32,32,1125,1125,32.0,1125.0,,t,2,10,40,315,2025-06-19,0,0,0,146,0,0,0.0,,,,,,,,,,,f,8,8,0,0,
1149,36829501,https://www.airbnb.com/rooms/36829501,20250619031426,2025-06-19,city scrape,Drastic price reduction 6 month rental-IN BACK BAY,"Bostons Best Rentals offers this This absolutely beautiful furnished studio apartment in the Back Bay.   The apartment is in a prime location...walk to Newbury St, Fenway Park, Berklee college, Northeastern, the subway and more.. This is a studio apartment that has a Queen murphy bed, updated kitchen with granite counters stainless steel appliance, plantation shutters. Nicely decorated.  Close to the Longwood area hospitals.",ON The Back Bay and Fenway line -very short walk to numerous shops cafes and restaurants...close to longwood hospitals,https://a0.muscache.com/pictures/bf8d450c-6222-44b6-ac58-d42fe10209d3.jpg,38997,https://www.airbnb.com/users/show/38997,Michelle,2009-09-16,,,within a few hours,93%,53%,t,https://a0.muscache.com/im/pictures/user/134447ef-915a-418a-8370-afe9642591f8.jpg?aki_policy=profile_small,https://a0.muscache.com/im/pictures/user/134447ef-915a-418a-8370-afe9642591f8.jpg?aki_policy=profile_x_medium,Back Bay,21,29,"['email', 'phone']",t,t,Neighborhood highlights,Fenway,,42.34591,-71.09201,Entire condo,Entire home/apt,2,1.0,1 bath,0.0,1.0,"[""Wine glasses"", ""Essentials"", ""Washer"", ""Baking sheet"", ""Clothing storage: closet"", ""Air conditioning"", ""Smoke alarm"", ""Dishes and silverware"", ""GE stainless steel gas stove"", ""Elevator"", ""Hot water kettle"", ""Dining table"", ""Oven"", ""Long term stays allowed"", ""Coffee maker"", ""Carbon monoxide alarm"", ""Cleaning products"", ""Bed linens"", ""Microwave"", ""TV with standard cable"", ""Hair dryer"", ""Freezer"", ""Refrigerator"", ""Extra pillows and blankets"", ""Dishwasher"", ""Laundromat nearby"", ""Cooking basics"", ""Kitchen"", ""Hot water"", ""Heating"", ""Iron"", ""Wifi"", ""Toaster"", ""Hangers"", ""Bathtub""]",$173.00,120,1125,120,120,1125,1125,120.0,1125.0,,t,28,58,88,363,2025-06-19,0,0,0,194,0,0,0.0,,,,,,,,,,,f,12,12,0,0,
1178,38215747,https://www.airbnb.com/rooms/38215747,20250619031426,2025-06-19,city scrape,109S15 | The Strathmore 15 | 1BR 1B w/AC | Private,"Discover a cozy city retreat that promises urban comfort with a touch of charm. Nestled conveniently, just a block from the Green Line Street Car, this one-bedroom haven offers seamless access to Boston's vibrant heart. Fully equipped for your needs and featuring air conditioning, it's the perfect mix of homey comfort and city convenience. Short walk to Cleveland Circle, Beacon Street. and Comm Avenue and walkable to BC! Ready to explore Boston? Book your stay in this inviting escape today!","Brighton is a dissolved municipality and current neighborhood of Boston, Massachusetts,  United States, located in the northwestern corner of the city. It is named after the town of Brighton in the English city of Brighton and Hove. Initially, Brighton was part of Cambridge, and known as ""Little Cambridge"".  Our area of Brighton is right beside Boston College.",https://a0.muscache.com/pictures/prohost-api/Hosting-38215747/original/bb6c8c47-8688-47a6-8543-8c507f6aa79f.jpeg,71783,https://www.airbnb.com/users/show/71783,Lance,2010-01-19,"Boston, MA","Lance R. Swank, Principal

His units offer comfortable and luxurious appointments to compliment the style of the building, whether a newly constructed condo or a historic Brownstone. Visitors to Boston seeking a furnished apartment without the corporate, hotel-room-like feel of most furnished rentals will find themselves more at home in Lance’s spaces.

Lance is the President of LSBM Management, LLC and holds an MBA degree from of the F.W. Olin Graduate School of Business at Babson College. He lives and invests in the City of Boston.",within a few hours,87%,96%,f,https://a0.muscache.com/im/users/71783/profile_pic/1342801683/original.jpg?aki_policy=profile_small,https://a0.muscache.com/im/users/71783/profile_pic/1342801683/original.jpg?aki_policy=profile_x_medium,Dorchester,60,97,"['email', 'phone', 'work_email']",t,t,Neighborhood highlights,Brighton,,42.33931,-71.15122,Entire rental unit,Entire home/apt,3,1.0,1 bath,1.0,2.0,"[""Wine glasses"", ""Essentials"", ""Private entrance"", ""Drying rack for clothing"", ""Baking sheet"", ""Air conditioning"", ""Smoke alarm"", ""Dedicated workspace"", ""Dishes and silverware"", ""Books and reading material"", ""Clothing storage"", ""Hot water kettle"", ""Self check-in"", ""Oven"", ""Long term stays allowed"", ""Coffee maker"", ""Carbon monoxide alarm"", ""Cleaning products"", ""Bed linens"", ""Microwave"", ""Housekeeping - available at extra cost"", ""Shampoo"", ""Hair dryer"", ""Body soap"", ""Freezer"", ""Refrigerator"", ""Pets allowed"", ""Extra pillows and blankets"", ""Lockbox"", ""Fire extinguisher"", ""TV"", ""Dishwasher"", ""Laundromat nearby"", ""Cooking basics"", ""Kitchen"", ""Bread maker"", ""Hot water"", ""Rice maker"", ""Heating"", ""Iron"", ""Wifi"", ""Toaster"", ""Hangers"", ""Single level home"", ""Exterior security cameras on property"", ""Stove"", ""Portable fans"", ""Bathtub"", ""Blender"", ""Free street parking""]",$116.00,30,365,30,30,1125,1125,30.0,1125.0,,t,26,56,86,343,2025-06-19,14,7,0,192,5,255,29580.0,2020-02-11,2025-04-03,4.57,4.57,4.0,4.71,4.43,4.86,4.5,,f,58,18,40,0,0.21
1180,38301053,https://www.airbnb.com/rooms/38301053,20250619031426,2025-06-19,city scrape,#B203 private AC full size bed 全楼禁烟Boston,Brand new AC and heating mini split ductless system. <br /><br />Near Umass Boston ; bus #15 goes to North Eastern University directly ;the room in a 5 bedroom apartment 2nd floor ; <br />2 shared bathrooms and one full loaded kitchen.<br /><br />Professional cleaning company take cares this unit on weekly basis.,"My neighbor <br />left  side : senior building city of Boston owns ; <br />Right side : three family building owners occupied, all young professionals living there",https://a0.muscache.com/pictures/85a9b99b-17f8-4f8c-a9e7-5a9f67caecc5.jpg,105851798,https://www.airbnb.com/users/show/105851798,Anne,2016-12-01,"Boston, MA","我叫Anne Wang，來自中國歷史文化名城——西安，大學主修旅遊英語與會計，曾在國內從事翻譯工作。自1995年移居美國後，我從事過外貿進口業務、會計及客戶服務等工作，現已退休。

如今，我專注經營Airbnb多年，非常喜愛這個能將語言優勢與熱情好客相結合的平台，為來自世界各地的旅人提供舒適、安心的住宿體驗。

我的家是一座溫馨的花園別墅，擁有一個美麗的庭院、涼亭（gazebo）和戶外燒烤區，是放鬆身心或與親友共享晚餐的理想場所。房源整潔舒適，注重細節，讓人有賓至如歸的感覺。

我熱愛烹飪，尤其擅長製作家鄉陝西的傳統麵食，例如羊肉泡饃、擀麵皮、餃子、湯圓與粽子等。未來也計劃為有興趣的房客開設中餐文化體驗小課堂，一起分享中華美食的魅力與製作技巧。

期待在我的家中與您相遇，讓您的旅程更加溫馨與難忘！
You may translate this above me from Chinese to your language, due to 450 words limited .",within an hour,100%,99%,,https://a0.muscache.com/im/pictures/user/1b571b66-1b97-4e4f-8381-dd774e82b4b0.jpg?aki_policy=profile_small,https://a0.muscache.com/im/pictures/user/1b571b66-1b97-4e4f-8381-dd774e82b4b0.jpg?aki_policy=profile_x_medium,Dorchester,24,30,"['email', 'phone']",t,t,Neighborhood highlights,Dorchester,,42.30781,-71.0653,Private room in rental unit,Private room,1,2.0,2 shared baths,1.0,1.0,"[""Wine glasses"", ""Essentials"", ""Private entrance"", ""Clothing storage: closet"", ""Smoke alarm"", ""Shared patio or balcony"", ""Dedicated workspace"", ""Dishes and silverware"", ""Paid washer \u2013 In building"", ""Hot water kettle"", ""Self check-in"", ""Paid dryer \u2013 In building"", ""Dining table"", ""Oven"", ""Room-darkening shades"", ""Long term stays allowed"", ""Coffee maker"", ""Carbon monoxide alarm"", ""Cleaning products"", ""Bed linens"", ""Microwave"", ""Shampoo"", ""Heating - split type ductless system"", ""Hair dryer"", ""Luggage dropoff allowed"", ""Garden view"", ""Refrigerator"", ""Extra pillows and blankets"", ""AC - split type ductless system"", ""Fire extinguisher"", ""Lock on bedroom door"", ""Dishwasher"", ""Laundromat nearby"", ""Keypad"", ""Cooking basics"", ""Kitchen"", ""Hot water"", ""Rice maker"", ""Shared backyard \u2013 Fully fenced"", ""Iron"", ""Wifi"", ""Toaster"", ""First aid kit"", ""Hangers"", ""Single level home"", ""Frigidaire gas stove"", ""Bathtub"", ""Free parking on premises"", ""Free street parking""]",$85.00,29,180,29,29,180,180,29.0,180.0,,t,27,54,83,260,2025-06-19,10,1,0,186,1,58,4930.0,2019-12-15,2025-05-02,4.9,4.9,4.5,5.0,5.0,4.1,4.4,,f,12,0,12,0,0.15
1233,40299766,https://www.airbnb.com/rooms/40299766,20250619031426,2025-06-19,city scrape,Back Bay-Around corner from Famous Newbury St,"ooston's Best Rentals offers this Back Bay one bedroom ...one street over from Newbury Street and subway.    Live in the heart of the city.   Numerous restaurants, cafes, shops are just around the corner.   The Hynes Convention Center, Copley Place, The Prudential Center, Sheraton, Marriott, Westin, Four Seasons, Mandarin etc are within a 2-5 minute walk.  Everyone loves this apt!!  BOOK 32 NIGHTS MINIMUM TO AVOID TAXES.",,https://a0.muscache.com/pictures/e445d6bb-3b98-4a45-95dc-b65e7a49e403.jpg,38997,https://www.airbnb.com/users/show/38997,Michelle,2009-09-16,,,within a few hours,93%,53%,t,https://a0.muscache.com/im/pictures/user/134447ef-915a-418a-8370-afe9642591f8.jpg?aki_policy=profile_small,https://a0.muscache.com/im/pictures/user/134447ef-915a-418a-8370-afe9642591f8.jpg?aki_policy=profile_x_medium,Back Bay,21,29,"['email', 'phone']",t,t,,Back Bay,,42.35036,-71.08368,Entire condo,Entire home/apt,2,1.0,1 bath,1.0,1.0,"[""Wine glasses"", ""Essentials"", ""Washer"", ""Baking sheet"", ""Clothing storage: closet"", ""Air conditioning"", ""Smoke alarm"", ""Dishes and silverware"", ""Elevator"", ""Hot water kettle"", ""Long term stays allowed"", ""Coffee maker"", ""Carbon monoxide alarm"", ""Bed linens"", ""Microwave"", ""Hair dryer"", ""Freezer"", ""Ge stainless steel oven"", ""Refrigerator"", ""TV"", ""Dishwasher"", ""Laundromat nearby"", ""Dryer"", ""Cooking basics"", ""Kitchen"", ""Hot water"", ""Gas stove"", ""Heating"", ""Iron"", ""Wifi"", ""Toaster"", ""Hangers"", ""Bathtub""]",$130.00,91,1125,91,91,1125,1125,91.0,1125.0,,t,29,59,89,364,2025-06-19,0,0,0,195,0,0,0.0,,,,,,,,,,,f,12,12,0,0,
1243,40593640,https://www.airbnb.com/rooms/40593640,20250619031426,2025-06-19,city scrape,"NEW! Boston Condo Near MBTA, 3Mi to Fenway! (U1)","My condo is located just 8 minutes (walking) from the commuter rail (2 stops, 11 minute ride to South Station) and offers an open airy space that sleeps 4 (or more) adults comfortably. Free easy on street parking is available just outside the condo. I am an experienced host and have been hosting on Airbnb and other channels for almost 5 years. I would love the opportunity to host you and your group during your time in our beautiful City of Boston.","ATTRACTIONS: Fenway Park (3.2 miles), Quincy Market (3.8 miles), The Institute of Contemporary Art (3.4 miles), New England Aquarium (4.0 miles), JFK Presidential Library<br />Museum (2.7 miles), Boston Tea Party Ship & Museum (3.4 miles), Custom House Tower (4.0 miles)<br />COLLEGES: Northeastern University (1.7 miles) Boston University (3.3 miles), Boston College (6.4 miles), Harvard University (7.4 miles)<br />OUTDOOR ACTIVITY: Freedom Trail (3.2 miles), Boston Common (3.1 miles), Boston Public Garden (3.1 miles), Boston Harbor Cruises (4.1 miles), Boston Common Frog Pond (3.1 miles)<br />TRANSPORTATION: Upham's Corner Station (0.5 miles), Newmarket Square Bluebikes Station (1.0 miles)<br />DAY TRIPS: Vineyard Ferries - Martha’s Vineyard (73.1 miles), Cape Cod (67.4 miles)<br />AIRPORT: Boston Logan International Airport (5.1 miles)<br /><br />Guests have full access to the entire condo. The condo has 2 bedrooms and 1 bathroom. <br /><br />Public Transit MBTA Train is a short walkin",https://a0.muscache.com/pictures/c362da76-f64c-49b6-b287-8e8d1262c176.jpg,41266357,https://www.airbnb.com/users/show/41266357,Frank,2015-08-12,"Boston, MA",,within an hour,100%,98%,f,https://a0.muscache.com/im/pictures/user/f7e545d9-765b-49a7-9652-7c2024e77800.jpg?aki_policy=profile_small,https://a0.muscache.com/im/pictures/user/f7e545d9-765b-49a7-9652-7c2024e77800.jpg?aki_policy=profile_x_medium,Roxbury,5,5,"['email', 'phone']",t,t,Neighborhood highlights,Roxbury,,42.32009,-71.07521,Entire condo,Entire home/apt,4,1.0,1 bath,2.0,2.0,"[""Wine glasses"", ""Essentials"", ""Clothing storage: closet and dresser"", ""Air conditioning"", ""Smoke alarm"", ""Dishes and silverware"", ""Books and reading material"", ""Hot water kettle"", ""City skyline view"", ""Self check-in"", ""Dining table"", ""Oven"", ""Room-darkening shades"", ""Long term stays allowed"", ""Coffee maker"", ""Carbon monoxide alarm"", ""Cleaning products"", ""Bed linens"", ""Microwave"", ""Hair dryer"", ""Body soap"", ""Board games"", ""Freezer"", ""Garden view"", ""Refrigerator"", ""Extra pillows and blankets"", ""Private patio or balcony"", ""Lockbox"", ""Fire extinguisher"", ""TV"", ""Dishwasher"", ""Laundromat nearby"", ""Cooking basics"", ""Kitchen"", ""Hot water"", ""Gas stove"", ""Shower gel"", ""Heating"", ""Iron"", ""Wifi"", ""Toaster"", ""First aid kit"", ""Hangers"", ""Babysitter recommendations"", ""Portable fans"", ""Bathtub"", ""Free street parking""]",$201.00,3,1125,3,3,3,1125,3.0,259.6,,t,13,28,42,299,2025-06-19,148,12,1,132,11,72,14472.0,2019-12-25,2025-05-21,4.75,4.72,4.75,4.89,4.84,4.45,4.77,STR-414833,t,4,4,0,0,2.22
1244,40594409,https://www.airbnb.com/rooms/40594409,20250619031426,2025-06-19,city scrape,"NEW! Boston Condo Near MBTA, 3Mi to Fenway ! (U3)","🎉 Welcome to The Dean, Boston! My condo is just 8 minutes away from the commuter rail (that's 2 stops and an 11-minute ride to South Station—super fast!). The space is open and airy, comfortably sleeping 6+ adults. Plenty of room to stretch out. 🙌 <br /><br />There's free, easy on-street parking right outside the condo. So convenient! 🚗<br /><br />As an experienced host with 5 years on Airbnb and other channels, I know what it takes to make your stay amazing. I’d be thrilled to host you and you and your group!","ATTRACTIONS: Fenway Park (3.2 miles), Quincy Market (3.8 miles), The Institute of Contemporary Art (3.4 miles), New England Aquarium (4.0 miles), JFK Presidential Library<br />Museum (2.7 miles), Boston Tea Party Ship & Museum (3.4 miles), Custom House Tower (4.0 miles)<br />COLLEGES: Northeastern University (1.7 miles) Boston University (3.3 miles), Boston College (6.4 miles), Harvard University (7.4 miles)<br />OUTDOOR ACTIVITY: Freedom Trail (3.2 miles), Boston Common (3.1 miles), Boston Public Garden (3.1 miles), Boston Harbor Cruises (4.1 miles), Boston Common Frog Pond (3.1 miles)<br />TRANSPORTATION: Upham's Corner (0.6 miles), Newmarket Square Bluebikes Station (1.0 miles)<br />DAY TRIPS: Vineyard Ferries - Martha’s Vineyard (73.1 miles), Cape Cod (67.4 miles)<br />AIRPORT: Boston Logan International Airport (5.1 miles)",https://a0.muscache.com/pictures/1ed3e31a-b492-4a24-acfc-cb1192fd29e5.jpg,41266357,https://www.airbnb.com/users/show/41266357,Frank,2015-08-12,"Boston, MA",,within an hour,100%,98%,f,https://a0.muscache.com/im/pictures/user/f7e545d9-765b-49a7-9652-7c2024e77800.jpg?aki_policy=profile_small,https://a0.muscache.com/im/pictures/user/f7e545d9-765b-49a7-9652-7c2024e77800.jpg?aki_policy=profile_x_medium,Roxbury,5,5,"['email', 'phone']",t,t,Neighborhood highlights,Roxbury,,42.32028224048613,-71.07477278128519,Entire condo,Entire home/apt,8,1.0,1 bath,3.0,3.0,"[""Wine glasses"", ""Essentials"", ""Clothing storage: closet and dresser"", ""Air conditioning"", ""Smoke alarm"", ""Dishes and silverware"", ""Books and reading material"", ""Coffee"", ""Hot water kettle"", ""City skyline view"", ""Self check-in"", ""Dining table"", ""Oven"", ""Long term stays allowed"", ""Coffee maker"", ""Carbon monoxide alarm"", ""Cleaning products"", ""Bed linens"", ""Microwave"", ""Hair dryer"", ""Body soap"", ""Board games"", ""Freezer"", ""Garden view"", ""Refrigerator"", ""Extra pillows and blankets"", ""Private patio or balcony"", ""Lockbox"", ""Fire extinguisher"", ""TV"", ""Dishwasher"", ""Laundromat nearby"", ""Cooking basics"", ""Kitchen"", ""Hot water"", ""Gas stove"", ""Shower gel"", ""Heating"", ""Iron"", ""Wifi"", ""Toaster"", ""First aid kit"", ""Hangers"", ""Babysitter recommendations"", ""Portable fans"", ""Bathtub"", ""Free street parking""]",$250.00,2,1125,2,3,2,1125,2.1,228.7,,t,8,27,49,315,2025-06-19,125,7,0,148,15,42,10500.0,2019-12-22,2024-11-04,4.66,4.7,4.59,4.86,4.79,4.36,4.61,STR-414833,t,4,4,0,0,1.87
1261,41645010,https://www.airbnb.com/rooms/41645010,20250619031426,2025-06-19,city scrape,14P.T | The Grand View | 5BR 2B w/AC | Twin Room,Our elegant Victorian Era home with tons of light has a true neighborhood feel and is centrally located just a few blocks from Savin Hill Subway (T) Stop. Enjoy a short walk to the Redline of the Subway and zip into downtown!,"Once its own city, Dorchester is now Boston’s largest and most diverse neighborhood, evident in the wide variety of global cuisines found on Dorchester Avenue. The district hosts UMass Boston and the John F. Kennedy Presidential Library, with artifacts from the president’s life and exhibits on the civil rights era. The Neponset River meanders past several parks, and nearby Franklin Park has woodland trails and a zoo. <br /> <br />Dorchester is also home to Franklin Park, the “crown jewel” of the Emerald Necklace Park System. The park has more 527 acres of green space, a zoo, and public golf course. Among the dozens of other parks in the neighborhood, recently renovated Pope John Paul II Park offers numerous walking and bike paths, athletic fields, and picnic areas with beautiful views of Boston Harbor and the Neponset River.",https://a0.muscache.com/pictures/prohost-api/Hosting-41645010/original/8d0192b4-f06c-4489-9eb4-673283b3ed60.jpeg,71783,https://www.airbnb.com/users/show/71783,Lance,2010-01-19,"Boston, MA","Lance R. Swank, Principal

His units offer comfortable and luxurious appointments to compliment the style of the building, whether a newly constructed condo or a historic Brownstone. Visitors to Boston seeking a furnished apartment without the corporate, hotel-room-like feel of most furnished rentals will find themselves more at home in Lance’s spaces.

Lance is the President of LSBM Management, LLC and holds an MBA degree from of the F.W. Olin Graduate School of Business at Babson College. He lives and invests in the City of Boston.",within a few hours,87%,96%,f,https://a0.muscache.com/im/users/71783/profile_pic/1342801683/original.jpg?aki_policy=profile_small,https://a0.muscache.com/im/users/71783/profile_pic/1342801683/original.jpg?aki_policy=profile_x_medium,Dorchester,60,97,"['email', 'phone', 'work_email']",t,t,Neighborhood highlights,Dorchester,,42.31384,-71.06113,Private room,Private room,1,2.0,2 shared baths,1.0,1.0,"[""Wine glasses"", ""Essentials"", ""Private entrance"", ""Washer"", ""Drying rack for clothing"", ""Baking sheet"", ""Air conditioning"", ""Smoke alarm"", ""Dedicated workspace"", ""Dishes and silverware"", ""Books and reading material"", ""Clothing storage"", ""Hot water kettle"", ""High chair"", ""Self check-in"", ""Oven"", ""Room-darkening shades"", ""Long term stays allowed"", ""Coffee maker"", ""Carbon monoxide alarm"", ""Cleaning products"", ""Bed linens"", ""Microwave"", ""Housekeeping - available at extra cost"", ""Shampoo"", ""TV with standard cable"", ""Hair dryer"", ""Body soap"", ""Freezer"", ""Refrigerator"", ""Pets allowed"", ""Extra pillows and blankets"", ""Lockbox"", ""Fire extinguisher"", ""Private living room"", ""Dishwasher"", ""Laundromat nearby"", ""Dryer"", ""Cooking basics"", ""Indoor fireplace"", ""Kitchen"", ""Hot water"", ""Backyard"", ""Heating"", ""Iron"", ""Wifi"", ""Toaster"", ""First aid kit"", ""Hangers"", ""Exterior security cameras on property"", ""Stove"", ""Portable fans"", ""Bathtub"", ""Blender"", ""Paid parking lot on premises \u2013 2 spaces"", ""Free street parking""]",$49.00,30,365,30,30,1125,1125,30.0,1125.0,,t,0,10,20,200,2025-06-19,2,2,0,31,1,120,5880.0,2024-09-12,2025-05-02,5.0,5.0,5.0,5.0,5.0,4.5,5.0,,t,58,18,40,0,0.21
1262,41645478,https://www.airbnb.com/rooms/41645478,20250619031426,2025-06-19,city scrape,14P.P | The Grand View | 5BR 2B w/AC | Parlor Room,Our elegant Victorian Era home with tons of light has a true neighborhood feel and centrally located just a few blocks from Savin Hill. Enjoy a short walk to the Redline of the Subway and zip into downtown!,"Once its own city, Dorchester is now Boston’s largest and most diverse neighborhood, evident in the wide variety of global cuisines found on Dorchester Avenue. The district hosts UMass Boston and the John F. Kennedy Presidential Library, with artifacts from the president’s life and exhibits on the civil rights era. The Neponset River meanders past several parks, and nearby Franklin Park has woodland trails and a zoo. <br /> <br />Dorchester is also home to Franklin Park, the “crown jewel” of the Emerald Necklace Park System. The park has more 527 acres of green space, a zoo, and public golf course. Among the dozens of other parks in the neighborhood, recently renovated Pope John Paul II Park offers numerous walking and bike paths, athletic fields, and picnic areas with beautiful views of Boston Harbor and the Neponset River.",https://a0.muscache.com/pictures/hosting/Hosting-U3RheVN1cHBseUxpc3Rpbmc6NDE2NDU0Nzg=/original/1df56a62-ffe7-45e2-99ef-040f28dfeef2.jpeg,71783,https://www.airbnb.com/users/show/71783,Lance,2010-01-19,"Boston, MA","Lance R. Swank, Principal

His units offer comfortable and luxurious appointments to compliment the style of the building, whether a newly constructed condo or a historic Brownstone. Visitors to Boston seeking a furnished apartment without the corporate, hotel-room-like feel of most furnished rentals will find themselves more at home in Lance’s spaces.

Lance is the President of LSBM Management, LLC and holds an MBA degree from of the F.W. Olin Graduate School of Business at Babson College. He lives and invests in the City of Boston.",within a few hours,87%,96%,f,https://a0.muscache.com/im/users/71783/profile_pic/1342801683/original.jpg?aki_policy=profile_small,https://a0.muscache.com/im/users/71783/profile_pic/1342801683/original.jpg?aki_policy=profile_x_medium,Dorchester,60,97,"['email', 'phone', 'work_email']",t,t,Neighborhood highlights,Dorchester,,42.31384,-71.06113,Private room,Private room,2,2.0,2 shared baths,1.0,1.0,"[""Wine glasses"", ""Essentials"", ""Private entrance"", ""Washer"", ""Patio or balcony"", ""Drying rack for clothing"", ""Baking sheet"", ""Air conditioning"", ""Smoke alarm"", ""Dedicated workspace"", ""Dishes and silverware"", ""Books and reading material"", ""Clothing storage"", ""Hot water kettle"", ""High chair"", ""Self check-in"", ""Oven"", ""Room-darkening shades"", ""Long term stays allowed"", ""Coffee maker"", ""Carbon monoxide alarm"", ""Cleaning products"", ""Bed linens"", ""Microwave"", ""Housekeeping - available at extra cost"", ""Shampoo"", ""TV with standard cable"", ""Hair dryer"", ""Body soap"", ""Freezer"", ""Refrigerator"", ""Pets allowed"", ""Extra pillows and blankets"", ""Lockbox"", ""Fire extinguisher"", ""Private living room"", ""Dishwasher"", ""Laundromat nearby"", ""Dryer"", ""Cooking basics"", ""Indoor fireplace"", ""Kitchen"", ""Hot water"", ""Backyard"", ""Heating"", ""Iron"", ""Wifi"", ""Toaster"", ""First aid kit"", ""Hangers"", ""Stove"", ""Portable fans"", ""Bathtub"", ""Blender"", ""Paid parking lot on premises \u2013 2 spaces"", ""Free street parking""]",$73.00,30,180,30,30,1125,1125,30.0,1125.0,,t,0,0,0,164,2025-06-19,2,0,0,62,0,0,0.0,2020-06-10,2022-03-26,4.5,4.5,4.5,4.5,4.0,4.0,5.0,,t,58,18,40,0,0.03
1263,41666852,https://www.airbnb.com/rooms/41666852,20250619031426,2025-06-19,previous scrape,14P.B | The Grand View | 5BR 2B w/AC | Blue Room,Our elegant Victorian Era home with tons of light has a true neighborhood feel and is centrally located just a few blocks from Savin Hill. Enjoy a short walk to the Redline of the Subway and zip into downtown!,"Once its own city, Dorchester is now Boston’s largest and most diverse neighborhood, evident in the wide variety of global cuisines found on Dorchester Avenue. The district hosts UMass Boston and the John F. Kennedy Presidential Library, with artifacts from the president’s life and exhibits on the civil rights era. The Neponset River meanders past several parks, and nearby Franklin Park has woodland trails and a zoo. <br /> <br />Dorchester is also home to Franklin Park, the “crown jewel” of the Emerald Necklace Park System. The park has more 527 acres of green space, a zoo, and public golf course. Among the dozens of other parks in the neighborhood, recently renovated Pope John Paul II Park offers numerous walking and bike paths, athletic fields, and picnic areas with beautiful views of Boston Harbor and the Neponset River.",https://a0.muscache.com/pictures/prohost-api/Hosting-41666852/original/d6be4828-77f7-4eca-9de9-55544b7cbdf6.jpeg,71783,https://www.airbnb.com/users/show/71783,Lance,2010-01-19,"Boston, MA","Lance R. Swank, Principal

His units offer comfortable and luxurious appointments to compliment the style of the building, whether a newly constructed condo or a historic Brownstone. Visitors to Boston seeking a furnished apartment without the corporate, hotel-room-like feel of most furnished rentals will find themselves more at home in Lance’s spaces.

Lance is the President of LSBM Management, LLC and holds an MBA degree from of the F.W. Olin Graduate School of Business at Babson College. He lives and invests in the City of Boston.",within a few hours,87%,96%,f,https://a0.muscache.com/im/users/71783/profile_pic/1342801683/original.jpg?aki_policy=profile_small,https://a0.muscache.com/im/users/71783/profile_pic/1342801683/original.jpg?aki_policy=profile_x_medium,Dorchester,60,97,"['email', 'phone', 'work_email']",t,t,Neighborhood highlights,Dorchester,,42.31384,-71.06113,Private room,Private room,2,,2 shared baths,,,"[""Wine glasses"", ""Essentials"", ""Washer"", ""Drying rack for clothing"", ""Baking sheet"", ""Air conditioning"", ""Smoke alarm"", ""Dedicated workspace"", ""Dishes and silverware"", ""Books and reading material"", ""Clothing storage"", ""Hot water kettle"", ""Self check-in"", ""Dining table"", ""Oven"", ""Room-darkening shades"", ""Long term stays allowed"", ""Coffee maker"", ""Carbon monoxide alarm"", ""Cleaning products"", ""Bed linens"", ""Microwave"", ""Housekeeping - available at extra cost"", ""Shampoo"", ""Hair dryer"", ""Body soap"", ""Freezer"", ""Refrigerator"", ""Pets allowed"", ""Extra pillows and blankets"", ""Lockbox"", ""Fire extinguisher"", ""Private living room"", ""TV"", ""Dishwasher"", ""Laundromat nearby"", ""Dryer"", ""Cooking basics"", ""Indoor fireplace"", ""Kitchen"", ""Hot water"", ""Backyard"", ""Heating"", ""Iron"", ""Wifi"", ""Toaster"", ""First aid kit"", ""Hangers"", ""Paid parking on premises"", ""Stove"", ""Portable fans"", ""Bathtub"", ""Blender"", ""Free street parking""]",,30,180,30,30,1125,1125,30.0,1125.0,,t,0,0,0,1,2025-06-19,4,0,0,1,0,0,,2020-03-30,2023-05-20,4.25,4.25,4.25,5.0,3.75,5.0,4.75,,t,58,18,40,0,0.06
1264,41706168,https://www.airbnb.com/rooms/41706168,20250619031426,2025-06-19,city scrape,14P.M | The Grand View | 5BR 2B w/AC | Master Room,Our elegant Victorian Era home with tons of light has a true neighborhood feel and is centrally located just a few blocks from Savin Hill. Enjoy a short walk to the Redline of the Subway and zip into downtown!,"Once its own city, Dorchester is now Boston’s largest and most diverse neighborhood, evident in the wide variety of global cuisines found on Dorchester Avenue. The district hosts UMass Boston and the John F. Kennedy Presidential Library, with artifacts from the president’s life and exhibits on the civil rights era. The Neponset River meanders past several parks, and nearby Franklin Park has woodland trails and a zoo. <br /> <br />Dorchester is also home to Franklin Park, the “crown jewel” of the Emerald Necklace Park System. The park has more 527 acres of green space, a zoo, and public golf course. Among the dozens of other parks in the neighborhood, recently renovated Pope John Paul II Park offers numerous walking and bike paths, athletic fields, and picnic areas with beautiful views of Boston Harbor and the Neponset River.",https://a0.muscache.com/pictures/prohost-api/Hosting-41706168/original/9947cc0c-9fe0-4036-ad96-e117c854e80c.jpeg,71783,https://www.airbnb.com/users/show/71783,Lance,2010-01-19,"Boston, MA","Lance R. Swank, Principal

His units offer comfortable and luxurious appointments to compliment the style of the building, whether a newly constructed condo or a historic Brownstone. Visitors to Boston seeking a furnished apartment without the corporate, hotel-room-like feel of most furnished rentals will find themselves more at home in Lance’s spaces.

Lance is the President of LSBM Management, LLC and holds an MBA degree from of the F.W. Olin Graduate School of Business at Babson College. He lives and invests in the City of Boston.",within a few hours,87%,96%,f,https://a0.muscache.com/im/users/71783/profile_pic/1342801683/original.jpg?aki_policy=profile_small,https://a0.muscache.com/im/users/71783/profile_pic/1342801683/original.jpg?aki_policy=profile_x_medium,Dorchester,60,97,"['email', 'phone', 'work_email']",t,t,Neighborhood highlights,Dorchester,,42.31384,-71.06113,Private room,Private room,2,2.0,2 shared baths,1.0,1.0,"[""Wine glasses"", ""Essentials"", ""Private entrance"", ""Washer"", ""Drying rack for clothing"", ""Baking sheet"", ""Air conditioning"", ""Smoke alarm"", ""Dedicated workspace"", ""Dishes and silverware"", ""Books and reading material"", ""Clothing storage"", ""Hot water kettle"", ""High chair"", ""Self check-in"", ""Oven"", ""Room-darkening shades"", ""Long term stays allowed"", ""Coffee maker"", ""Carbon monoxide alarm"", ""Cleaning products"", ""Bed linens"", ""Microwave"", ""Housekeeping - available at extra cost"", ""Shampoo"", ""Hair dryer"", ""Body soap"", ""Freezer"", ""Refrigerator"", ""Pets allowed"", ""Extra pillows and blankets"", ""Lockbox"", ""Fire extinguisher"", ""Private living room"", ""TV"", ""Dishwasher"", ""Laundromat nearby"", ""Dryer"", ""Cooking basics"", ""Indoor fireplace"", ""Kitchen"", ""Hot water"", ""Backyard"", ""Heating"", ""Iron"", ""Wifi"", ""Toaster"", ""First aid kit"", ""Hangers"", ""Stove"", ""Portable fans"", ""Bathtub"", ""Blender"", ""Paid parking lot on premises \u2013 2 spaces"", ""Free street parking""]",$63.00,30,180,30,30,1125,1125,30.0,1125.0,,t,0,9,39,314,2025-06-19,6,3,0,145,1,180,11340.0,2021-11-02,2025-04-01,4.83,4.83,4.67,4.5,4.67,5.0,4.67,,t,58,18,40,0,0.14
1270,41799161,https://www.airbnb.com/rooms/41799161,20250619031426,2025-06-19,city scrape,230B2.2 | The Roseclair Redline | AC & W/D | Rm #2,"Discover unmatched comfort and style at The Roseclair (BEDROOM #2), a charming 3BR 1B retreat nestled near Boston’s historic South End. Here, turn-of-the-century architecture meets modern amenities such as washer/dryer, offering a haven for both relaxation and exploration. Imagine yourself unwinding in a centrally climate controlled space designed with elegance and convenience in mind, just steps away from vibrant city life. Book your stay and start crafting unforgettable Boston memories today!","Once its own city, Dorchester is now Boston’s largest and most diverse neighborhood, evident in the wide variety of global cuisines found on Dorchester Avenue. The district hosts UMass Boston and the John F. Kennedy Presidential Library, with artifacts from the president’s life and exhibits on the civil rights era. The Neponset River meanders past several parks, and nearby Franklin Park has woodland trails and a zoo. <br /> <br />Dorchester is also home to Franklin Park, the “crown jewel” of the Emerald Necklace Park System. The park has more 527 acres of green space, a zoo, and public golf course. Among the dozens of other parks in the neighborhood, recently renovated Pope John Paul II Park offers numerous walking and bike paths, athletic fields, and picnic areas with beautiful views of Boston Harbor and the Neponset River.",https://a0.muscache.com/pictures/prohost-api/Hosting-41799161/original/ac34d97d-a743-444a-a9c3-6556e9ef2c02.jpeg,71783,https://www.airbnb.com/users/show/71783,Lance,2010-01-19,"Boston, MA","Lance R. Swank, Principal

His units offer comfortable and luxurious appointments to compliment the style of the building, whether a newly constructed condo or a historic Brownstone. Visitors to Boston seeking a furnished apartment without the corporate, hotel-room-like feel of most furnished rentals will find themselves more at home in Lance’s spaces.

Lance is the President of LSBM Management, LLC and holds an MBA degree from of the F.W. Olin Graduate School of Business at Babson College. He lives and invests in the City of Boston.",within a few hours,87%,96%,f,https://a0.muscache.com/im/users/71783/profile_pic/1342801683/original.jpg?aki_policy=profile_small,https://a0.muscache.com/im/users/71783/profile_pic/1342801683/original.jpg?aki_policy=profile_x_medium,Dorchester,60,97,"['email', 'phone', 'work_email']",t,t,Neighborhood highlights,Dorchester,,42.32139,-71.06023,Private room in rental unit,Private room,2,1.0,1 shared bath,1.0,1.0,"[""Wine glasses"", ""Essentials"", ""Private entrance"", ""Washer"", ""Paid parking garage off premises"", ""Drying rack for clothing"", ""Baking sheet"", ""Air conditioning"", ""Smoke alarm"", ""Dedicated workspace"", ""Dishes and silverware"", ""Books and reading material"", ""Clothing storage"", ""Hot water kettle"", ""Self check-in"", ""Dining table"", ""Oven"", ""Room-darkening shades"", ""Long term stays allowed"", ""Coffee maker"", ""Carbon monoxide alarm"", ""Cleaning products"", ""Bed linens"", ""Microwave"", ""Housekeeping - available at extra cost"", ""Shampoo"", ""TV with standard cable"", ""Hair dryer"", ""Luggage dropoff allowed"", ""Body soap"", ""Freezer"", ""Refrigerator"", ""Pets allowed"", ""Extra pillows and blankets"", ""Fire extinguisher"", ""Private living room"", ""Dishwasher"", ""Laundromat nearby"", ""Dryer"", ""Cooking basics"", ""Kitchen"", ""Bread maker"", ""Hot water"", ""Keypad"", ""Rice maker"", ""Heating"", ""Iron"", ""Wifi"", ""Toaster"", ""First aid kit"", ""Hangers"", ""Single level home"", ""Stove"", ""Portable fans"", ""Bathtub"", ""Blender"", ""Free street parking""]",$61.00,30,365,30,30,1125,1125,30.0,1125.0,,t,1,1,18,293,2025-06-19,14,2,1,124,0,120,7320.0,2020-06-03,2025-06-02,4.64,4.86,4.57,4.93,4.29,4.5,4.57,,f,58,18,40,0,0.23
1271,41876953,https://www.airbnb.com/rooms/41876953,20250619031426,2025-06-19,previous scrape,230B2.1 | The Roseclair Redline | AC & W/D | Rm #1,"Discover unmatched comfort and style at The Roseclair (BEDROOM #1), a charming 3BR 1B retreat nestled near Boston’s historic South End. Here, turn-of-the-century architecture meet modern amenities such as a washer/dryer, offering a haven for both relaxation and exploration. Imagine yourself unwinding in a centrally climate controlled space designed with elegance and convenience in mind, just steps away from vibrant city life. Book your stay and start crafting unforgettable Boston memories today!","Once its own city, Dorchester is now Boston’s largest and most diverse neighborhood, evident in the wide variety of global cuisines found on Dorchester Avenue. The district hosts UMass Boston and the John F. Kennedy Presidential Library, with artifacts from the president’s life and exhibits on the civil rights era. The Neponset River meanders past several parks, and nearby Franklin Park has woodland trails and a zoo. <br /> <br />Dorchester is also home to Franklin Park, the “crown jewel” of the Emerald Necklace Park System. The park has more 527 acres of green space, a zoo, and public golf course. Among the dozens of other parks in the neighborhood, recently renovated Pope John Paul II Park offers numerous walking and bike paths, athletic fields, and picnic areas with beautiful views of Boston Harbor and the Neponset River.",https://a0.muscache.com/pictures/prohost-api/Hosting-41876953/original/080f7be9-62e5-47c9-a457-18343fc502b1.jpeg,71783,https://www.airbnb.com/users/show/71783,Lance,2010-01-19,"Boston, MA","Lance R. Swank, Principal

His units offer comfortable and luxurious appointments to compliment the style of the building, whether a newly constructed condo or a historic Brownstone. Visitors to Boston seeking a furnished apartment without the corporate, hotel-room-like feel of most furnished rentals will find themselves more at home in Lance’s spaces.

Lance is the President of LSBM Management, LLC and holds an MBA degree from of the F.W. Olin Graduate School of Business at Babson College. He lives and invests in the City of Boston.",within a few hours,87%,96%,f,https://a0.muscache.com/im/users/71783/profile_pic/1342801683/original.jpg?aki_policy=profile_small,https://a0.muscache.com/im/users/71783/profile_pic/1342801683/original.jpg?aki_policy=profile_x_medium,Dorchester,60,97,"['email', 'phone', 'work_email']",t,t,Neighborhood highlights,Dorchester,,42.32093,-71.05982,Private room in rental unit,Private room,2,,1 shared bath,,,"[""Wine glasses"", ""Essentials"", ""Private entrance"", ""Washer"", ""Paid parking garage off premises"", ""Drying rack for clothing"", ""Baking sheet"", ""Air conditioning"", ""Smoke alarm"", ""Dedicated workspace"", ""Dishes and silverware"", ""Books and reading material"", ""Clothing storage"", ""Hot water kettle"", ""Self check-in"", ""Dining table"", ""Oven"", ""Room-darkening shades"", ""Long term stays allowed"", ""Coffee maker"", ""Carbon monoxide alarm"", ""Cleaning products"", ""Bed linens"", ""Microwave"", ""Housekeeping - available at extra cost"", ""Shampoo"", ""TV with standard cable"", ""Hair dryer"", ""Luggage dropoff allowed"", ""Body soap"", ""Freezer"", ""Refrigerator"", ""Pets allowed"", ""Extra pillows and blankets"", ""Fire extinguisher"", ""Private living room"", ""Dishwasher"", ""Laundromat nearby"", ""Dryer"", ""Cooking basics"", ""Kitchen"", ""Keypad"", ""Hot water"", ""Rice maker"", ""Heating"", ""Iron"", ""Wifi"", ""Toaster"", ""Hangers"", ""Single level home"", ""Stove"", ""Portable fans"", ""Bathtub"", ""Blender"", ""Free street parking""]",,30,365,30,30,1125,1125,30.0,1125.0,,t,0,0,0,24,2025-06-19,8,2,0,24,2,120,,2020-05-30,2024-08-24,4.0,4.63,4.63,4.25,3.75,4.25,4.0,,f,58,18,40,0,0.13
1272,41876957,https://www.airbnb.com/rooms/41876957,20250619031426,2025-06-19,city scrape,230B2.3 | The Roseclair Redline | AC & W/D | Rm #3,"Discover unmatched comfort and style at The Roseclair (BEDROOM #3), a charming 3BR 1B retreat nestled near Boston’s historic South End. Here, turn-of-the-century architecture meets modern amenities such as washer/dryer, offering a haven for both relaxation and exploration. Imagine yourself unwinding in a centrally climate controlled space designed with elegance and convenience in mind, just steps away from vibrant city life. Book your stay and start crafting unforgettable Boston memories today!","Once its own city, Dorchester is now Boston’s largest and most diverse neighborhood, evident in the wide variety of global cuisines found on Dorchester Avenue. The district hosts UMass Boston and the John F. Kennedy Presidential Library, with artifacts from the president’s life and exhibits on the civil rights era. The Neponset River meanders past several parks, and nearby Franklin Park has woodland trails and a zoo. <br /> <br />Dorchester is also home to Franklin Park, the “crown jewel” of the Emerald Necklace Park System. The park has more 527 acres of green space, a zoo, and public golf course. Among the dozens of other parks in the neighborhood, recently renovated Pope John Paul II Park offers numerous walking and bike paths, athletic fields, and picnic areas with beautiful views of Boston Harbor and the Neponset River.",https://a0.muscache.com/pictures/prohost-api/Hosting-41876957/original/d04cda34-5229-489e-a3a8-c0824e65cda1.jpeg,71783,https://www.airbnb.com/users/show/71783,Lance,2010-01-19,"Boston, MA","Lance R. Swank, Principal

His units offer comfortable and luxurious appointments to compliment the style of the building, whether a newly constructed condo or a historic Brownstone. Visitors to Boston seeking a furnished apartment without the corporate, hotel-room-like feel of most furnished rentals will find themselves more at home in Lance’s spaces.

Lance is the President of LSBM Management, LLC and holds an MBA degree from of the F.W. Olin Graduate School of Business at Babson College. He lives and invests in the City of Boston.",within a few hours,87%,96%,f,https://a0.muscache.com/im/users/71783/profile_pic/1342801683/original.jpg?aki_policy=profile_small,https://a0.muscache.com/im/users/71783/profile_pic/1342801683/original.jpg?aki_policy=profile_x_medium,Dorchester,60,97,"['email', 'phone', 'work_email']",t,t,Neighborhood highlights,Dorchester,,42.32287,-71.0621,Private room in rental unit,Private room,2,1.0,1 shared bath,1.0,1.0,"[""Wine glasses"", ""Essentials"", ""Private entrance"", ""Washer"", ""Drying rack for clothing"", ""Baking sheet"", ""Smoke alarm"", ""Dedicated workspace"", ""Dishes and silverware"", ""Books and reading material"", ""Clothing storage"", ""Hot water kettle"", ""Self check-in"", ""Dining table"", ""Oven"", ""Long term stays allowed"", ""Coffee maker"", ""Carbon monoxide alarm"", ""Cleaning products"", ""Bed linens"", ""Microwave"", ""Housekeeping - available at extra cost"", ""Shampoo"", ""TV with standard cable"", ""Hair dryer"", ""Body soap"", ""Freezer"", ""Refrigerator"", ""Pets allowed"", ""Extra pillows and blankets"", ""Fire extinguisher"", ""Dishwasher"", ""Laundromat nearby"", ""Dryer"", ""Cooking basics"", ""Kitchen"", ""Bread maker"", ""Hot water"", ""Keypad"", ""Heating"", ""Iron"", ""Wifi"", ""Toaster"", ""Hangers"", ""Stove"", ""Bathtub"", ""Central air conditioning"", ""Free street parking""]",$65.00,30,365,30,30,1125,1125,30.0,1125.0,,t,0,2,32,101,2025-06-19,3,0,0,101,0,0,0.0,2020-05-22,2023-11-18,4.33,4.67,4.67,5.0,4.0,3.33,3.67,,f,58,18,40,0,0.05
1275,41907280,https://www.airbnb.com/rooms/41907280,20250619031426,2025-06-19,city scrape,14P.Y | The Grand View | 5BR 2B w/AC | Yellow Room,Our elegant Victorian Era home with tons of light has a true neighborhood feel! It comfortably fits a large family and is centrally located just a few blocks from Savin Hill. Enjoy a short walk to the Redline of the Subway and zip into downtown!,"Once its own city, Dorchester is now Boston’s largest and most diverse neighborhood, evident in the wide variety of global cuisines found on Dorchester Avenue. The district hosts UMass Boston and the John F. Kennedy Presidential Library, with artifacts from the president’s life and exhibits on the civil rights era. The Neponset River meanders past several parks, and nearby Franklin Park has woodland trails and a zoo. <br /> <br />Dorchester is also home to Franklin Park, the “crown jewel” of the Emerald Necklace Park System. The park has more 527 acres of green space, a zoo, and public golf course. Among the dozens of other parks in the neighborhood, recently renovated Pope John Paul II Park offers numerous walking and bike paths, athletic fields, and picnic areas with beautiful views of Boston Harbor and the Neponset River.",https://a0.muscache.com/pictures/hosting/Hosting-U3RheVN1cHBseUxpc3Rpbmc6NDE5MDcyODA=/original/f9d20df1-8cad-4ed9-b26a-fab1b7e9e84a.jpeg,71783,https://www.airbnb.com/users/show/71783,Lance,2010-01-19,"Boston, MA","Lance R. Swank, Principal

His units offer comfortable and luxurious appointments to compliment the style of the building, whether a newly constructed condo or a historic Brownstone. Visitors to Boston seeking a furnished apartment without the corporate, hotel-room-like feel of most furnished rentals will find themselves more at home in Lance’s spaces.

Lance is the President of LSBM Management, LLC and holds an MBA degree from of the F.W. Olin Graduate School of Business at Babson College. He lives and invests in the City of Boston.",within a few hours,87%,96%,f,https://a0.muscache.com/im/users/71783/profile_pic/1342801683/original.jpg?aki_policy=profile_small,https://a0.muscache.com/im/users/71783/profile_pic/1342801683/original.jpg?aki_policy=profile_x_medium,Dorchester,60,97,"['email', 'phone', 'work_email']",t,t,Neighborhood highlights,Dorchester,,42.3139,-71.06223,Private room,Private room,2,2.0,2 shared baths,1.0,1.0,"[""Wine glasses"", ""Essentials"", ""Private entrance"", ""Washer"", ""Patio or balcony"", ""Drying rack for clothing"", ""Baking sheet"", ""Air conditioning"", ""Smoke alarm"", ""Dedicated workspace"", ""Dishes and silverware"", ""Books and reading material"", ""Clothing storage"", ""Hot water kettle"", ""High chair"", ""Self check-in"", ""Dining table"", ""Oven"", ""Room-darkening shades"", ""Long term stays allowed"", ""Coffee maker"", ""Carbon monoxide alarm"", ""Cleaning products"", ""Bed linens"", ""Microwave"", ""Housekeeping - available at extra cost"", ""Shampoo"", ""Hair dryer"", ""Body soap"", ""Freezer"", ""Refrigerator"", ""Pets allowed"", ""Extra pillows and blankets"", ""Lockbox"", ""Fire extinguisher"", ""Private living room"", ""TV"", ""Lock on bedroom door"", ""Dishwasher"", ""Laundromat nearby"", ""Dryer"", ""Cooking basics"", ""Indoor fireplace"", ""Kitchen"", ""Hot water"", ""Backyard"", ""Heating"", ""Iron"", ""Wifi"", ""Toaster"", ""First aid kit"", ""Hangers"", ""Paid parking on premises"", ""Exterior security cameras on property"", ""Stove"", ""Portable fans"", ""Bathtub"", ""Blender"", ""Free street parking""]",$60.00,29,365,29,29,1125,1125,29.0,1125.0,,t,0,0,0,258,2025-06-19,6,2,0,89,2,116,6960.0,2020-06-30,2025-02-06,4.83,4.67,4.67,5.0,4.83,4.67,4.5,,t,58,18,40,0,0.1
1304,42870400,https://www.airbnb.com/rooms/42870400,20250619031426,2025-06-19,city scrape,230B1.1 | The Dorset Redline | 3BR 1B w/AC | Rm #1,"Discover unmatched comfort and style at The Dorset (BEDROOM #1), a charming 3BR 1B retreat nestled near Boston’s historic South End. Here, turn-of-the-century architecture meets modern amenities such as a washer/dryer, offering a haven for both relaxation and exploration. Imagine yourself unwinding in a centrally climate controlled space designed with elegance and convenience in mind, just steps away from vibrant city life. Book your stay and start crafting unforgettable Boston memories today!","Once its own city, Dorchester is now Boston’s largest and most diverse neighborhood, evident in the wide variety of global cuisines found on Dorchester Avenue. The district hosts UMass Boston and the John F. Kennedy Presidential Library, with artifacts from the president’s life and exhibits on the civil rights era. The Neponset River meanders past several parks, and nearby Franklin Park has woodland trails and a zoo.",https://a0.muscache.com/pictures/prohost-api/Hosting-42870400/original/aea0a5ea-f91e-494b-a641-941f9fba4bf0.jpeg,71783,https://www.airbnb.com/users/show/71783,Lance,2010-01-19,"Boston, MA","Lance R. Swank, Principal

His units offer comfortable and luxurious appointments to compliment the style of the building, whether a newly constructed condo or a historic Brownstone. Visitors to Boston seeking a furnished apartment without the corporate, hotel-room-like feel of most furnished rentals will find themselves more at home in Lance’s spaces.

Lance is the President of LSBM Management, LLC and holds an MBA degree from of the F.W. Olin Graduate School of Business at Babson College. He lives and invests in the City of Boston.",within a few hours,87%,96%,f,https://a0.muscache.com/im/users/71783/profile_pic/1342801683/original.jpg?aki_policy=profile_small,https://a0.muscache.com/im/users/71783/profile_pic/1342801683/original.jpg?aki_policy=profile_x_medium,Dorchester,60,97,"['email', 'phone', 'work_email']",t,t,Neighborhood highlights,Dorchester,,42.32128,-71.06046,Private room in rental unit,Private room,2,1.0,1 shared bath,1.0,1.0,"[""Wine glasses"", ""Essentials"", ""Private entrance"", ""Paid parking garage off premises"", ""Drying rack for clothing"", ""Baking sheet"", ""Air conditioning"", ""Smoke alarm"", ""Dedicated workspace"", ""Dishes and silverware"", ""Books and reading material"", ""Clothing storage"", ""Hot water kettle"", ""Self check-in"", ""Dining table"", ""Oven"", ""Long term stays allowed"", ""Coffee maker"", ""Carbon monoxide alarm"", ""Cleaning products"", ""Bed linens"", ""Microwave"", ""Housekeeping - available at extra cost"", ""Shampoo"", ""TV with standard cable"", ""Hair dryer"", ""Body soap"", ""Freezer"", ""Free washer \u2013 In unit"", ""Refrigerator"", ""Pets allowed"", ""Extra pillows and blankets"", ""Fire extinguisher"", ""Private living room"", ""Dishwasher"", ""Laundromat nearby"", ""Dryer"", ""Cooking basics"", ""Kitchen"", ""Bread maker"", ""Hot water"", ""Keypad"", ""Rice maker"", ""Heating"", ""Iron"", ""Wifi"", ""Toaster"", ""Hangers"", ""Single level home"", ""Stove"", ""Portable fans"", ""Bathtub"", ""Blender"", ""Free street parking""]",$51.00,30,365,30,30,1125,1125,30.0,1125.0,,t,28,58,88,321,2025-06-19,5,0,0,194,2,0,0.0,2021-07-25,2024-04-22,3.6,4.4,4.4,4.6,4.0,4.6,4.0,,f,58,18,40,0,0.11
1305,42870430,https://www.airbnb.com/rooms/42870430,20250619031426,2025-06-19,city scrape,230B1.2 | The Dorset Redline | 3BR 1B w/AC | Rm #2,"Discover unmatched comfort and style at The Dorset (BEDROOM #2), a charming 3BR 1B retreat nestled near Boston’s historic South End. Here, turn-of-the-century architecture meets modern amenities such as a washer/dryer, offering a haven for both relaxation and exploration. Imagine yourself unwinding in a centrally climate controlled space designed with elegance and convenience in mind, just steps away from vibrant city life. Book your stay and start crafting unforgettable Boston memories today!","Once its own city, Dorchester is now Boston’s largest and most diverse neighborhood, evident in the wide variety of global cuisines found on Dorchester Avenue. The district hosts UMass Boston and the John F. Kennedy Presidential Library, with artifacts from the president’s life and exhibits on the civil rights era. The Neponset River meanders past several parks, and nearby Franklin Park has woodland trails and a zoo.",https://a0.muscache.com/pictures/prohost-api/Hosting-42870430/original/0978708d-cd30-4324-9d5b-bc933ab1a561.jpeg,71783,https://www.airbnb.com/users/show/71783,Lance,2010-01-19,"Boston, MA","Lance R. Swank, Principal

His units offer comfortable and luxurious appointments to compliment the style of the building, whether a newly constructed condo or a historic Brownstone. Visitors to Boston seeking a furnished apartment without the corporate, hotel-room-like feel of most furnished rentals will find themselves more at home in Lance’s spaces.

Lance is the President of LSBM Management, LLC and holds an MBA degree from of the F.W. Olin Graduate School of Business at Babson College. He lives and invests in the City of Boston.",within a few hours,87%,96%,f,https://a0.muscache.com/im/users/71783/profile_pic/1342801683/original.jpg?aki_policy=profile_small,https://a0.muscache.com/im/users/71783/profile_pic/1342801683/original.jpg?aki_policy=profile_x_medium,Dorchester,60,97,"['email', 'phone', 'work_email']",t,t,Neighborhood highlights,Dorchester,,42.323,-71.05997,Private room in rental unit,Private room,2,1.0,1 shared bath,1.0,1.0,"[""Wine glasses"", ""Essentials"", ""Private entrance"", ""Washer"", ""Paid parking garage off premises"", ""Drying rack for clothing"", ""Baking sheet"", ""Air conditioning"", ""Smoke alarm"", ""Dedicated workspace"", ""Dishes and silverware"", ""Books and reading material"", ""Clothing storage"", ""Hot water kettle"", ""Self check-in"", ""Dining table"", ""Oven"", ""Room-darkening shades"", ""Long term stays allowed"", ""Coffee maker"", ""Carbon monoxide alarm"", ""Cleaning products"", ""Bed linens"", ""Microwave"", ""Housekeeping - available at extra cost"", ""Shampoo"", ""TV with standard cable"", ""Hair dryer"", ""Luggage dropoff allowed"", ""Body soap"", ""Freezer"", ""Refrigerator"", ""Pets allowed"", ""Extra pillows and blankets"", ""Fire extinguisher"", ""Private living room"", ""Dishwasher"", ""Laundromat nearby"", ""Dryer"", ""Cooking basics"", ""Kitchen"", ""Bread maker"", ""Hot water"", ""Keypad"", ""Rice maker"", ""Heating"", ""Iron"", ""Wifi"", ""Toaster"", ""Hangers"", ""Single level home"", ""Stove"", ""Portable fans"", ""Bathtub"", ""Blender"", ""Free street parking""]",$60.00,30,365,30,30,1125,1125,30.0,1125.0,,t,0,2,32,293,2025-06-19,6,0,0,138,0,0,0.0,2021-07-01,2023-05-02,4.17,4.83,3.83,4.17,4.5,4.5,4.33,,f,58,18,40,0,0.12
1322,43673971,https://www.airbnb.com/rooms/43673971,20250619031426,2025-06-19,city scrape,Back Bay a few blocks from Boston Public Garden,"Bostons Best Rentals offers this BACK BAY STUDIO ON PRESTIGIOUS MARLBOROUGH ST.  There is a 3 month minimum rental term for this apartment.<br />Nicely furnished studio -2 streets over from Newbury St,  less than a 5 minute walk to the subway.   Walk to all Boston has to offer at this Back Bay studio.  Apartment has a queen murphy bed, breakfast bar, granite and  stainless steel appliances.",,https://a0.muscache.com/pictures/4183d5a3-0524-49f9-9902-3e3a3f828e1f.jpg,38997,https://www.airbnb.com/users/show/38997,Michelle,2009-09-16,,,within a few hours,93%,53%,t,https://a0.muscache.com/im/pictures/user/134447ef-915a-418a-8370-afe9642591f8.jpg?aki_policy=profile_small,https://a0.muscache.com/im/pictures/user/134447ef-915a-418a-8370-afe9642591f8.jpg?aki_policy=profile_x_medium,Back Bay,21,29,"['email', 'phone']",t,t,,Back Bay,,42.35214,-71.07704,Entire condo,Entire home/apt,2,1.0,1 bath,0.0,1.0,"[""Wine glasses"", ""Essentials"", ""Washer"", ""Clothing storage: closet"", ""Air conditioning"", ""Smoke alarm"", ""Dishes and silverware"", ""Hot water kettle"", ""Long term stays allowed"", ""Carbon monoxide alarm"", ""Bed linens"", ""Microwave"", ""Hair dryer"", ""Freezer"", ""Refrigerator"", ""Pets allowed"", ""TV"", ""Dishwasher"", ""Dryer"", ""Cooking basics"", ""Kitchen"", ""Hot water"", ""Heating"", ""Iron"", ""Wifi"", ""Toaster"", ""Hangers"", ""Coffee maker""]",$130.00,32,1125,32,32,1125,1125,32.0,1125.0,,t,29,37,54,329,2025-06-19,1,0,0,160,0,0,0.0,2021-08-31,2021-08-31,5.0,5.0,5.0,5.0,5.0,5.0,5.0,,f,12,12,0,0,0.02
1339,44261204,https://www.airbnb.com/rooms/44261204,20250619031426,2025-06-19,city scrape,ONE Bedroom in the Back Bay on Commonwealth Ave,"ONE bedroom in the Back Bay area of Boston on Commonwealth Ave.  One street over from Newbury St. Walk to the subway, numerous restaurants cafes and shops",,https://a0.muscache.com/pictures/de510fc2-fdfa-4dc3-b7ea-936d6560e257.jpg,180283497,https://www.airbnb.com/users/show/180283497,Michelle,2018-03-24,,,within a day,65%,24%,f,https://a0.muscache.com/im/pictures/user/80c96d1c-7c58-4116-bc2a-865d49c2e185.jpg?aki_policy=profile_small,https://a0.muscache.com/im/pictures/user/80c96d1c-7c58-4116-bc2a-865d49c2e185.jpg?aki_policy=profile_x_medium,Back Bay,15,18,['phone'],t,t,,Back Bay,,42.35155,-71.08738,Entire condo,Entire home/apt,2,1.0,1 bath,0.0,1.0,"[""Wine glasses"", ""Essentials"", ""Ge profile  oven"", ""Washer"", ""Baking sheet"", ""Air conditioning"", ""Smoke alarm"", ""Housekeeping available every day - available at extra cost"", ""Dedicated workspace"", ""Dishes and silverware"", ""Elevator"", ""Dining table"", ""Long term stays allowed"", ""Coffee maker"", ""Carbon monoxide alarm"", ""Bed linens"", ""Microwave"", ""Shampoo"", ""Hair dryer"", ""GE stove"", ""Freezer"", ""Refrigerator"", ""Extra pillows and blankets"", ""Fire extinguisher"", ""TV"", ""Dishwasher"", ""Dryer"", ""Cooking basics"", ""Indoor fireplace"", ""Kitchen"", ""Hot water"", ""Heating"", ""Iron"", ""Wifi"", ""Toaster"", ""Hangers"", ""Bathtub""]",$173.00,32,730,32,32,730,730,32.0,730.0,,t,30,60,90,365,2025-06-19,0,0,0,196,0,0,0.0,,,,,,,,,,,f,7,7,0,0,
1539,48806117,https://www.airbnb.com/rooms/48806117,20250619031426,2025-06-19,city scrape,230B3.1 | The Mayhew Redline | w/AC & WD | Room #1,"NEW for May 2022!  Full-size Washer AND Dryer inside the unit!  Incredible convenience and comfort. <br /> <br />Our comfortable two-bedroom apartment with tons of light has a true neighborhood feel! It comfortably fits four and is centrally located just a few blocks from Upham's Corner. Enjoy a short walk to the Redline of the Subway and zip into downtown! <br /> <br />** This rental requires a minimum booking of 30 nights. Regardless of nights physically occupied, no bookings for less than 30 nights will be accep","Once its own city, Dorchester is now Boston’s largest and most diverse neighborhood, evident in the wide variety of global cuisines found on Dorchester Avenue. The district hosts UMass Boston and the John F. Kennedy Presidential Library, with artifacts from the president’s life and exhibits on the civil rights era. The Neponset River meanders past several parks, and nearby Franklin Park has woodland trails and a zoo. <br /> <br />Dorchester is also home to Franklin Park, the “crown jewel” of the Emerald Necklace Park System. The park has more 527 acres of green space, a zoo, and public golf course. Among the dozens of other parks in the neighborhood, recently renovated Pope John Paul II Park offers numerous walking and bike paths, athletic fields, and picnic areas with beautiful views of Boston Harbor and the Neponset River.",https://a0.muscache.com/pictures/prohost-api/Hosting-48806117/original/d8b6ac3f-4ce1-4e96-b0c9-0ddee1301419.jpeg,71783,https://www.airbnb.com/users/show/71783,Lance,2010-01-19,"Boston, MA","Lance R. Swank, Principal

His units offer comfortable and luxurious appointments to compliment the style of the building, whether a newly constructed condo or a historic Brownstone. Visitors to Boston seeking a furnished apartment without the corporate, hotel-room-like feel of most furnished rentals will find themselves more at home in Lance’s spaces.

Lance is the President of LSBM Management, LLC and holds an MBA degree from of the F.W. Olin Graduate School of Business at Babson College. He lives and invests in the City of Boston.",within a few hours,87%,96%,f,https://a0.muscache.com/im/users/71783/profile_pic/1342801683/original.jpg?aki_policy=profile_small,https://a0.muscache.com/im/users/71783/profile_pic/1342801683/original.jpg?aki_policy=profile_x_medium,Dorchester,60,97,"['email', 'phone', 'work_email']",t,t,Neighborhood highlights,Dorchester,,42.32114,-71.05993,Private room in rental unit,Private room,2,1.0,1 bath,1.0,1.0,"[""Essentials"", ""Private entrance"", ""Washer"", ""Air conditioning"", ""Smoke alarm"", ""Dedicated workspace"", ""Dishes and silverware"", ""Clothing storage"", ""Hot water kettle"", ""High chair"", ""Self check-in"", ""Oven"", ""Carbon monoxide alarm"", ""Bed linens"", ""Microwave"", ""Shampoo"", ""TV with standard cable"", ""Hair dryer"", ""Pack \u2019n play/Travel crib"", ""Refrigerator"", ""Pets allowed"", ""Fire extinguisher"", ""Dishwasher"", ""Dryer"", ""Cooking basics"", ""Kitchen"", ""Keypad"", ""Hot water"", ""Heating"", ""Iron"", ""Wifi"", ""Toaster"", ""Hangers"", ""Stove"", ""Coffee maker"", ""Free parking on premises""]",$70.00,29,365,29,29,1125,1125,29.0,1125.0,,t,17,47,77,352,2025-06-19,2,2,0,183,1,116,8120.0,2024-12-24,2025-02-22,4.5,5.0,5.0,5.0,4.5,4.5,4.5,Exempt: This listing is a unit used for furnished institutional or business stays,t,58,18,40,0,0.34
1540,48806121,https://www.airbnb.com/rooms/48806121,20250619031426,2025-06-19,city scrape,230B3.2 | The Mayhew Redline | w/AC & WD | Room #2,"NEW for May 2022!  Full-size Washer AND Dryer inside the unit!  Incredible convenience and comfort. <br /> <br />Our comfortable two-bedroom apartment with tons of light has a true neighborhood feel! It comfortably fits four and is centrally located just a few blocks from Upham's Corner. Enjoy a short walk to the Redline of the Subway and zip into downtown! <br /> <br />** This rental requires a minimum booking of 30 nights. Regardless of nights physically occupied, no bookings for less than 30 nights will be accep","Once its own city, Dorchester is now Boston’s largest and most diverse neighborhood, evident in the wide variety of global cuisines found on Dorchester Avenue. The district hosts UMass Boston and the John F. Kennedy Presidential Library, with artifacts from the president’s life and exhibits on the civil rights era. The Neponset River meanders past several parks, and nearby Franklin Park has woodland trails and a zoo. <br /> <br />Dorchester is also home to Franklin Park, the “crown jewel” of the Emerald Necklace Park System. The park has more 527 acres of green space, a zoo, and public golf course. Among the dozens of other parks in the neighborhood, recently renovated Pope John Paul II Park offers numerous walking and bike paths, athletic fields, and picnic areas with beautiful views of Boston Harbor and the Neponset River.",https://a0.muscache.com/pictures/prohost-api/Hosting-48806121/original/8e68125e-dc1a-4d6d-91d8-b8bd778c0148.jpeg,71783,https://www.airbnb.com/users/show/71783,Lance,2010-01-19,"Boston, MA","Lance R. Swank, Principal

His units offer comfortable and luxurious appointments to compliment the style of the building, whether a newly constructed condo or a historic Brownstone. Visitors to Boston seeking a furnished apartment without the corporate, hotel-room-like feel of most furnished rentals will find themselves more at home in Lance’s spaces.

Lance is the President of LSBM Management, LLC and holds an MBA degree from of the F.W. Olin Graduate School of Business at Babson College. He lives and invests in the City of Boston.",within a few hours,87%,96%,f,https://a0.muscache.com/im/users/71783/profile_pic/1342801683/original.jpg?aki_policy=profile_small,https://a0.muscache.com/im/users/71783/profile_pic/1342801683/original.jpg?aki_policy=profile_x_medium,Dorchester,60,97,"['email', 'phone', 'work_email']",t,t,Neighborhood highlights,Dorchester,,42.32096,-71.0604,Private room in rental unit,Private room,2,1.0,1 bath,2.0,1.0,"[""Essentials"", ""Private entrance"", ""Washer"", ""Air conditioning"", ""Smoke alarm"", ""Dedicated workspace"", ""Dishes and silverware"", ""Clothing storage"", ""Hot water kettle"", ""High chair"", ""Self check-in"", ""Oven"", ""Carbon monoxide alarm"", ""Bed linens"", ""Microwave"", ""Shampoo"", ""TV with standard cable"", ""Hair dryer"", ""Pack \u2019n play/Travel crib"", ""Refrigerator"", ""Pets allowed"", ""Fire extinguisher"", ""Dishwasher"", ""Dryer"", ""Cooking basics"", ""Kitchen"", ""Keypad"", ""Hot water"", ""Heating"", ""Iron"", ""Wifi"", ""Toaster"", ""Hangers"", ""Stove"", ""Coffee maker"", ""Free parking on premises""]",$64.00,30,90,30,30,90,90,30.0,90.0,,t,0,14,44,123,2025-06-19,5,2,0,123,3,120,7680.0,2021-08-30,2024-12-20,4.8,4.4,4.6,4.4,4.4,4.6,4.6,,f,58,18,40,0,0.11
1582,49638279,https://www.airbnb.com/rooms/49638279,20250619031426,2025-06-19,city scrape,Fort Hill Inn Uber Cool!  **Modern City Triplex**,"Modern twist on a historic 1860 Penthouse Triplex! Open Concept 3 levels of living, 2 decks including a roof top with city views! Located in the quiet residential neighborhood of Fort Hill/Highland Park, minutes to the center of the attractions.",,https://a0.muscache.com/pictures/hosting/Hosting-U3RheVN1cHBseUxpc3Rpbmc6NDk2MzgyNzk=/original/0d5e1ea6-33ee-45ba-85f8-bf38426452d9.jpeg,8229,https://www.airbnb.com/users/show/8229,Terry,2009-02-19,"Boston, MA","Relaxed,  Easy going, Accommodating. ",within an hour,100%,100%,t,https://a0.muscache.com/im/users/8229/profile_pic/1259099341/original.jpg?aki_policy=profile_small,https://a0.muscache.com/im/users/8229/profile_pic/1259099341/original.jpg?aki_policy=profile_x_medium,Roxbury,12,15,"['email', 'phone']",t,t,,Roxbury,,42.32829,-71.09404,Entire rental unit,Entire home/apt,8,2.0,2 baths,4.0,4.0,"[""Essentials"", ""Private entrance"", ""Washer"", ""Patio or balcony"", ""Baking sheet"", ""Air conditioning"", ""Smoke alarm"", ""Dedicated workspace"", ""Dishes and silverware"", ""Self check-in"", ""Dining table"", ""Oven"", ""Coffee maker"", ""Carbon monoxide alarm"", ""Cleaning products"", ""Microwave"", ""Shampoo"", ""Hair dryer"", ""Body soap"", ""Freezer"", ""Fire extinguisher"", ""TV"", ""Dishwasher"", ""Dryer"", ""Cooking basics"", ""Indoor fireplace"", ""Kitchen"", ""Hot water"", ""Keypad"", ""Heating"", ""Conditioner"", ""Iron"", ""Wifi"", ""First aid kit"", ""Hangers"", ""Bathtub"", ""Free parking on premises""]",$364.00,3,29,1,3,1125,1125,3.0,1125.0,,t,0,13,25,98,2025-06-19,26,9,1,98,7,54,19656.0,2021-08-31,2025-06-02,4.96,4.96,4.96,5.0,4.96,4.73,4.92,STR-446660,f,11,11,0,0,0.56
1584,49714366,https://www.airbnb.com/rooms/49714366,20250619031426,2025-06-19,city scrape,*Fort Hill Inn  *Sunny* Updated Historic Beauty!,"**Excellent Sunny** One of our most popular units!  This Fully equipped Private Duplex Apartment! Less than 1 mile to Museums, Northeastern U and Hospitals. 1-2 miles to City Center, Back Bay/Copley square. 1-2 miles to Fenway Park. Perfect Boston Home Base! Accommodates up to 8!",,https://a0.muscache.com/pictures/miso/Hosting-49714366/original/89acf593-60f0-42d7-9115-37eae8aa4f71.jpeg,8229,https://www.airbnb.com/users/show/8229,Terry,2009-02-19,"Boston, MA","Relaxed,  Easy going, Accommodating. ",within an hour,100%,100%,t,https://a0.muscache.com/im/users/8229/profile_pic/1259099341/original.jpg?aki_policy=profile_small,https://a0.muscache.com/im/users/8229/profile_pic/1259099341/original.jpg?aki_policy=profile_x_medium,Roxbury,12,15,"['email', 'phone']",t,t,,Roxbury,,42.3234,-71.09018,Entire rental unit,Entire home/apt,8,1.5,1.5 baths,3.0,4.0,"[""Wine glasses"", ""Essentials"", ""Private entrance"", ""Washer"", ""Patio or balcony"", ""Smoke alarm"", ""Dedicated workspace"", ""Dishes and silverware"", ""Self check-in"", ""Portable heater"", ""BBQ grill"", ""Oven"", ""Long term stays allowed"", ""Carbon monoxide alarm"", ""Microwave"", ""Shampoo"", ""TV with standard cable"", ""Hair dryer"", ""Pack \u2019n play/Travel crib"", ""Freezer"", ""Refrigerator"", ""Outdoor furniture"", ""Window AC unit"", ""Fire extinguisher"", ""Dishwasher"", ""Dryer"", ""Cooking basics"", ""Kitchen"", ""Keypad"", ""Hot water"", ""Backyard"", ""Iron"", ""Wifi"", ""Toaster"", ""First aid kit"", ""Hangers"", ""Central heating"", ""Coffee maker"", ""Central air conditioning"", ""Free street parking""]",$293.00,3,60,2,3,1125,1125,3.0,1125.0,,t,10,17,42,131,2025-06-19,80,22,0,131,17,132,38676.0,2021-07-02,2025-05-16,4.94,4.9,4.88,5.0,4.99,4.56,4.84,str-446652,f,11,11,0,0,1.66
1585,49715280,https://www.airbnb.com/rooms/49715280,20250619031426,2025-06-19,city scrape,"Fort Hill Inn, Excellent  Mid Modern nice details!","Enjoy this 1 bedroom 1 bath sunny historic city apartment in the quiet residential Boston neighborhood of Fort Hill/Highland Park.  5 minutes to the subway,  5 minutes to the center, Copley Square.","Quiet Residential neighborhood on a private way.  1.5 miles to the center Copley Place.  5 minute walk to the subway,  5 minute ride to Back Bay.",https://a0.muscache.com/pictures/miso/Hosting-49715280/original/909a4986-9c66-45b9-8747-8e4ff0141431.jpeg,8229,https://www.airbnb.com/users/show/8229,Terry,2009-02-19,"Boston, MA","Relaxed,  Easy going, Accommodating. ",within an hour,100%,100%,t,https://a0.muscache.com/im/users/8229/profile_pic/1259099341/original.jpg?aki_policy=profile_small,https://a0.muscache.com/im/users/8229/profile_pic/1259099341/original.jpg?aki_policy=profile_x_medium,Roxbury,12,15,"['email', 'phone']",t,t,Neighborhood highlights,Roxbury,,42.32856,-71.09569,Entire condo,Entire home/apt,4,1.0,1 bath,1.0,2.0,"[""Essentials"", ""Private entrance"", ""Washer"", ""Air conditioning"", ""Smoke alarm"", ""Dedicated workspace"", ""Dishes and silverware"", ""Self check-in"", ""Oven"", ""Long term stays allowed"", ""Coffee maker"", ""Carbon monoxide alarm"", ""Microwave"", ""Shampoo"", ""Luggage dropoff allowed"", ""Hair dryer"", ""Refrigerator"", ""Fire extinguisher"", ""TV"", ""Dishwasher"", ""Dryer"", ""Cooking basics"", ""Kitchen"", ""Keypad"", ""Hot water"", ""Heating"", ""Iron"", ""Wifi"", ""First aid kit"", ""Hangers"", ""Stove"", ""Bathtub"", ""Free street parking""]",$198.00,3,60,1,3,1125,1125,3.0,1125.0,,t,1,9,14,89,2025-06-19,76,26,2,89,29,156,30888.0,2021-05-23,2025-06-09,4.84,4.86,4.88,4.92,4.92,4.72,4.62,STR-446651,f,11,11,0,0,1.53
1586,49716208,https://www.airbnb.com/rooms/49716208,20250619031426,2025-06-19,city scrape,Fort Hill Inn Private Guest room/ private Bath #3,"Design Inspired,   Private guest room with private bath in a historic 1860's Row House.  Nicely Detailed,  Includes Kitchenette and recently Remodeled Bath",,https://a0.muscache.com/pictures/miso/Hosting-49716208/original/fd69c72e-d698-4ec6-be86-ab897b4c3310.jpeg,8229,https://www.airbnb.com/users/show/8229,Terry,2009-02-19,"Boston, MA","Relaxed,  Easy going, Accommodating. ",within an hour,100%,100%,t,https://a0.muscache.com/im/users/8229/profile_pic/1259099341/original.jpg?aki_policy=profile_small,https://a0.muscache.com/im/users/8229/profile_pic/1259099341/original.jpg?aki_policy=profile_x_medium,Roxbury,12,15,"['email', 'phone']",t,t,,Roxbury,,42.3297,-71.09593,Entire guest suite,Entire home/apt,2,1.0,1 bath,1.0,0.0,"[""Essentials"", ""Private entrance"", ""Washer"", ""Air conditioning"", ""Smoke alarm"", ""Dedicated workspace"", ""Dishes and silverware"", ""Self check-in"", ""Long term stays allowed"", ""Coffee maker"", ""Carbon monoxide alarm"", ""Bed linens"", ""Microwave"", ""Shampoo"", ""TV with standard cable"", ""Hair dryer"", ""Luggage dropoff allowed"", ""Refrigerator"", ""Extra pillows and blankets"", ""Fire extinguisher"", ""Dryer"", ""Keypad"", ""Hot water"", ""Heating"", ""Iron"", ""Wifi"", ""First aid kit"", ""Hangers"", ""Bathtub"", ""Free street parking""]",$135.00,3,30,1,3,1125,1125,3.0,1125.0,,t,4,11,22,103,2025-06-19,73,21,4,103,12,126,17010.0,2021-06-18,2025-06-16,4.88,4.88,4.81,4.93,4.95,4.53,4.71,STR-490093,f,11,11,0,0,1.5
1587,49730420,https://www.airbnb.com/rooms/49730420,20250619031426,2025-06-19,city scrape,"Fort Hill Inn  1 Bedroom Duplex,  *Sunny Condo*",Comfortable Open Home Away! 1 bedroom duplex apartment on 2 floors.  Spiral Stairs to bedroom.   Nicely detailed Open Kitchen/ Living Space.  Laundry is in the basement and  shared.,,https://a0.muscache.com/pictures/miso/Hosting-49730420/original/5f6be70f-6709-4504-bff1-0d1569884cb5.jpeg,8229,https://www.airbnb.com/users/show/8229,Terry,2009-02-19,"Boston, MA","Relaxed,  Easy going, Accommodating. ",within an hour,100%,100%,t,https://a0.muscache.com/im/users/8229/profile_pic/1259099341/original.jpg?aki_policy=profile_small,https://a0.muscache.com/im/users/8229/profile_pic/1259099341/original.jpg?aki_policy=profile_x_medium,Roxbury,12,15,"['email', 'phone']",t,t,,Roxbury,,42.33046,-71.09397,Entire condo,Entire home/apt,4,1.0,1 bath,1.0,2.0,"[""Essentials"", ""Air conditioning"", ""Smoke alarm"", ""Dedicated workspace"", ""Dishes and silverware"", ""Self check-in"", ""TV with Roku"", ""Oven"", ""Long term stays allowed"", ""Carbon monoxide alarm"", ""Free dryer \u2013 In building"", ""Microwave"", ""Shampoo"", ""Luggage dropoff allowed"", ""Hair dryer"", ""Refrigerator"", ""Free washer \u2013 In building"", ""Fire extinguisher"", ""Dishwasher"", ""Keypad"", ""Cooking basics"", ""Kitchen"", ""Hot water"", ""Iron"", ""Wifi"", ""First aid kit"", ""Hangers"", ""Central heating"", ""Stove"", ""Coffee maker"", ""Free street parking""]",$171.00,3,60,1,3,1125,1125,3.0,1125.0,,t,2,5,12,93,2025-06-19,73,14,0,93,19,84,14364.0,2021-05-24,2024-11-24,4.88,4.92,4.85,4.93,4.95,4.79,4.62,STR-491702,f,11,11,0,0,1.47
1648,50770780,https://www.airbnb.com/rooms/50770780,20250619031426,2025-06-19,city scrape,"Fort Hill Inn, *Designed*  City Loft Studio Apt","Design Inspired, Sunny Open Studio/Suite,      5 minutes to the Subway,  5 minutes to the center.  Located in the quiet residential Boston neighborhood of Fort Hill/Highland Park.  Excellent access to all of the City!","Quiet Residential,   Minutes to the center.  5 minute walk to the Subway,  5 minute ride to Copley Square.",https://a0.muscache.com/pictures/hosting/Hosting-U3RheVN1cHBseUxpc3Rpbmc6NTA3NzA3ODA=/original/3e435639-9f4b-4eab-b0c5-044728abd877.jpeg,28662210,https://www.airbnb.com/users/show/28662210,Terry,2015-03-03,"Boston, MA",,within an hour,100%,100%,t,https://a0.muscache.com/im/users/28662210/profile_pic/1425367932/original.jpg?aki_policy=profile_small,https://a0.muscache.com/im/users/28662210/profile_pic/1425367932/original.jpg?aki_policy=profile_x_medium,Mission Hill,5,5,"['email', 'phone']",t,t,Neighborhood highlights,Roxbury,,42.32845,-71.09435,Entire rental unit,Entire home/apt,4,1.0,1 bath,0.0,2.0,"[""Essentials"", ""Private entrance"", ""Washer"", ""Smoke alarm"", ""Dedicated workspace"", ""Dishes and silverware"", ""Self check-in"", ""Carbon monoxide alarm"", ""Portable air conditioning"", ""Shampoo"", ""Hair dryer"", ""Refrigerator"", ""Fire extinguisher"", ""TV"", ""Dryer"", ""Cooking basics"", ""Indoor fireplace"", ""Kitchen"", ""Hot water"", ""Keypad"", ""Heating"", ""Iron"", ""Wifi"", ""First aid kit"", ""Hangers""]",$152.00,3,1125,1,3,1125,1125,3.0,1125.0,,t,2,8,12,81,2025-06-19,100,37,2,81,40,222,33744.0,2021-08-15,2025-05-28,4.87,4.92,4.95,4.95,4.81,4.64,4.79,str-446656,f,5,5,0,0,2.14
1800,53477851,https://www.airbnb.com/rooms/53477851,20250619031426,2025-06-19,city scrape,109S14 | The Strathmore 14 w/AC | 2BR 1B | Private,"Discover a cozy city retreat that promises urban comfort with a touch of charm. Nestled conveniently, just a block from the Green Line Street Car, this cozy two-bedroom haven offers seamless access to Boston's vibrant heart. Fully equipped for your needs and featuring air conditioning, it's the perfect mix of homey comfort and city convenience. Short walk to Cleveland Circle, Beacon Street. and Comm Avenue and walkable to BC! Ready to explore Boston? Book your stay in this inviting escape today!","Brighton is a dissolved municipality and current neighborhood of Boston, Massachusetts,  United States, located in the northwestern corner of the city. It is named after the town of Brighton in the English city of Brighton and Hove. Initially, Brighton was part of Cambridge, and known as ""Little Cambridge"".  Our area of Brighton is right beside Boston College.",https://a0.muscache.com/pictures/prohost-api/Hosting-53477851/original/561dfac8-50ff-42fc-80c4-92fc8e7d7975.jpeg,71783,https://www.airbnb.com/users/show/71783,Lance,2010-01-19,"Boston, MA","Lance R. Swank, Principal

His units offer comfortable and luxurious appointments to compliment the style of the building, whether a newly constructed condo or a historic Brownstone. Visitors to Boston seeking a furnished apartment without the corporate, hotel-room-like feel of most furnished rentals will find themselves more at home in Lance’s spaces.

Lance is the President of LSBM Management, LLC and holds an MBA degree from of the F.W. Olin Graduate School of Business at Babson College. He lives and invests in the City of Boston.",within a few hours,87%,96%,f,https://a0.muscache.com/im/users/71783/profile_pic/1342801683/original.jpg?aki_policy=profile_small,https://a0.muscache.com/im/users/71783/profile_pic/1342801683/original.jpg?aki_policy=profile_x_medium,Dorchester,60,97,"['email', 'phone', 'work_email']",t,t,Neighborhood highlights,Brighton,,42.33848,-71.15228,Entire rental unit,Entire home/apt,4,1.0,1 bath,2.0,4.0,"[""Wine glasses"", ""Essentials"", ""Private entrance"", ""Drying rack for clothing"", ""Baking sheet"", ""Air conditioning"", ""Smoke alarm"", ""Dedicated workspace"", ""Dishes and silverware"", ""Clothing storage"", ""Hot water kettle"", ""Self check-in"", ""Oven"", ""Long term stays allowed"", ""Coffee maker"", ""Carbon monoxide alarm"", ""Cleaning products"", ""Bed linens"", ""Microwave"", ""Housekeeping - available at extra cost"", ""Shampoo"", ""Hair dryer"", ""Body soap"", ""Freezer"", ""Refrigerator"", ""Pets allowed"", ""Extra pillows and blankets"", ""Lockbox"", ""Fire extinguisher"", ""TV"", ""Dishwasher"", ""Laundromat nearby"", ""Cooking basics"", ""Kitchen"", ""Bread maker"", ""Hot water"", ""Heating"", ""Iron"", ""Wifi"", ""Toaster"", ""Hangers"", ""Single level home"", ""Exterior security cameras on property"", ""Stove"", ""Portable fans"", ""Bathtub"", ""Blender"", ""Free street parking""]",$99.00,30,360,30,30,1125,1125,30.0,1125.0,,t,0,0,10,267,2025-06-19,7,3,0,116,3,180,17820.0,2022-05-01,2025-05-12,3.86,4.14,4.0,4.43,3.71,4.86,3.57,,f,58,18,40,0,0.18
1826,53898789,https://www.airbnb.com/rooms/53898789,20250619031426,2025-06-19,city scrape,Piano 1 bed facing Beacon St,"Fantastic location in historic Beacon Hill! This concierge building is located beside the State House and the Boston Common. It is convenient to transportation, the Financal District and Government Centre. This 1 bed faces Beacon Street, has parquet wood floors  and has an updated compact kitchen with an oven and electric cooktop. There is laundry on each floor and a common roofdeck overlooking the downtown.","Historic Beacon Hill has shops, restaurants and is convenient to transportation.",https://a0.muscache.com/pictures/miso/Hosting-53898789/original/28f0df1e-9f81-4c75-9a8a-02750bb4ed2c.jpeg,26988,https://www.airbnb.com/users/show/26988,Anne,2009-07-22,"Boston, MA","I manage a number of furnished units around Boston and Brookline with my business partner Joseph Morrissey.  I am a Realtor with Unlimited Sotheby's  and do sales/rentals in the greater Boston market.  I also manage a sculpture school/studio with my husband, sculptor Morris Norvin.  Stonybrook Fine Arts, is located in the Boston neighborhood Jamaica Plain across the street from the famous Sam Adams Brewery.  We offer a variety of one day workshops on our calendar including welding, jewelry and metal casting.   Longer classes are available and meet one time each week including the options above as well as mold making, live figure modeling and foundry.  Custom workshops are available for small groups, birthday parties, bachelorette parties, make your own wedding bands, create an engagement ring and team building.  We are happy to arrange a tour of Sam Adams after a daytime workshop not occurring on Sunday.  Contact us for more details to set up your custom event!

",within a day,70%,38%,t,https://a0.muscache.com/im/pictures/user/d7d71322-db4f-45f8-92f7-ec27a50d5773.jpg?aki_policy=profile_small,https://a0.muscache.com/im/pictures/user/d7d71322-db4f-45f8-92f7-ec27a50d5773.jpg?aki_policy=profile_x_medium,Beacon Hill,12,32,"['email', 'phone']",t,t,Neighborhood highlights,Downtown,,42.35919210551046,-71.06117817828259,Entire rental unit,Entire home/apt,1,1.0,1 bath,1.0,1.0,"[""Essentials"", ""Patio or balcony"", ""Clothing storage: closet and dresser"", ""Smoke alarm"", ""Dedicated workspace"", ""Dishes and silverware"", ""Paid parking off premises"", ""Electric stove"", ""Elevator"", ""Paid washer \u2013 In building"", ""City skyline view"", ""Paid dryer \u2013 In building"", ""Dining table"", ""Long term stays allowed"", ""Coffee maker"", ""Carbon monoxide alarm"", ""Cleaning products"", ""Bed linens"", ""Microwave"", ""TV with standard cable"", ""Hair dryer"", ""Refrigerator"", ""Single oven"", ""Extra pillows and blankets"", ""Window AC unit"", ""Fire extinguisher"", ""Ethernet connection"", ""Cooking basics"", ""Kitchen"", ""Hot water"", ""Heating"", ""Iron"", ""Wifi"", ""Hangers"", ""Bathtub""]",$161.00,91,365,91,91,365,365,91.0,365.0,,t,0,0,16,291,2025-06-19,2,2,0,122,1,255,41055.0,2024-08-11,2025-05-17,5.0,5.0,4.5,5.0,5.0,5.0,5.0,,f,8,8,0,0,0.19
1835,54051307,https://www.airbnb.com/rooms/54051307,20250619031426,2025-06-19,previous scrape,109S9 | The Strathmore 9 w/AC | 2BR 1B | Private,"Discover a cozy city retreat that promises urban comfort with a touch of charm. Nestled conveniently, just a block from the Green Line Street Car, this cozy two-bedroom haven offers seamless access to Boston's vibrant heart. Fully equipped for your needs and featuring air conditioning, it's the perfect mix of homey comfort and city convenience. Short walk to Cleveland Circle, Beacon Street. and Comm Avenue and walkable to BC! Ready to explore Boston? Book your stay in this inviting escape today!",,https://a0.muscache.com/pictures/prohost-api/Hosting-54051307/original/9fb70b3f-ea55-424f-9fa3-f014e6fc1695.jpeg,71783,https://www.airbnb.com/users/show/71783,Lance,2010-01-19,"Boston, MA","Lance R. Swank, Principal

His units offer comfortable and luxurious appointments to compliment the style of the building, whether a newly constructed condo or a historic Brownstone. Visitors to Boston seeking a furnished apartment without the corporate, hotel-room-like feel of most furnished rentals will find themselves more at home in Lance’s spaces.

Lance is the President of LSBM Management, LLC and holds an MBA degree from of the F.W. Olin Graduate School of Business at Babson College. He lives and invests in the City of Boston.",within a few hours,87%,96%,f,https://a0.muscache.com/im/users/71783/profile_pic/1342801683/original.jpg?aki_policy=profile_small,https://a0.muscache.com/im/users/71783/profile_pic/1342801683/original.jpg?aki_policy=profile_x_medium,Dorchester,60,97,"['email', 'phone', 'work_email']",t,t,,Brighton,,42.3405,-71.15032,Entire rental unit,Entire home/apt,4,,1 bath,2.0,,"[""Wine glasses"", ""Essentials"", ""Drying rack for clothing"", ""Baking sheet"", ""Air conditioning"", ""Smoke alarm"", ""Dedicated workspace"", ""Dishes and silverware"", ""Clothing storage"", ""Hot water kettle"", ""Self check-in"", ""Oven"", ""Long term stays allowed"", ""Coffee maker"", ""Carbon monoxide alarm"", ""Cleaning products"", ""Bed linens"", ""Microwave"", ""Shampoo"", ""TV with standard cable"", ""Hair dryer"", ""Freezer"", ""Refrigerator"", ""Pets allowed"", ""Extra pillows and blankets"", ""Lockbox"", ""Fire extinguisher"", ""Dishwasher"", ""Laundromat nearby"", ""Cooking basics"", ""Kitchen"", ""Hot water"", ""Heating"", ""Iron"", ""Wifi"", ""Toaster"", ""Hangers"", ""Single level home"", ""Exterior security cameras on property"", ""Stove"", ""Portable fans"", ""Bathtub"", ""Blender"", ""Free street parking""]",,30,365,30,30,1125,1125,30.0,1125.0,,t,0,16,46,112,2025-06-19,2,1,0,112,1,60,,2023-08-14,2024-06-22,4.0,3.5,4.5,4.5,4.5,3.5,3.0,,f,58,18,40,0,0.09
1836,54051626,https://www.airbnb.com/rooms/54051626,20250619031426,2025-06-19,city scrape,230B1.3 | The Dorset Redline | 3BR 1B w/AC | Rm #3,"Discover unmatched comfort and style at The Dorset (BEDROOM #3), a charming 3BR 1B retreat nestled near Boston’s historic South End. Here, turn-of-the-century architecture meets modern amenities such as a washer/dryer, offering a haven for both relaxation and exploration. Imagine yourself unwinding in a centrally climate controlled space designed with elegance and convenience in mind, just steps away from vibrant city life. Book your stay and start crafting unforgettable Boston memories today!","Once its own city, Dorchester is now Boston’s largest and most diverse neighborhood, evident in the wide variety of global cuisines found on Dorchester Avenue. The district hosts UMass Boston and the John F. Kennedy Presidential Library, with artifacts from the president’s life and exhibits on the civil rights era. The Neponset River meanders past several parks, and nearby Franklin Park has woodland trails and a zoo.",https://a0.muscache.com/pictures/prohost-api/Hosting-54051626/original/67acc9c8-1f35-4e6e-bfaa-65ee375aeabf.jpeg,71783,https://www.airbnb.com/users/show/71783,Lance,2010-01-19,"Boston, MA","Lance R. Swank, Principal

His units offer comfortable and luxurious appointments to compliment the style of the building, whether a newly constructed condo or a historic Brownstone. Visitors to Boston seeking a furnished apartment without the corporate, hotel-room-like feel of most furnished rentals will find themselves more at home in Lance’s spaces.

Lance is the President of LSBM Management, LLC and holds an MBA degree from of the F.W. Olin Graduate School of Business at Babson College. He lives and invests in the City of Boston.",within a few hours,87%,96%,f,https://a0.muscache.com/im/users/71783/profile_pic/1342801683/original.jpg?aki_policy=profile_small,https://a0.muscache.com/im/users/71783/profile_pic/1342801683/original.jpg?aki_policy=profile_x_medium,Dorchester,60,97,"['email', 'phone', 'work_email']",t,t,Neighborhood highlights,Dorchester,,42.32318,-71.06123,Private room in rental unit,Private room,2,1.0,1 bath,1.0,1.0,"[""Wine glasses"", ""Essentials"", ""Private entrance"", ""Washer"", ""Paid parking garage off premises"", ""Drying rack for clothing"", ""Baking sheet"", ""Air conditioning"", ""Smoke alarm"", ""Dedicated workspace"", ""Dishes and silverware"", ""Books and reading material"", ""Clothing storage"", ""Hot water kettle"", ""Self check-in"", ""Dining table"", ""Oven"", ""Room-darkening shades"", ""Long term stays allowed"", ""Coffee maker"", ""Carbon monoxide alarm"", ""Cleaning products"", ""Bed linens"", ""Microwave"", ""Housekeeping - available at extra cost"", ""Shampoo"", ""TV with standard cable"", ""Hair dryer"", ""Luggage dropoff allowed"", ""Body soap"", ""Freezer"", ""Refrigerator"", ""Pets allowed"", ""Extra pillows and blankets"", ""Fire extinguisher"", ""Private living room"", ""Dishwasher"", ""Laundromat nearby"", ""Dryer"", ""Cooking basics"", ""Kitchen"", ""Bread maker"", ""Hot water"", ""Keypad"", ""Rice maker"", ""Heating"", ""Iron"", ""Wifi"", ""Toaster"", ""Hangers"", ""Single level home"", ""Stove"", ""Portable fans"", ""Bathtub"", ""Blender"", ""Free street parking""]",$64.00,30,365,30,30,1125,1125,30.0,1125.0,,t,6,6,6,270,2025-06-19,2,1,0,101,1,60,3840.0,2022-02-16,2024-10-13,5.0,5.0,5.0,5.0,5.0,5.0,5.0,,f,58,18,40,0,0.05
1837,54052472,https://www.airbnb.com/rooms/54052472,20250619031426,2025-06-19,city scrape,39S1 | Huge 4BR 2BA w/AC & W/D 75ft to Greenline!,"Discover a huge city retreat that promises you urban comfort with charming  high ceilings! Within a block of  the Green ""C"" Line Street Car, this four+ bedroom haven offers seamless access to Boston's vibrant heart. Fully equipped for your needs and featuring AC, HDTV's, washer and dryer, it's the perfect mix of homey comfort with memory foam beds and city convenience. Short walk to Cleveland Circle, Beacon St  and Comm Ave and BC! Ready to explore Boston? Book your stay visit today!",,https://a0.muscache.com/pictures/prohost-api/Hosting-54052472/original/f401db63-514b-46bd-a3a7-23b87fde09d9.jpeg,71783,https://www.airbnb.com/users/show/71783,Lance,2010-01-19,"Boston, MA","Lance R. Swank, Principal

His units offer comfortable and luxurious appointments to compliment the style of the building, whether a newly constructed condo or a historic Brownstone. Visitors to Boston seeking a furnished apartment without the corporate, hotel-room-like feel of most furnished rentals will find themselves more at home in Lance’s spaces.

Lance is the President of LSBM Management, LLC and holds an MBA degree from of the F.W. Olin Graduate School of Business at Babson College. He lives and invests in the City of Boston.",within a few hours,87%,96%,f,https://a0.muscache.com/im/users/71783/profile_pic/1342801683/original.jpg?aki_policy=profile_small,https://a0.muscache.com/im/users/71783/profile_pic/1342801683/original.jpg?aki_policy=profile_x_medium,Dorchester,60,97,"['email', 'phone', 'work_email']",t,t,,Mission Hill,,42.33182,-71.11009,Entire condo,Entire home/apt,6,2.0,2 baths,5.0,6.0,"[""Wine glasses"", ""Essentials"", ""Private entrance"", ""Washer"", ""Drying rack for clothing"", ""Baking sheet"", ""Air conditioning"", ""Smoke alarm"", ""Shared patio or balcony"", ""Dedicated workspace"", ""Dishes and silverware"", ""Paid parking off premises"", ""Books and reading material"", ""Clothing storage"", ""Hot water kettle"", ""Self check-in"", ""Dining table"", ""Oven"", ""Room-darkening shades"", ""Long term stays allowed"", ""Coffee maker"", ""Carbon monoxide alarm"", ""Cleaning products"", ""Bed linens"", ""Microwave"", ""Housekeeping - available at extra cost"", ""Shampoo"", ""Luggage dropoff allowed"", ""Hair dryer"", ""Body soap"", ""Freezer"", ""Refrigerator"", ""Pets allowed"", ""Extra pillows and blankets"", ""Lockbox"", ""Fire extinguisher"", ""TV"", ""Dishwasher"", ""Laundromat nearby"", ""Dryer"", ""Cooking basics"", ""Kitchen"", ""Bread maker"", ""Hot water"", ""Rice maker"", ""Heating"", ""Iron"", ""Wifi"", ""Toaster"", ""Hangers"", ""Single level home"", ""Stove"", ""Portable fans"", ""Bathtub"", ""Blender"", ""Free street parking""]",$251.00,30,365,1,30,1125,1125,29.4,1125.0,,t,0,8,38,144,2025-06-19,4,1,0,144,1,60,15060.0,2023-05-14,2025-03-21,5.0,5.0,5.0,5.0,5.0,5.0,5.0,Exempt: This listing is a unit used for furnished institutional or business stays,f,58,18,40,0,0.16
2319,776171132229801192,https://www.airbnb.com/rooms/776171132229801192,20250619031426,2025-06-19,city scrape,109S3 | The Strathmore 3 w/AC | 2BR 2BA | Bi-Level,"Discover a cozy city retreat that promises urban comfort with a touch of charm. Nestled conveniently, just a block from the Green Line Street Car, this two-bedroom haven offers seamless access to Boston's vibrant heart. Fully equipped for your needs and featuring air conditioning, it's the perfect mix of homey comfort and city convenience. Short walk to Cleveland Circle, Beacon Street. and Comm Avenue and walkable to BC! Ready to explore Boston? Book your stay in this inviting escape today!",,https://a0.muscache.com/pictures/prohost-api/Hosting-776171132229801192/original/c2225a47-8e52-42f2-bccc-c45a5bd1afa9.jpeg,71783,https://www.airbnb.com/users/show/71783,Lance,2010-01-19,"Boston, MA","Lance R. Swank, Principal

His units offer comfortable and luxurious appointments to compliment the style of the building, whether a newly constructed condo or a historic Brownstone. Visitors to Boston seeking a furnished apartment without the corporate, hotel-room-like feel of most furnished rentals will find themselves more at home in Lance’s spaces.

Lance is the President of LSBM Management, LLC and holds an MBA degree from of the F.W. Olin Graduate School of Business at Babson College. He lives and invests in the City of Boston.",within a few hours,87%,96%,f,https://a0.muscache.com/im/users/71783/profile_pic/1342801683/original.jpg?aki_policy=profile_small,https://a0.muscache.com/im/users/71783/profile_pic/1342801683/original.jpg?aki_policy=profile_x_medium,Dorchester,60,97,"['email', 'phone', 'work_email']",t,t,,Mission Hill,,42.33316,-71.10965,Entire rental unit,Entire home/apt,4,2.0,2 baths,2.0,1.0,"[""Wine glasses"", ""Essentials"", ""Private entrance"", ""Drying rack for clothing"", ""Baking sheet"", ""Air conditioning"", ""Smoke alarm"", ""Dedicated workspace"", ""Dishes and silverware"", ""Clothing storage"", ""Hot water kettle"", ""Self check-in"", ""Dining table"", ""Oven"", ""Coffee maker"", ""Carbon monoxide alarm"", ""Cleaning products"", ""Bed linens"", ""Microwave"", ""Housekeeping - available at extra cost"", ""Shampoo"", ""Hair dryer"", ""Body soap"", ""Freezer"", ""Refrigerator"", ""Pets allowed"", ""Extra pillows and blankets"", ""Fire extinguisher"", ""TV"", ""Dishwasher"", ""Laundromat nearby"", ""Keypad"", ""Cooking basics"", ""Kitchen"", ""Hot water"", ""Heating"", ""Iron"", ""Wifi"", ""Toaster"", ""Hangers"", ""Stove"", ""Portable fans"", ""Bathtub"", ""Free street parking""]",$131.00,30,365,30,30,1125,1125,30.0,1125.0,,t,0,0,16,122,2025-06-19,2,2,0,122,2,120,15720.0,2024-08-15,2024-09-30,3.5,4.5,5.0,3.5,3.5,4.5,5.0,,f,58,18,40,0,0.19
2849,990560533488615867,https://www.airbnb.com/rooms/990560533488615867,20250619031426,2025-06-19,city scrape,Newly renovated penthouse 1 bed,"Convenient to the Longwood Medical Area, downtown and the Green Brigham Circle T stop.  Newly renovated penthouse 1 bed with views of downtown Boston from the skylights. This 4th floor walk-up has refinished, reclaimed wood floors, new kitchen with white quartz counters, freshly painted and new central air. There is free laundry in the basement.","Mission Hill is a walkable neighborhood convenient to the Longwood Medical Area, restaurants, groceries and transportation.",https://a0.muscache.com/pictures/miso/Hosting-990560533488615867/original/5b9a0196-9377-4077-ac6c-1fb4abed6ab1.jpeg,26988,https://www.airbnb.com/users/show/26988,Anne,2009-07-22,"Boston, MA","I manage a number of furnished units around Boston and Brookline with my business partner Joseph Morrissey.  I am a Realtor with Unlimited Sotheby's  and do sales/rentals in the greater Boston market.  I also manage a sculpture school/studio with my husband, sculptor Morris Norvin.  Stonybrook Fine Arts, is located in the Boston neighborhood Jamaica Plain across the street from the famous Sam Adams Brewery.  We offer a variety of one day workshops on our calendar including welding, jewelry and metal casting.   Longer classes are available and meet one time each week including the options above as well as mold making, live figure modeling and foundry.  Custom workshops are available for small groups, birthday parties, bachelorette parties, make your own wedding bands, create an engagement ring and team building.  We are happy to arrange a tour of Sam Adams after a daytime workshop not occurring on Sunday.  Contact us for more details to set up your custom event!

",within a day,70%,38%,t,https://a0.muscache.com/im/pictures/user/d7d71322-db4f-45f8-92f7-ec27a50d5773.jpg?aki_policy=profile_small,https://a0.muscache.com/im/pictures/user/d7d71322-db4f-45f8-92f7-ec27a50d5773.jpg?aki_policy=profile_x_medium,Beacon Hill,12,32,"['email', 'phone']",t,t,Neighborhood highlights,Mission Hill,,42.33164437541686,-71.10437449827246,Entire rental unit,Entire home/apt,2,1.0,1 bath,1.0,1.0,"[""Kitchen"", ""Washer"", ""Refrigerator"", ""Air conditioning"", ""Wifi"", ""Dedicated workspace"", ""TV""]",$76.00,91,365,91,91,365,365,91.0,365.0,,t,0,0,0,230,2025-06-19,0,0,0,61,0,0,0.0,,,,,,,,,,,t,8,8,0,0,
3082,1043730588496147940,https://www.airbnb.com/rooms/1043730588496147940,20250619031426,2025-06-19,city scrape,Charming and Historic Apartment,"Located in the heart of the historic Beacon Hill neighborhood, this cozy apartment is on the first two floors of a four-story brick townhouse.  Tucked away on a European-style gated courtyard, the apartment is incredibly quiet and private, and only steps away from the shops, restaurants and public transportation of Charles Street and Cambridge Street.<br /><br />The well equipped kitchen has been recently renovated with free in unit laundry, bar, adjacent patio.  Also WFH station and gas fireplace.","Beacon Hill is an incredibly charming and fun neighborhood.  The apartment is located within steps of the famous Cambridge and Charles streets, that are both full of shops, restaurants, coffee shops and more.  A stroll down Charles Street ends in the beautiful Boston Common and Public Garden.<br /><br />Back Bay, Downtown, historic sites, and the North End are all easily in walking distance.  The Charles/MGH T station (red line) is one block from the apartment providing quick and easy access to Cambridge, Harvard, South Station and the Seaport.<br /><br />MGH hospital / ER is just one block away.  Whole Foods grocery store and CVS are an 8 minute walk; other local markets are a 5 minute walk.  Plenty of local bars and cuisine to choose from for breakfast, lunch and dinner!",https://a0.muscache.com/pictures/hosting/Hosting-1043730588496147940/original/eb559c84-e336-4201-a683-42f1452aea22.jpeg,55128873,https://www.airbnb.com/users/show/55128873,Anne,2016-01-18,"Los Angeles, CA","Hello and welcome to my home! I’ve lived in Boston for over 20 years and have been on Beacon Hill for the last 5. I love the charm, beauty and history of the neighborhood and this city. There is no other place like it!

I am a competitive sailboat racer so I know Boston Harbor and Massachusetts Bay very well. I am a member of the Beacon Hill Civic Association and volunteer as a tour guide!  I’m happy to provide recommendations, so just ask!",within an hour,100%,100%,t,https://a0.muscache.com/im/pictures/user/90581739-941f-43d4-9c67-4e8bfc35072e.jpg?aki_policy=profile_small,https://a0.muscache.com/im/pictures/user/90581739-941f-43d4-9c67-4e8bfc35072e.jpg?aki_policy=profile_x_medium,Beacon Hill,1,1,"['email', 'phone']",t,f,Neighborhood highlights,Beacon Hill,,42.359827,-71.069176,Entire condo,Entire home/apt,2,1.0,1 bath,1.0,1.0,"[""Wine glasses"", ""Essentials"", ""Barbecue utensils"", ""Drying rack for clothing"", ""Indoor fireplace: gas"", ""Baking sheet"", ""Smoke alarm"", ""Dedicated workspace"", ""Dishes and silverware"", ""Books and reading material"", ""Clothing storage: wardrobe"", ""Hot water kettle"", ""Self check-in"", ""Free dryer \u2013 In unit"", ""Dining table"", ""Oven"", ""Long term stays allowed"", ""Carbon monoxide alarm"", ""Cleaning products"", ""Bed linens"", ""Ceiling fan"", ""Microwave"", ""Hair dryer"", ""Freezer"", ""Board games"", ""Free washer \u2013 In unit"", ""Refrigerator"", ""Mini fridge"", ""Extra pillows and blankets"", ""Private patio or balcony"", ""Window AC unit"", ""Outdoor furniture"", ""Lockbox"", ""TV"", ""Dishwasher"", ""Cooking basics"", ""Kitchen"", ""Hot water"", ""Gas stove"", ""Iron"", ""Wifi"", ""Outdoor dining area"", ""Private BBQ grill: gas"", ""First aid kit"", ""Hangers"", ""Central heating"", ""Bathtub""]",$160.00,1,730,1,2,1125,1125,2.0,1125.0,,t,6,14,19,224,2025-06-19,77,58,2,68,52,255,40800.0,2024-03-11,2025-05-24,4.95,4.97,4.88,4.87,4.99,4.95,4.79,STR-546510,f,1,1,0,0,4.96
3132,1063177709955666892,https://www.airbnb.com/rooms/1063177709955666892,20250619031426,2025-06-19,city scrape,230B3.3  | The Mayhew Redline | AC & W/D | Rm #3,NEW for May 2022!  Full-size Washer AND Dryer inside the unit!  Incredible convenience and comfort.<br /><br />Our comfortable  apartment (this listing is for a bedroom in this unit) with tons of light has a true neighborhood feel! It comfortably fits four and is centrally located just a few blocks from Upham's Corner. Enjoy a short walk to the Redline of the Subway and zip into downtown!,"Once its own city, Dorchester is now Boston’s largest and most diverse neighborhood, evident in the wide variety of global cuisines found on Dorchester Avenue. The district hosts UMass Boston and the John F. Kennedy Presidential Library, with artifacts from the president’s life and exhibits on the civil rights era. The Neponset River meanders past several parks, and nearby Franklin Park has woodland trails and a zoo. <br /> <br />Dorchester is also home to Franklin Park, the “crown jewel” of the Emerald Necklace Park System. The park has more 527 acres of green space, a zoo, and public golf course. Among the dozens of other parks in the neighborhood, recently renovated Pope John Paul II Park offers numerous walking and bike paths, athletic fields, and picnic areas with beautiful views of Boston Harbor and the Neponset River.",https://a0.muscache.com/pictures/prohost-api/Hosting-1063177709955666892/original/54be40ff-867d-4a58-8cbf-5f2c99954ed6.jpeg,71783,https://www.airbnb.com/users/show/71783,Lance,2010-01-19,"Boston, MA","Lance R. Swank, Principal

His units offer comfortable and luxurious appointments to compliment the style of the building, whether a newly constructed condo or a historic Brownstone. Visitors to Boston seeking a furnished apartment without the corporate, hotel-room-like feel of most furnished rentals will find themselves more at home in Lance’s spaces.

Lance is the President of LSBM Management, LLC and holds an MBA degree from of the F.W. Olin Graduate School of Business at Babson College. He lives and invests in the City of Boston.",within a few hours,87%,96%,f,https://a0.muscache.com/im/users/71783/profile_pic/1342801683/original.jpg?aki_policy=profile_small,https://a0.muscache.com/im/users/71783/profile_pic/1342801683/original.jpg?aki_policy=profile_x_medium,Dorchester,60,97,"['email', 'phone', 'work_email']",t,t,Neighborhood highlights,Dorchester,,42.32108,-71.06167,Private room,Private room,2,1.0,1 bath,1.0,1.0,"[""Essentials"", ""Private entrance"", ""Washer"", ""Smoke alarm"", ""Dedicated workspace"", ""Dishes and silverware"", ""Clothing storage"", ""Hot water kettle"", ""High chair"", ""Self check-in"", ""Oven"", ""Carbon monoxide alarm"", ""Bed linens"", ""Microwave"", ""Shampoo"", ""TV with standard cable"", ""Hair dryer"", ""Pack \u2019n play/Travel crib"", ""Refrigerator"", ""Pets allowed"", ""Fire extinguisher"", ""Lock on bedroom door"", ""Dishwasher"", ""Dryer"", ""Cooking basics"", ""Kitchen"", ""Keypad"", ""Hot water"", ""Heating"", ""Iron"", ""Wifi"", ""Toaster"", ""Hangers"", ""Stove"", ""Coffee maker"", ""Free parking on premises"", ""Central air conditioning""]",$66.00,30,180,30,30,1125,1125,30.0,1125.0,,t,0,0,0,252,2025-06-19,0,0,0,83,0,0,0.0,,,,,,,,,,,t,58,18,40,0,
3134,1063677148275439417,https://www.airbnb.com/rooms/1063677148275439417,20250619031426,2025-06-19,city scrape,NEW! Boston Full Home Near MBTA ! 3 Mi To Fenway!,"Hop on the MBTA, just a half-mile walk from this 8-bedroom, 3-bathroom Entire 3 Unit Home in Boston and you’ll be downtown in no time! Catch a Red Sox game at Fenway, try a cannoli in the North End, or stroll through the many museums and tree-lined neighborhoods. History buffs can ride along the 2.5 mile Freedom Trail, showcasing a unique collection of revolutionary history. At days end, return to the vacation rental to whip up a home-cooked meal and give your feet a break on cozy furnishings!","ATTRACTIONS: Fenway Park (3.2 miles), Quincy Market (3.8 miles), The Institute of Contemporary Art (3.4 miles), New England Aquarium (4.0 miles), JFK Presidential Library<br />Museum (2.7 miles), Boston Tea Party Ship & Museum (3.4 miles), Custom House Tower (4.0 miles)<br />COLLEGES: Northeastern University (1.7 miles) Boston University (3.3 miles), Boston College (6.4 miles), Harvard University (7.4 miles)<br />OUTDOOR ACTIVITY: Freedom Trail (3.2 miles), Boston Common (3.1 miles), Boston Public Garden (3.1 miles), Boston Harbor Cruises (4.1 miles), Boston Common Frog Pond (3.1 miles)<br />TRANSPORTATION: Upham's Corner Station (0.5 miles), Newmarket Square Bluebikes Station (1.0 miles)<br />DAY TRIPS: Vineyard Ferries - Martha’s Vineyard (73.1 miles), Cape Cod (67.4 miles)<br />AIRPORT: Boston Logan International Airport (5.1 miles)",https://a0.muscache.com/pictures/hosting/Hosting-1063677148275439417/original/52c2d0b3-7d72-4d18-bdda-a0ef4ddb50f8.jpeg,41266357,https://www.airbnb.com/users/show/41266357,Frank,2015-08-12,"Boston, MA",,within an hour,100%,98%,f,https://a0.muscache.com/im/pictures/user/f7e545d9-765b-49a7-9652-7c2024e77800.jpg?aki_policy=profile_small,https://a0.muscache.com/im/pictures/user/f7e545d9-765b-49a7-9652-7c2024e77800.jpg?aki_policy=profile_x_medium,Roxbury,5,5,"['email', 'phone']",t,t,Neighborhood highlights,Roxbury,,42.32044,-71.07531,Entire home,Entire home/apt,16,3.0,3 baths,8.0,8.0,"[""Wine glasses"", ""Essentials"", ""Private entrance"", ""Patio or balcony"", ""Clothing storage: closet and dresser"", ""Air conditioning"", ""Smoke alarm"", ""Dishes and silverware"", ""Books and reading material"", ""City skyline view"", ""Self check-in"", ""Dining table"", ""Oven"", ""Room-darkening shades"", ""Long term stays allowed"", ""Coffee maker"", ""Carbon monoxide alarm"", ""Cleaning products"", ""Bed linens"", ""Microwave"", ""Hair dryer"", ""Body soap"", ""Board games"", ""Freezer"", ""Garden view"", ""Refrigerator"", ""Extra pillows and blankets"", ""Lockbox"", ""Fire extinguisher"", ""TV"", ""Dishwasher"", ""Laundromat nearby"", ""Cooking basics"", ""Kitchen"", ""Hot water"", ""Gas stove"", ""Shower gel"", ""Heating"", ""Iron"", ""Wifi"", ""Toaster"", ""First aid kit"", ""Hangers"", ""Portable fans"", ""Bathtub"", ""Free street parking""]",$714.00,2,1125,2,2,2,1125,2.0,338.9,,t,3,11,21,270,2025-06-19,11,8,0,103,7,48,34272.0,2024-01-22,2025-03-19,4.73,5.0,4.91,4.91,4.91,4.64,5.0,STR-414833,t,4,4,0,0,0.64
3147,1068959354784291874,https://www.airbnb.com/rooms/1068959354784291874,20250619031426,2025-06-19,city scrape,25A1 | The Alameda 1 | 2BR 1B w/AC & W/D | Private,"Our comfy two bedroom apartment has tons of light, situated in a leafy Boston neighborhood close to everything! Enjoy the comforts of AC and a Washer/Dryer inside the apartment. The apartment  comfortably fits four and is conveniently located next to Brookline and Newton. Enjoy a short walk to the Train or Bus,  zip into downtown! And street parking is incredibly easy here!  No meters, no parking restrictions and no parking limits.  Take a look at the pictures to see what parking is always like!",,https://a0.muscache.com/pictures/hosting/Hosting-U3RheVN1cHBseUxpc3Rpbmc6MTA2ODk1OTM1NDc4NDI5MTg3NA%3D%3D/original/6d290193-ea79-486d-b7ee-f28b21a66ec0.jpeg,71783,https://www.airbnb.com/users/show/71783,Lance,2010-01-19,"Boston, MA","Lance R. Swank, Principal

His units offer comfortable and luxurious appointments to compliment the style of the building, whether a newly constructed condo or a historic Brownstone. Visitors to Boston seeking a furnished apartment without the corporate, hotel-room-like feel of most furnished rentals will find themselves more at home in Lance’s spaces.

Lance is the President of LSBM Management, LLC and holds an MBA degree from of the F.W. Olin Graduate School of Business at Babson College. He lives and invests in the City of Boston.",within a few hours,87%,96%,f,https://a0.muscache.com/im/users/71783/profile_pic/1342801683/original.jpg?aki_policy=profile_small,https://a0.muscache.com/im/users/71783/profile_pic/1342801683/original.jpg?aki_policy=profile_x_medium,Dorchester,60,97,"['email', 'phone', 'work_email']",t,t,,West Roxbury,,42.29305,-71.15292,Entire rental unit,Entire home/apt,4,1.0,1 bath,2.0,2.0,"[""Wine glasses"", ""Essentials"", ""Private entrance"", ""Washer"", ""Drying rack for clothing"", ""Baking sheet"", ""Air conditioning"", ""Smoke alarm"", ""Dedicated workspace"", ""Dishes and silverware"", ""Clothing storage"", ""Hot water kettle"", ""Self check-in"", ""Dining table"", ""Oven"", ""Room-darkening shades"", ""Long term stays allowed"", ""Coffee maker"", ""Carbon monoxide alarm"", ""Cleaning products"", ""Bed linens"", ""Microwave"", ""Housekeeping - available at extra cost"", ""Shampoo"", ""TV with standard cable"", ""Hair dryer"", ""Body soap"", ""Freezer"", ""Refrigerator"", ""Pets allowed"", ""Extra pillows and blankets"", ""Fire extinguisher"", ""Dishwasher"", ""Laundromat nearby"", ""Dryer"", ""Cooking basics"", ""Kitchen"", ""Keypad"", ""Hot water"", ""Rice maker"", ""Heating"", ""Iron"", ""Wifi"", ""Toaster"", ""Hangers"", ""Paid parking on premises"", ""Single level home"", ""Stove"", ""Portable fans"", ""Bathtub"", ""Blender"", ""Free street parking""]",$163.00,30,180,30,30,180,180,30.0,180.0,,t,28,58,88,321,2025-06-19,0,0,0,194,0,0,0.0,,,,,,,,,,,f,58,18,40,0,
3150,1070298141105686622,https://www.airbnb.com/rooms/1070298141105686622,20250619031426,2025-06-19,city scrape,14P.R | The Grand View | 5BR 2B w/AC | Rose Room,"Our elegant Victorian Era home with tons of light has a true neighborhood feel and it is centrally located just a few blocks from Savin Hill. Enjoy a short walk to the Redline of the Subway and zip into downtown! <br /> <br />** This rental requires a minimum booking of 30 nights. Regardless of nights physically occupied, no bookings for less than 30 nights will be accepted. Please contact us for other options in the Greater Boston Area. **","Once its own city, Dorchester is now Boston’s largest and most diverse neighborhood, evident in the wide variety of global cuisines found on Dorchester Avenue. The district hosts UMass Boston and the John F. Kennedy Presidential Library, with artifacts from the president’s life and exhibits on the civil rights era. The Neponset River meanders past several parks, and nearby Franklin Park has woodland trails and a zoo. <br /> <br />Dorchester is also home to Franklin Park, the “crown jewel” of the Emerald Necklace Park System. The park has more 527 acres of green space, a zoo, and public golf course. Among the dozens of other parks in the neighborhood, recently renovated Pope John Paul II Park offers numerous walking and bike paths, athletic fields, and picnic areas with beautiful views of Boston Harbor and the Neponset River.",https://a0.muscache.com/pictures/prohost-api/Hosting-1070298141105686622/original/abaae5ea-f954-4452-ae74-914c32879b4c.jpeg,71783,https://www.airbnb.com/users/show/71783,Lance,2010-01-19,"Boston, MA","Lance R. Swank, Principal

His units offer comfortable and luxurious appointments to compliment the style of the building, whether a newly constructed condo or a historic Brownstone. Visitors to Boston seeking a furnished apartment without the corporate, hotel-room-like feel of most furnished rentals will find themselves more at home in Lance’s spaces.

Lance is the President of LSBM Management, LLC and holds an MBA degree from of the F.W. Olin Graduate School of Business at Babson College. He lives and invests in the City of Boston.",within a few hours,87%,96%,f,https://a0.muscache.com/im/users/71783/profile_pic/1342801683/original.jpg?aki_policy=profile_small,https://a0.muscache.com/im/users/71783/profile_pic/1342801683/original.jpg?aki_policy=profile_x_medium,Dorchester,60,97,"['email', 'phone', 'work_email']",t,t,Neighborhood highlights,Dorchester,,42.314873629657555,-71.06099776279504,Private room,Private room,2,2.0,2 baths,1.0,1.0,"[""Wine glasses"", ""Essentials"", ""Private entrance"", ""Washer"", ""Drying rack for clothing"", ""Baking sheet"", ""Air conditioning"", ""Smoke alarm"", ""Dedicated workspace"", ""Dishes and silverware"", ""Books and reading material"", ""Clothing storage"", ""Hot water kettle"", ""Self check-in"", ""Oven"", ""Room-darkening shades"", ""Long term stays allowed"", ""Coffee maker"", ""Carbon monoxide alarm"", ""Cleaning products"", ""Bed linens"", ""Microwave"", ""Housekeeping - available at extra cost"", ""Shampoo"", ""Hair dryer"", ""Pack \u2019n play/Travel crib"", ""Body soap"", ""Freezer"", ""Refrigerator"", ""Pets allowed"", ""Extra pillows and blankets"", ""Lockbox"", ""Fire extinguisher"", ""Private living room"", ""TV"", ""Dishwasher"", ""Laundromat nearby"", ""Dryer"", ""Cooking basics"", ""Indoor fireplace"", ""Kitchen"", ""Hot water"", ""Backyard"", ""Heating"", ""Iron"", ""Wifi"", ""Toaster"", ""Hangers"", ""Paid parking on premises"", ""Stove"", ""Portable fans"", ""Bathtub"", ""Blender"", ""Free street parking""]",$75.00,30,365,30,30,1125,1125,30.0,1125.0,,t,0,0,15,81,2025-06-19,0,0,0,81,0,0,0.0,,,,,,,,,,,t,58,18,40,0,
3628,1223243055196020154,https://www.airbnb.com/rooms/1223243055196020154,20250619031426,2025-06-19,city scrape,Beacon Hill Convenience,"Enjoy easy access to everything from this perfectly located home base beside the Boston Common and the State House. Convenient to transportation, the Financial District and Government Center. Updated 6th floor 1 bed faces the Boston Athenaeum on Beacon Street.  This concierge building has two elevators, common roofdeck and laundry/trash room on each floor.",,https://a0.muscache.com/pictures/miso/Hosting-1223243055196020154/original/e5c659d3-370a-4499-86fa-cdb876d4e7aa.jpeg,26988,https://www.airbnb.com/users/show/26988,Anne,2009-07-22,"Boston, MA","I manage a number of furnished units around Boston and Brookline with my business partner Joseph Morrissey.  I am a Realtor with Unlimited Sotheby's  and do sales/rentals in the greater Boston market.  I also manage a sculpture school/studio with my husband, sculptor Morris Norvin.  Stonybrook Fine Arts, is located in the Boston neighborhood Jamaica Plain across the street from the famous Sam Adams Brewery.  We offer a variety of one day workshops on our calendar including welding, jewelry and metal casting.   Longer classes are available and meet one time each week including the options above as well as mold making, live figure modeling and foundry.  Custom workshops are available for small groups, birthday parties, bachelorette parties, make your own wedding bands, create an engagement ring and team building.  We are happy to arrange a tour of Sam Adams after a daytime workshop not occurring on Sunday.  Contact us for more details to set up your custom event!

",within a day,70%,38%,t,https://a0.muscache.com/im/pictures/user/d7d71322-db4f-45f8-92f7-ec27a50d5773.jpg?aki_policy=profile_small,https://a0.muscache.com/im/pictures/user/d7d71322-db4f-45f8-92f7-ec27a50d5773.jpg?aki_policy=profile_x_medium,Beacon Hill,12,32,"['email', 'phone']",t,t,,Beacon Hill,,42.3587,-71.0635,Entire rental unit,Entire home/apt,2,1.0,1 bath,1.0,1.0,"[""Cooking basics"", ""Essentials"", ""Kitchen"", ""Hot water"", ""Wine glasses"", ""Air conditioning"", ""Smoke alarm"", ""Wifi"", ""Hangers"", ""Radiant heating"", ""Dedicated workspace"", ""Dishes and silverware"", ""Coffee maker: french press"", ""TV"", ""Microwave"", ""Carbon monoxide alarm"", ""Elevator"", ""Hair dryer""]",$103.00,91,365,91,91,365,365,91.0,365.0,,t,0,15,15,197,2025-06-19,0,0,0,28,0,0,0.0,,,,,,,,,,,f,8,8,0,0,
3737,1267303097859346005,https://www.airbnb.com/rooms/1267303097859346005,20250619031426,2025-06-19,city scrape,47S1.1 | The Sumner Redline | w/AC & W/D | Ensuite,"You will discover a delightful fusion of charm and stylish modern luxuries in this Large Bedroom with climate control and en-suite bathroom! Located near the bustling neighborhood of Boston's Savin Hill and the South End this room is perfect for travelers seeking both relaxation and adventure. With easy access to Boston's vibrant heart through the nearby Red Line subway, you're set for both tranquil retreats and city explorations. Ready to create unforgettable memories? Message us now!",,https://a0.muscache.com/pictures/hosting/Hosting-U3RheVN1cHBseUxpc3Rpbmc6MTI2NzMwMzA5Nzg1OTM0NjAwNQ==/original/2b1b0722-caaf-4857-b71a-a65547024233.jpeg,71783,https://www.airbnb.com/users/show/71783,Lance,2010-01-19,"Boston, MA","Lance R. Swank, Principal

His units offer comfortable and luxurious appointments to compliment the style of the building, whether a newly constructed condo or a historic Brownstone. Visitors to Boston seeking a furnished apartment without the corporate, hotel-room-like feel of most furnished rentals will find themselves more at home in Lance’s spaces.

Lance is the President of LSBM Management, LLC and holds an MBA degree from of the F.W. Olin Graduate School of Business at Babson College. He lives and invests in the City of Boston.",within a few hours,87%,96%,f,https://a0.muscache.com/im/users/71783/profile_pic/1342801683/original.jpg?aki_policy=profile_small,https://a0.muscache.com/im/users/71783/profile_pic/1342801683/original.jpg?aki_policy=profile_x_medium,Dorchester,60,97,"['email', 'phone', 'work_email']",t,t,,Dorchester,,42.31906,-71.06312,Private room in rental unit,Private room,2,1.0,1 private bath,1.0,1.0,"[""Wine glasses"", ""Essentials"", ""Washer"", ""Drying rack for clothing"", ""Baking sheet"", ""Air conditioning"", ""Smoke alarm"", ""Shared patio or balcony"", ""Dedicated workspace"", ""Dishes and silverware"", ""Clothing storage"", ""Stainless steel oven"", ""Hot water kettle"", ""Self check-in"", ""Free dryer \u2013 In unit"", ""Dining table"", ""Long term stays allowed"", ""Carbon monoxide alarm"", ""Cleaning products"", ""Bed linens"", ""Microwave"", ""Housekeeping - available at extra cost"", ""Hair dryer"", ""Body soap"", ""Freezer"", ""Refrigerator"", ""Pets allowed"", ""Extra pillows and blankets"", ""Fire extinguisher"", ""TV"", ""Lock on bedroom door"", ""Dishwasher"", ""Laundromat nearby"", ""Cooking basics"", ""Kitchen"", ""Hot water"", ""Smart lock"", ""Heating"", ""Iron"", ""Wifi"", ""Toaster"", ""Hangers"", ""Stove"", ""Portable fans"", ""Coffee maker"", ""Paid parking lot on premises \u2013 2 spaces"", ""Free street parking""]",$79.00,30,365,30,30,365,365,30.0,365.0,,t,0,0,11,286,2025-06-19,0,0,0,117,0,0,0.0,,,,,,,,,,,f,58,18,40,0,
3738,1267321993028464851,https://www.airbnb.com/rooms/1267321993028464851,20250619031426,2025-06-19,city scrape,47S1.2 | The Sumner Redline | w/AC & W/D | Room #2,"You will discover a delightful fusion of charm and stylish modern luxuries in this Large Bedroom with climate control and shared modern bathroom. Located near the bustling neighborhood of Boston's Savin Hill and the South End this room is perfect for  travelers seeking both relaxation and adventure. With easy access to Boston's vibrant heart through the nearby Red Line subway, you're set for both tranquil retreats and city explorations. Ready to create unforgettable memories? Message us now!",,https://a0.muscache.com/pictures/hosting/Hosting-U3RheVN1cHBseUxpc3Rpbmc6MTI2NzMyMTk5MzAyODQ2NDg1MQ==/original/4dfe350f-ca8e-40fc-89ac-bd0dccc518b9.jpeg,71783,https://www.airbnb.com/users/show/71783,Lance,2010-01-19,"Boston, MA","Lance R. Swank, Principal

His units offer comfortable and luxurious appointments to compliment the style of the building, whether a newly constructed condo or a historic Brownstone. Visitors to Boston seeking a furnished apartment without the corporate, hotel-room-like feel of most furnished rentals will find themselves more at home in Lance’s spaces.

Lance is the President of LSBM Management, LLC and holds an MBA degree from of the F.W. Olin Graduate School of Business at Babson College. He lives and invests in the City of Boston.",within a few hours,87%,96%,f,https://a0.muscache.com/im/users/71783/profile_pic/1342801683/original.jpg?aki_policy=profile_small,https://a0.muscache.com/im/users/71783/profile_pic/1342801683/original.jpg?aki_policy=profile_x_medium,Dorchester,60,97,"['email', 'phone', 'work_email']",t,t,,Dorchester,,42.31720160414786,-71.06296150660422,Private room in rental unit,Private room,2,1.0,1 shared bath,1.0,1.0,"[""Wine glasses"", ""Essentials"", ""Private entrance"", ""Washer"", ""Drying rack for clothing"", ""Baking sheet"", ""Air conditioning"", ""Smoke alarm"", ""Shared patio or balcony"", ""Dedicated workspace"", ""Dishes and silverware"", ""Clothing storage"", ""Hot water kettle"", ""Self check-in"", ""Free dryer \u2013 In unit"", ""Dining table"", ""Oven"", ""Room-darkening shades"", ""Long term stays allowed"", ""Carbon monoxide alarm"", ""Cleaning products"", ""Bed linens"", ""Microwave"", ""Housekeeping - available at extra cost"", ""Shampoo"", ""Hair dryer"", ""Body soap"", ""Freezer"", ""Refrigerator"", ""Pets allowed"", ""Extra pillows and blankets"", ""Fire extinguisher"", ""Private living room"", ""TV"", ""Lock on bedroom door"", ""Dishwasher"", ""Laundromat nearby"", ""Cooking basics"", ""Kitchen"", ""Hot water"", ""Smart lock"", ""Heating"", ""Iron"", ""Wifi"", ""Toaster"", ""Hangers"", ""Stove"", ""Portable fans"", ""Coffee maker"", ""Paid parking lot on premises \u2013 2 spaces"", ""Free street parking""]",$68.00,29,365,29,29,365,365,29.0,365.0,,t,1,10,40,315,2025-06-19,0,0,0,146,0,0,0.0,,,,,,,,,,,f,58,18,40,0,
3739,1267333003609682690,https://www.airbnb.com/rooms/1267333003609682690,20250619031426,2025-06-19,city scrape,47S1.3 | The Sumner Redline | w/AC & W/D | Room #3,"You will discover a delightful fusion of charm and stylish modern luxuries in this Large Bedroom with climate control and shared modern bathroom. Located near the bustling neighborhood of Boston's Savin Hill and the South End, this room is perfect for travelers seeking both relaxation and adventure. With easy access to Boston's vibrant heart through the nearby Red Line subway, you're set for both tranquil retreats and city explorations. Ready to create unforgettable memories? Message us now!",,https://a0.muscache.com/pictures/hosting/Hosting-U3RheVN1cHBseUxpc3Rpbmc6MTI2NzMzMzAwMzYwOTY4MjY5MA==/original/ec21f405-88c4-4ec1-8fa7-2a7a60e5be82.jpeg,71783,https://www.airbnb.com/users/show/71783,Lance,2010-01-19,"Boston, MA","Lance R. Swank, Principal

His units offer comfortable and luxurious appointments to compliment the style of the building, whether a newly constructed condo or a historic Brownstone. Visitors to Boston seeking a furnished apartment without the corporate, hotel-room-like feel of most furnished rentals will find themselves more at home in Lance’s spaces.

Lance is the President of LSBM Management, LLC and holds an MBA degree from of the F.W. Olin Graduate School of Business at Babson College. He lives and invests in the City of Boston.",within a few hours,87%,96%,f,https://a0.muscache.com/im/users/71783/profile_pic/1342801683/original.jpg?aki_policy=profile_small,https://a0.muscache.com/im/users/71783/profile_pic/1342801683/original.jpg?aki_policy=profile_x_medium,Dorchester,60,97,"['email', 'phone', 'work_email']",t,t,,Dorchester,,42.31901946004318,-71.06107373250477,Private room in rental unit,Private room,2,1.0,1 shared bath,1.0,1.0,"[""Wine glasses"", ""Essentials"", ""Private entrance"", ""Washer"", ""Drying rack for clothing"", ""Baking sheet"", ""Air conditioning"", ""Smoke alarm"", ""Shared patio or balcony"", ""Dedicated workspace"", ""Dishes and silverware"", ""Clothing storage"", ""Hot water kettle"", ""Self check-in"", ""Free dryer \u2013 In unit"", ""Dining table"", ""Oven"", ""Room-darkening shades"", ""Long term stays allowed"", ""Carbon monoxide alarm"", ""Cleaning products"", ""Bed linens"", ""Microwave"", ""Housekeeping - available at extra cost"", ""Shampoo"", ""Hair dryer"", ""Body soap"", ""Freezer"", ""Refrigerator"", ""Pets allowed"", ""Extra pillows and blankets"", ""Fire extinguisher"", ""Private living room"", ""TV"", ""Lock on bedroom door"", ""Dishwasher"", ""Laundromat nearby"", ""Cooking basics"", ""Kitchen"", ""Hot water"", ""Smart lock"", ""Heating"", ""Iron"", ""Wifi"", ""Toaster"", ""Hangers"", ""Stove"", ""Portable fans"", ""Coffee maker"", ""Paid parking lot on premises \u2013 2 spaces"", ""Free street parking""]",$69.00,29,365,29,29,365,365,29.0,365.0,,t,0,6,12,203,2025-06-19,0,0,0,34,0,0,0.0,,,,,,,,,,Exempt: This listing is a unit used for furnished institutional or business stays,f,58,18,40,0,
3740,1267342041106903165,https://www.airbnb.com/rooms/1267342041106903165,20250619031426,2025-06-19,city scrape,26A3.1 | The Annabel 3 | w/AC & W/D | Ensuite Rm#1,"You will discover a delightful fusion of charm and stylish modern luxuries in this Large Bedroom with climate control and en-suite bathroom! Located near the bustling neighborhood of Boston's Savin Hill and the South End this room is perfect for  travelers seeking both relaxation and adventure. With easy access to Boston's vibrant heart through the nearby Red Line subway, you're set for both tranquil retreats and city explorations. Ready to create unforgettable memories? Message us now!",,https://a0.muscache.com/pictures/hosting/Hosting-U3RheVN1cHBseUxpc3Rpbmc6MTI2NzM0MjA0MTEwNjkwMzE2NQ==/original/8d2b229f-32ec-43a2-8f7d-e2b2d071123e.jpeg,71783,https://www.airbnb.com/users/show/71783,Lance,2010-01-19,"Boston, MA","Lance R. Swank, Principal

His units offer comfortable and luxurious appointments to compliment the style of the building, whether a newly constructed condo or a historic Brownstone. Visitors to Boston seeking a furnished apartment without the corporate, hotel-room-like feel of most furnished rentals will find themselves more at home in Lance’s spaces.

Lance is the President of LSBM Management, LLC and holds an MBA degree from of the F.W. Olin Graduate School of Business at Babson College. He lives and invests in the City of Boston.",within a few hours,87%,96%,f,https://a0.muscache.com/im/users/71783/profile_pic/1342801683/original.jpg?aki_policy=profile_small,https://a0.muscache.com/im/users/71783/profile_pic/1342801683/original.jpg?aki_policy=profile_x_medium,Dorchester,60,97,"['email', 'phone', 'work_email']",t,t,,Dorchester,,42.31912,-71.06306,Private room in rental unit,Private room,2,1.0,1 private bath,1.0,1.0,"[""Wine glasses"", ""Essentials"", ""Private entrance"", ""Washer"", ""Drying rack for clothing"", ""Baking sheet"", ""Air conditioning"", ""Smoke alarm"", ""Dedicated workspace"", ""Dishes and silverware"", ""Clothing storage"", ""Hot water kettle"", ""Self check-in"", ""Free dryer \u2013 In unit"", ""Dining table"", ""Oven"", ""Room-darkening shades"", ""Long term stays allowed"", ""Carbon monoxide alarm"", ""Cleaning products"", ""Bed linens"", ""Microwave"", ""Housekeeping - available at extra cost"", ""Shampoo"", ""Hair dryer"", ""Body soap"", ""Freezer"", ""Refrigerator"", ""Pets allowed"", ""Extra pillows and blankets"", ""Private patio or balcony"", ""Fire extinguisher"", ""Private living room"", ""TV"", ""Lock on bedroom door"", ""Dishwasher"", ""Laundromat nearby"", ""Cooking basics"", ""Kitchen"", ""Hot water"", ""Smart lock"", ""Heating"", ""Iron"", ""Wifi"", ""Toaster"", ""Hangers"", ""Stove"", ""Portable fans"", ""Coffee maker"", ""Blender"", ""Paid parking lot on premises \u2013 2 spaces"", ""Free street parking""]",$77.00,30,360,30,30,360,360,30.0,360.0,,t,0,0,16,291,2025-06-19,0,0,0,122,0,0,0.0,,,,,,,,,,,f,58,18,40,0,
3741,1267350935450387948,https://www.airbnb.com/rooms/1267350935450387948,20250619031426,2025-06-19,city scrape,26A3.2 | The Annabel 3 | w/AC & W/D | Ensuite Rm#2,"You will discover a delightful fusion of charm and stylish modern luxuries in this Large Bedroom with climate control and en-suite bathroom! Located near the bustling neighborhood of Boston's Savin Hill and the South End this room is perfect for  travelers seeking both relaxation and adventure. With easy access to Boston's vibrant heart through the nearby Red Line subway, you're set for both tranquil retreats and city explorations. Ready to create unforgettable memories? Message us now!",,https://a0.muscache.com/pictures/hosting/Hosting-U3RheVN1cHBseUxpc3Rpbmc6MTI2NzM1MDkzNTQ1MDM4Nzk0OA==/original/35220ed0-fcf4-46df-bf5d-2f8ae0859f6d.jpeg,71783,https://www.airbnb.com/users/show/71783,Lance,2010-01-19,"Boston, MA","Lance R. Swank, Principal

His units offer comfortable and luxurious appointments to compliment the style of the building, whether a newly constructed condo or a historic Brownstone. Visitors to Boston seeking a furnished apartment without the corporate, hotel-room-like feel of most furnished rentals will find themselves more at home in Lance’s spaces.

Lance is the President of LSBM Management, LLC and holds an MBA degree from of the F.W. Olin Graduate School of Business at Babson College. He lives and invests in the City of Boston.",within a few hours,87%,96%,f,https://a0.muscache.com/im/users/71783/profile_pic/1342801683/original.jpg?aki_policy=profile_small,https://a0.muscache.com/im/users/71783/profile_pic/1342801683/original.jpg?aki_policy=profile_x_medium,Dorchester,60,97,"['email', 'phone', 'work_email']",t,t,,Dorchester,,42.31756,-71.06269,Private room in rental unit,Private room,2,1.0,1 private bath,1.0,1.0,"[""Wine glasses"", ""Private entrance"", ""Washer"", ""Drying rack for clothing"", ""Baking sheet"", ""Air conditioning"", ""Smoke alarm"", ""Dedicated workspace"", ""Dishes and silverware"", ""Clothing storage"", ""Hot water kettle"", ""Self check-in"", ""Free dryer \u2013 In unit"", ""Dining table"", ""Oven"", ""Room-darkening shades"", ""Long term stays allowed"", ""Carbon monoxide alarm"", ""Cleaning products"", ""Bed linens"", ""Microwave"", ""Housekeeping - available at extra cost"", ""Shampoo"", ""Hair dryer"", ""Body soap"", ""Freezer"", ""Refrigerator"", ""Pets allowed"", ""Extra pillows and blankets"", ""Private patio or balcony"", ""Fire extinguisher"", ""Private living room"", ""TV"", ""Lock on bedroom door"", ""Dishwasher"", ""Laundromat nearby"", ""Cooking basics"", ""Kitchen"", ""Hot water"", ""Smart lock"", ""Heating"", ""Iron"", ""Wifi"", ""Toaster"", ""Hangers"", ""Stove"", ""Portable fans"", ""Coffee maker"", ""Paid parking lot on premises \u2013 2 spaces"", ""Free street parking""]",$67.00,30,180,30,30,180,180,30.0,180.0,,t,0,0,4,279,2025-06-19,0,0,0,110,0,0,0.0,,,,,,,,,,,f,58,18,40,0,
3809,1292108033290321888,https://www.airbnb.com/rooms/1292108033290321888,20250619031426,2025-06-19,city scrape,145R1.1 | The Redlands 1 | 2BR 1B w/AC | Room #1,Forget your worries in this spacious and serene space.,,https://a0.muscache.com/pictures/hosting/Hosting-U3RheVN1cHBseUxpc3Rpbmc6NjAxNzUw/original/c20e4c31-215c-4317-94a8-6f2b1961a4dd.jpeg,71783,https://www.airbnb.com/users/show/71783,Lance,2010-01-19,"Boston, MA","Lance R. Swank, Principal

His units offer comfortable and luxurious appointments to compliment the style of the building, whether a newly constructed condo or a historic Brownstone. Visitors to Boston seeking a furnished apartment without the corporate, hotel-room-like feel of most furnished rentals will find themselves more at home in Lance’s spaces.

Lance is the President of LSBM Management, LLC and holds an MBA degree from of the F.W. Olin Graduate School of Business at Babson College. He lives and invests in the City of Boston.",within a few hours,87%,96%,f,https://a0.muscache.com/im/users/71783/profile_pic/1342801683/original.jpg?aki_policy=profile_small,https://a0.muscache.com/im/users/71783/profile_pic/1342801683/original.jpg?aki_policy=profile_x_medium,Dorchester,60,97,"['email', 'phone', 'work_email']",t,t,,West Roxbury,,42.29261,-71.15475,Private room in rental unit,Private room,1,1.0,1 shared bath,1.0,1.0,"[""Wine glasses"", ""Essentials"", ""Private entrance"", ""Washer"", ""Patio or balcony"", ""Drying rack for clothing"", ""Baking sheet"", ""Air conditioning"", ""Smoke alarm"", ""Dedicated workspace"", ""Dishes and silverware"", ""Cleaning available during stay"", ""Clothing storage"", ""Hot water kettle"", ""Self check-in"", ""Dining table"", ""Oven"", ""Long term stays allowed"", ""Coffee maker"", ""Carbon monoxide alarm"", ""Bed linens"", ""Ceiling fan"", ""Microwave"", ""Shampoo"", ""Hair dryer"", ""Body soap"", ""Freezer"", ""Refrigerator"", ""Pets allowed"", ""Extra pillows and blankets"", ""Lockbox"", ""Fire extinguisher"", ""Private living room"", ""TV"", ""Lock on bedroom door"", ""Dishwasher"", ""Dryer"", ""Cooking basics"", ""Indoor fireplace"", ""Kitchen"", ""Hot water"", ""Rice maker"", ""Heating"", ""Iron"", ""Wifi"", ""Toaster"", ""Hangers"", ""Paid parking on premises"", ""Single level home"", ""Stove"", ""Portable fans"", ""Bathtub"", ""Free parking on premises"", ""Free street parking""]",$87.00,30,180,30,30,1125,1125,30.0,1125.0,,t,2,2,27,302,2025-06-19,0,0,0,133,0,0,0.0,,,,,,,,,,,t,58,18,40,0,
3810,1292116524756474540,https://www.airbnb.com/rooms/1292116524756474540,20250619031426,2025-06-19,city scrape,145R1.2 | The Redlands 1 | 2BR 1B w/AC | Room #2,Keep it simple at this peaceful and centrally-located place.,,https://a0.muscache.com/pictures/hosting/Hosting-U3RheVN1cHBseUxpc3Rpbmc6NjAxNzUw/original/283fbaea-93d6-4037-8faf-dcb7caa8f50e.jpeg,71783,https://www.airbnb.com/users/show/71783,Lance,2010-01-19,"Boston, MA","Lance R. Swank, Principal

His units offer comfortable and luxurious appointments to compliment the style of the building, whether a newly constructed condo or a historic Brownstone. Visitors to Boston seeking a furnished apartment without the corporate, hotel-room-like feel of most furnished rentals will find themselves more at home in Lance’s spaces.

Lance is the President of LSBM Management, LLC and holds an MBA degree from of the F.W. Olin Graduate School of Business at Babson College. He lives and invests in the City of Boston.",within a few hours,87%,96%,f,https://a0.muscache.com/im/users/71783/profile_pic/1342801683/original.jpg?aki_policy=profile_small,https://a0.muscache.com/im/users/71783/profile_pic/1342801683/original.jpg?aki_policy=profile_x_medium,Dorchester,60,97,"['email', 'phone', 'work_email']",t,t,,West Roxbury,,42.2912928671638,-71.15498161049463,Private room in rental unit,Private room,1,1.0,1 shared bath,1.0,1.0,"[""Wine glasses"", ""Essentials"", ""Private entrance"", ""Washer"", ""Patio or balcony"", ""Drying rack for clothing"", ""Baking sheet"", ""Air conditioning"", ""Smoke alarm"", ""Dedicated workspace"", ""Dishes and silverware"", ""Cleaning available during stay"", ""Clothing storage"", ""Hot water kettle"", ""Self check-in"", ""Dining table"", ""Oven"", ""Long term stays allowed"", ""Coffee maker"", ""Carbon monoxide alarm"", ""Bed linens"", ""Ceiling fan"", ""Microwave"", ""Shampoo"", ""Hair dryer"", ""Body soap"", ""Freezer"", ""Refrigerator"", ""Pets allowed"", ""Extra pillows and blankets"", ""Lockbox"", ""Fire extinguisher"", ""Private living room"", ""TV"", ""Lock on bedroom door"", ""Dishwasher"", ""Dryer"", ""Cooking basics"", ""Indoor fireplace"", ""Kitchen"", ""Hot water"", ""Rice maker"", ""Heating"", ""Iron"", ""Wifi"", ""Toaster"", ""Hangers"", ""Paid parking on premises"", ""Single level home"", ""Stove"", ""Portable fans"", ""Bathtub"", ""Free parking on premises"", ""Free street parking""]",$78.00,30,365,30,30,1125,1125,30.0,1125.0,,t,2,2,27,302,2025-06-19,0,0,0,133,0,0,0.0,,,,,,,,,,,t,58,18,40,0,
3835,1296443382136390764,https://www.airbnb.com/rooms/1296443382136390764,20250619031426,2025-06-19,city scrape,47S1 | The Sumner Redline | 3BR 3B w/AC | Bi-Level,"You will discover a delightful fusion of charm and stylish modern luxuries in this Three Bedroom Apartment with three bathrooms and bedroom climate control! Located near the bustling neighborhood of Boston's Savin Hill and the South End this room is perfect for seeking both relaxation and adventure. With easy access to Boston's vibrant heart through the nearby Red Line subway, you're set for both tranquil retreats and city explorations. Ready to create unforgettable memories? Message us now!",,https://a0.muscache.com/pictures/hosting/Hosting-U3RheVN1cHBseUxpc3Rpbmc6MTI5NjQ0MzM4MjEzNjM5MDc2NA==/original/62d667fa-441b-4a95-8e73-fc905d192675.jpeg,71783,https://www.airbnb.com/users/show/71783,Lance,2010-01-19,"Boston, MA","Lance R. Swank, Principal

His units offer comfortable and luxurious appointments to compliment the style of the building, whether a newly constructed condo or a historic Brownstone. Visitors to Boston seeking a furnished apartment without the corporate, hotel-room-like feel of most furnished rentals will find themselves more at home in Lance’s spaces.

Lance is the President of LSBM Management, LLC and holds an MBA degree from of the F.W. Olin Graduate School of Business at Babson College. He lives and invests in the City of Boston.",within a few hours,87%,96%,f,https://a0.muscache.com/im/users/71783/profile_pic/1342801683/original.jpg?aki_policy=profile_small,https://a0.muscache.com/im/users/71783/profile_pic/1342801683/original.jpg?aki_policy=profile_x_medium,Dorchester,60,97,"['email', 'phone', 'work_email']",t,t,,Dorchester,,42.31723,-71.06137,Entire rental unit,Entire home/apt,6,3.0,3 baths,3.0,4.0,"[""Wine glasses"", ""Essentials"", ""Private entrance"", ""Washer"", ""Drying rack for clothing"", ""Baking sheet"", ""Air conditioning"", ""Smoke alarm"", ""Shared patio or balcony"", ""Dedicated workspace"", ""Dishes and silverware"", ""Hot water kettle"", ""Self check-in"", ""Free dryer \u2013 In unit"", ""Dining table"", ""Long term stays allowed"", ""Carbon monoxide alarm"", ""Cleaning products"", ""Bed linens"", ""Microwave"", ""Housekeeping - available at extra cost"", ""Shampoo"", ""Luggage dropoff allowed"", ""Hair dryer"", ""Body soap"", ""Freezer"", ""Clothing storage: walk-in closet, closet, wardrobe, and dresser"", ""Refrigerator"", ""Pets allowed"", ""Extra pillows and blankets"", ""Fire extinguisher"", ""TV"", ""Dishwasher"", ""Laundromat nearby"", ""Cooking basics"", ""Kitchen"", ""Hot water"", ""Smart lock"", ""Rice maker"", ""Gas stove"", ""Heating"", ""Wifi"", ""First aid kit"", ""Hangers"", ""Paid parking on premises"", ""Coffee maker: drip coffee maker"", ""Portable fans"", ""Blender"", ""Free street parking""]",$253.00,31,365,31,31,365,365,31.0,365.0,,t,0,0,0,191,2025-06-19,0,0,0,22,0,0,0.0,,,,,,,,,,,f,58,18,40,0,
4043,1344889426145990312,https://www.airbnb.com/rooms/1344889426145990312,20250619031426,2025-06-19,city scrape,26A3 | The Annabel 3 | w/AC & W/D | Private Apt,"You will discover a delightful fusion of Victorian charm and stylish modern luxuries in this Two Bedroom Apartment with en-suite bathrooms and climate control ! Located near the bustling neighborhood of Boston's Savin Hill and the South End this room is perfect for seeking both relaxation and adventure. With easy access to Boston's vibrant heart through the nearby Red Line subway, you're set for both tranquil retreats and city explorations. Ready to create unforgettable memories? Message us now!",,https://a0.muscache.com/pictures/hosting/Hosting-U3RheVN1cHBseUxpc3Rpbmc6MTM0NDg4OTQyNjE0NTk5MDMxMg==/original/3a637a6a-d059-48af-acef-035be8746e92.jpeg,71783,https://www.airbnb.com/users/show/71783,Lance,2010-01-19,"Boston, MA","Lance R. Swank, Principal

His units offer comfortable and luxurious appointments to compliment the style of the building, whether a newly constructed condo or a historic Brownstone. Visitors to Boston seeking a furnished apartment without the corporate, hotel-room-like feel of most furnished rentals will find themselves more at home in Lance’s spaces.

Lance is the President of LSBM Management, LLC and holds an MBA degree from of the F.W. Olin Graduate School of Business at Babson College. He lives and invests in the City of Boston.",within a few hours,87%,96%,f,https://a0.muscache.com/im/users/71783/profile_pic/1342801683/original.jpg?aki_policy=profile_small,https://a0.muscache.com/im/users/71783/profile_pic/1342801683/original.jpg?aki_policy=profile_x_medium,Dorchester,60,97,"['email', 'phone', 'work_email']",t,t,,Dorchester,,42.31892272500666,-71.06095765097766,Entire rental unit,Entire home/apt,4,2.0,2 baths,2.0,2.0,"[""Wine glasses"", ""Essentials"", ""Private entrance"", ""Washer"", ""Drying rack for clothing"", ""Baking sheet"", ""Air conditioning"", ""Smoke alarm"", ""Dedicated workspace"", ""Dishes and silverware"", ""Hot water kettle"", ""Self check-in"", ""Free dryer \u2013 In unit"", ""Dining table"", ""Oven"", ""Long term stays allowed"", ""Carbon monoxide alarm"", ""Cleaning products"", ""Bed linens"", ""Microwave"", ""Housekeeping - available at extra cost"", ""Shampoo"", ""Luggage dropoff allowed"", ""Hair dryer"", ""Body soap"", ""Freezer"", ""Clothing storage: walk-in closet, closet, wardrobe, and dresser"", ""Refrigerator"", ""Pets allowed"", ""Extra pillows and blankets"", ""Private patio or balcony"", ""Fire extinguisher"", ""TV"", ""Dishwasher"", ""Laundromat nearby"", ""Cooking basics"", ""Kitchen"", ""Hot water"", ""Smart lock"", ""Rice maker"", ""Gas stove"", ""Heating"", ""Wifi"", ""Toaster"", ""First aid kit"", ""Hangers"", ""Paid parking on premises"", ""Single level home"", ""Blender"", ""Free street parking""]",$185.00,30,180,30,30,180,180,30.0,180.0,,t,0,0,4,279,2025-06-19,0,0,0,110,0,0,0.0,,,,,,,,,,,f,58,18,40,0,
4045,1345148942506139275,https://www.airbnb.com/rooms/1345148942506139275,20250619031426,2025-06-19,city scrape,26A2 | The Annabel 2 | w/AC & W/D | Private Apt,"You will discover a delightful fusion of charm and stylish modern luxuries in this Three Bedroom Apartment with three bathrooms and bedroom climate control! Located near the bustling neighborhood of Boston's Savin Hill and the South End this room is perfect for seeking both relaxation and adventure. With easy access to Boston's vibrant heart through the nearby Red Line subway, you're set for both tranquil retreats and city explorations. Ready to create unforgettable memories? Message us now!",,https://a0.muscache.com/pictures/hosting/Hosting-U3RheVN1cHBseUxpc3Rpbmc6MTM0NTE0ODk0MjUwNjEzOTI3NQ%3D%3D/original/5411191d-fd35-4b4a-a916-b2fdad7e58d4.jpeg,71783,https://www.airbnb.com/users/show/71783,Lance,2010-01-19,"Boston, MA","Lance R. Swank, Principal

His units offer comfortable and luxurious appointments to compliment the style of the building, whether a newly constructed condo or a historic Brownstone. Visitors to Boston seeking a furnished apartment without the corporate, hotel-room-like feel of most furnished rentals will find themselves more at home in Lance’s spaces.

Lance is the President of LSBM Management, LLC and holds an MBA degree from of the F.W. Olin Graduate School of Business at Babson College. He lives and invests in the City of Boston.",within a few hours,87%,96%,f,https://a0.muscache.com/im/users/71783/profile_pic/1342801683/original.jpg?aki_policy=profile_small,https://a0.muscache.com/im/users/71783/profile_pic/1342801683/original.jpg?aki_policy=profile_x_medium,Dorchester,60,97,"['email', 'phone', 'work_email']",t,t,,Dorchester,,42.317666827524704,-71.06106584282365,Entire rental unit,Entire home/apt,6,2.0,2 baths,3.0,3.0,"[""Wine glasses"", ""Essentials"", ""Private entrance"", ""Washer"", ""Drying rack for clothing"", ""Baking sheet"", ""Air conditioning"", ""Smoke alarm"", ""Dedicated workspace"", ""Dishes and silverware"", ""Hot water kettle"", ""Self check-in"", ""Free dryer \u2013 In unit"", ""Dining table"", ""Oven"", ""Long term stays allowed"", ""Carbon monoxide alarm"", ""Cleaning products"", ""Bed linens"", ""Microwave"", ""Housekeeping - available at extra cost"", ""Shampoo"", ""Luggage dropoff allowed"", ""Hair dryer"", ""Body soap"", ""Freezer"", ""Clothing storage: walk-in closet, closet, wardrobe, and dresser"", ""Refrigerator"", ""Pets allowed"", ""Extra pillows and blankets"", ""Private patio or balcony"", ""Fire extinguisher"", ""TV"", ""Dishwasher"", ""Laundromat nearby"", ""Cooking basics"", ""Kitchen"", ""Bread maker"", ""Hot water"", ""Smart lock"", ""Rice maker"", ""Gas stove"", ""Heating"", ""Wifi"", ""First aid kit"", ""Hangers"", ""Paid parking on premises"", ""Single level home"", ""Portable fans"", ""Coffee maker"", ""Blender"", ""Free street parking""]",$205.00,30,365,30,30,365,365,30.0,365.0,,t,0,0,0,170,2025-06-19,0,0,0,1,0,0,0.0,,,,,,,,,,,f,58,18,40,0,
4046,1345161432073537477,https://www.airbnb.com/rooms/1345161432073537477,20250619031426,2025-06-19,city scrape,"26A2.1 | The Annabel 2, Bedroom 1 | w/AC & W/D","You will discover a delightful fusion of charm and stylish modern luxuries in this Large Bedroom with climate control and en-suite bathroom! Located near the bustling neighborhood of Boston's Savin Hill and the South End this room is perfect for travelers seeking both relaxation and adventure. With easy access to Boston's vibrant heart through the nearby Red Line subway, you're set for both tranquil retreats and city explorations. Ready to create unforgettable memories? Message us now!",,https://a0.muscache.com/pictures/hosting/Hosting-U3RheVN1cHBseUxpc3Rpbmc6MTM0NTE2MTQzMjA3MzUzNzQ3Nw==/original/a2eb2779-e56c-40dc-83f1-6202de50f151.jpeg,71783,https://www.airbnb.com/users/show/71783,Lance,2010-01-19,"Boston, MA","Lance R. Swank, Principal

His units offer comfortable and luxurious appointments to compliment the style of the building, whether a newly constructed condo or a historic Brownstone. Visitors to Boston seeking a furnished apartment without the corporate, hotel-room-like feel of most furnished rentals will find themselves more at home in Lance’s spaces.

Lance is the President of LSBM Management, LLC and holds an MBA degree from of the F.W. Olin Graduate School of Business at Babson College. He lives and invests in the City of Boston.",within a few hours,87%,96%,f,https://a0.muscache.com/im/users/71783/profile_pic/1342801683/original.jpg?aki_policy=profile_small,https://a0.muscache.com/im/users/71783/profile_pic/1342801683/original.jpg?aki_policy=profile_x_medium,Dorchester,60,97,"['email', 'phone', 'work_email']",t,t,,Dorchester,,42.3172565710833,-71.06232973883172,Private room in rental unit,Private room,2,1.0,1 private bath,1.0,1.0,"[""Wine glasses"", ""Essentials"", ""Private entrance"", ""Washer"", ""Drying rack for clothing"", ""Baking sheet"", ""Air conditioning"", ""Smoke alarm"", ""Dedicated workspace"", ""Dishes and silverware"", ""Clothing storage"", ""Hot water kettle"", ""Self check-in"", ""Free dryer \u2013 In unit"", ""Dining table"", ""Oven"", ""Room-darkening shades"", ""Long term stays allowed"", ""Carbon monoxide alarm"", ""Cleaning products"", ""Bed linens"", ""Microwave"", ""Housekeeping - available at extra cost"", ""Shampoo"", ""Hair dryer"", ""Body soap"", ""Freezer"", ""Refrigerator"", ""Pets allowed"", ""Extra pillows and blankets"", ""Private patio or balcony"", ""Fire extinguisher"", ""Private living room"", ""TV"", ""Lock on bedroom door"", ""Dishwasher"", ""Laundromat nearby"", ""Cooking basics"", ""Kitchen"", ""Hot water"", ""Smart lock"", ""Heating"", ""Iron"", ""Wifi"", ""Toaster"", ""Hangers"", ""Paid parking on premises"", ""Stove"", ""Portable fans"", ""Coffee maker"", ""Free street parking""]",$76.00,30,365,30,30,365,365,30.0,365.0,,t,0,0,13,288,2025-06-19,2,2,1,119,0,120,9120.0,2025-04-20,2025-05-28,4.5,5.0,5.0,5.0,3.5,3.5,4.5,,f,58,18,40,0,0.98
4048,1345166351832780352,https://www.airbnb.com/rooms/1345166351832780352,20250619031426,2025-06-19,city scrape,"26A2.2 | The Annabel 2, Bedroom 2 | w/AC & W/D","You will discover a delightful fusion of charm and stylish modern luxuries in this Large Bedroom with climate control and shared modern bathroom. Located near the bustling neighborhood of Boston's Savin Hill and the South End this room is perfect for travelers seeking both relaxation and adventure. With easy access to Boston's vibrant heart through the nearby Red Line subway, you're set for both tranquil retreats and city explorations. Ready to create unforgettable memories? Message us now!",,https://a0.muscache.com/pictures/hosting/Hosting-U3RheVN1cHBseUxpc3Rpbmc6MTM0NTE2NjM1MTgzMjc4MDM1Mg==/original/6ffa8332-070e-4df7-8f92-98f116a9a349.jpeg,71783,https://www.airbnb.com/users/show/71783,Lance,2010-01-19,"Boston, MA","Lance R. Swank, Principal

His units offer comfortable and luxurious appointments to compliment the style of the building, whether a newly constructed condo or a historic Brownstone. Visitors to Boston seeking a furnished apartment without the corporate, hotel-room-like feel of most furnished rentals will find themselves more at home in Lance’s spaces.

Lance is the President of LSBM Management, LLC and holds an MBA degree from of the F.W. Olin Graduate School of Business at Babson College. He lives and invests in the City of Boston.",within a few hours,87%,96%,f,https://a0.muscache.com/im/users/71783/profile_pic/1342801683/original.jpg?aki_policy=profile_small,https://a0.muscache.com/im/users/71783/profile_pic/1342801683/original.jpg?aki_policy=profile_x_medium,Dorchester,60,97,"['email', 'phone', 'work_email']",t,t,,Dorchester,,42.318807695291135,-71.06116822766943,Private room in rental unit,Private room,2,1.0,1 shared bath,1.0,1.0,"[""Cooking basics"", ""Kitchen"", ""Washer"", ""Smart lock"", ""Self check-in"", ""Heating"", ""Air conditioning"", ""Smoke alarm"", ""Wifi"", ""Pets allowed"", ""First aid kit"", ""Dedicated workspace"", ""Paid parking on premises"", ""Fire extinguisher"", ""TV"", ""Carbon monoxide alarm"", ""Lock on bedroom door"", ""Hair dryer""]",$72.00,30,365,30,30,365,365,30.0,365.0,,t,0,0,0,177,2025-06-19,0,0,0,8,0,0,0.0,,,,,,,,,,,f,58,18,40,0,
4049,1345171123541695404,https://www.airbnb.com/rooms/1345171123541695404,20250619031426,2025-06-19,city scrape,"26A2.3 | The Annabel 2, Bedroom 3 | w/AC & W/D","You will discover a delightful fusion of charm and stylish modern luxuries in this Large Bedroom with climate control and shared modern bathroom. Located near the bustling neighborhood of Boston's Savin Hill and the South End this room is perfect for  travelers seeking both relaxation and adventure. With easy access to Boston's vibrant heart through the nearby Red Line subway, you're set for both tranquil retreats and city explorations. Ready to create unforgettable memories? Message us now!",,https://a0.muscache.com/pictures/hosting/Hosting-U3RheVN1cHBseUxpc3Rpbmc6MTM0NTE3MTEyMzU0MTY5NTQwNA==/original/74dd00cf-3678-4fed-bc0e-eff1ea87a9b3.jpeg,71783,https://www.airbnb.com/users/show/71783,Lance,2010-01-19,"Boston, MA","Lance R. Swank, Principal

His units offer comfortable and luxurious appointments to compliment the style of the building, whether a newly constructed condo or a historic Brownstone. Visitors to Boston seeking a furnished apartment without the corporate, hotel-room-like feel of most furnished rentals will find themselves more at home in Lance’s spaces.

Lance is the President of LSBM Management, LLC and holds an MBA degree from of the F.W. Olin Graduate School of Business at Babson College. He lives and invests in the City of Boston.",within a few hours,87%,96%,f,https://a0.muscache.com/im/users/71783/profile_pic/1342801683/original.jpg?aki_policy=profile_small,https://a0.muscache.com/im/users/71783/profile_pic/1342801683/original.jpg?aki_policy=profile_x_medium,Dorchester,60,97,"['email', 'phone', 'work_email']",t,t,,Dorchester,,42.31706323181407,-71.0615866136093,Private room in rental unit,Private room,2,1.0,1 shared bath,1.0,1.0,"[""Wine glasses"", ""Essentials"", ""Private entrance"", ""Washer"", ""Drying rack for clothing"", ""Baking sheet"", ""Air conditioning"", ""Smoke alarm"", ""Dedicated workspace"", ""Dishes and silverware"", ""Clothing storage"", ""Hot water kettle"", ""Self check-in"", ""Free dryer \u2013 In unit"", ""Dining table"", ""Oven"", ""Room-darkening shades"", ""Long term stays allowed"", ""Carbon monoxide alarm"", ""Cleaning products"", ""Bed linens"", ""Microwave"", ""Housekeeping - available at extra cost"", ""Shampoo"", ""Hair dryer"", ""Body soap"", ""Freezer"", ""Refrigerator"", ""Pets allowed"", ""Extra pillows and blankets"", ""Private patio or balcony"", ""Fire extinguisher"", ""Private living room"", ""TV"", ""Lock on bedroom door"", ""Dishwasher"", ""Laundromat nearby"", ""Cooking basics"", ""Kitchen"", ""Hot water"", ""Smart lock"", ""Heating"", ""Iron"", ""Wifi"", ""Toaster"", ""Hangers"", ""Paid parking on premises"", ""Single level home"", ""Stove"", ""Portable fans"", ""Coffee maker"", ""Free street parking""]",$68.00,30,365,30,30,365,365,30.0,365.0,,t,0,1,15,184,2025-06-19,2,2,0,16,0,120,8160.0,2025-02-03,2025-04-25,5.0,5.0,5.0,5.0,5.0,5.0,5.0,Exempt: This listing is a unit used for furnished institutional or business stays,f,58,18,40,0,0.44
4062,1349470131506710443,https://www.airbnb.com/rooms/1349470131506710443,20250619031426,2025-06-19,city scrape,"Classic Boston, Penthouse duplex","Enjoy  this  Perfect Penthouse Duplex apartment in a classic Boston Brick Row house!  5 minute walk to the subway,  5 minute ride to the center of the city.  One of the many options available when you stay with us at the ""Fort Hill Inn,  Boston""  We are located in a quiet residential area with easy access to all of the city!",,https://a0.muscache.com/pictures/miso/Hosting-1349470131506710443/original/8467ce20-19e7-4a12-b746-93c4be201865.jpeg,8229,https://www.airbnb.com/users/show/8229,Terry,2009-02-19,"Boston, MA","Relaxed,  Easy going, Accommodating. ",within an hour,100%,100%,t,https://a0.muscache.com/im/users/8229/profile_pic/1259099341/original.jpg?aki_policy=profile_small,https://a0.muscache.com/im/users/8229/profile_pic/1259099341/original.jpg?aki_policy=profile_x_medium,Roxbury,12,15,"['email', 'phone']",t,t,,Roxbury,,42.3292148,-71.0949007,Entire rental unit,Entire home/apt,6,2.0,2 baths,3.0,3.0,"[""Wine glasses"", ""Washer"", ""Baking sheet"", ""Air conditioning"", ""Smoke alarm"", ""Dishes and silverware"", ""Clothing storage"", ""Self check-in"", ""Dining table"", ""Oven"", ""Carbon monoxide alarm"", ""Bed linens"", ""Microwave"", ""Hair dryer"", ""Freezer"", ""Refrigerator"", ""Extra pillows and blankets"", ""TV"", ""Dishwasher"", ""Keypad"", ""Cooking basics"", ""Kitchen"", ""Hot water"", ""Heating"", ""Iron"", ""Wifi"", ""Toaster"", ""Hangers"", ""Stove"", ""Coffee maker""]",$367.00,3,365,1,3,365,365,2.9,365.0,,t,1,6,15,87,2025-06-19,2,2,0,87,0,12,4404.0,2025-03-16,2025-05-01,5.0,5.0,5.0,5.0,5.0,5.0,5.0,STR-446658,t,11,11,0,0,0.63
4154,1352256858363743361,https://www.airbnb.com/rooms/1352256858363743361,20250619031426,2025-06-19,city scrape,25A1.1 | The Alameda 1 | 2BR 1B w/AC & WD | Room 1,Very comfy room with a King Bed and a sunroom!,,https://a0.muscache.com/pictures/hosting/Hosting-U3RheVN1cHBseUxpc3Rpbmc6MTA2ODk1OTM1NDc4NDI5MTg3NA%3D%3D/original/6d290193-ea79-486d-b7ee-f28b21a66ec0.jpeg,71783,https://www.airbnb.com/users/show/71783,Lance,2010-01-19,"Boston, MA","Lance R. Swank, Principal

His units offer comfortable and luxurious appointments to compliment the style of the building, whether a newly constructed condo or a historic Brownstone. Visitors to Boston seeking a furnished apartment without the corporate, hotel-room-like feel of most furnished rentals will find themselves more at home in Lance’s spaces.

Lance is the President of LSBM Management, LLC and holds an MBA degree from of the F.W. Olin Graduate School of Business at Babson College. He lives and invests in the City of Boston.",within a few hours,87%,96%,f,https://a0.muscache.com/im/users/71783/profile_pic/1342801683/original.jpg?aki_policy=profile_small,https://a0.muscache.com/im/users/71783/profile_pic/1342801683/original.jpg?aki_policy=profile_x_medium,Dorchester,60,97,"['email', 'phone', 'work_email']",t,t,,West Roxbury,,42.290767287406354,-71.1552561372191,Private room in rental unit,Private room,2,1.0,1 shared bath,1.0,1.0,"[""Wine glasses"", ""Essentials"", ""Private entrance"", ""Washer"", ""Drying rack for clothing"", ""Baking sheet"", ""Air conditioning"", ""Smoke alarm"", ""Dedicated workspace"", ""Dishes and silverware"", ""Cleaning available during stay"", ""Clothing storage"", ""Hot water kettle"", ""Self check-in"", ""Dining table"", ""Oven"", ""Room-darkening shades"", ""Long term stays allowed"", ""Coffee maker"", ""Carbon monoxide alarm"", ""Cleaning products"", ""Bed linens"", ""Microwave"", ""Shampoo"", ""TV with standard cable"", ""Hair dryer"", ""Body soap"", ""Freezer"", ""Refrigerator"", ""Pets allowed"", ""Extra pillows and blankets"", ""Fire extinguisher"", ""Private living room"", ""Lock on bedroom door"", ""Dishwasher"", ""Laundromat nearby"", ""Dryer"", ""Cooking basics"", ""Kitchen"", ""Keypad"", ""Hot water"", ""Rice maker"", ""Heating"", ""Iron"", ""Wifi"", ""Toaster"", ""Hangers"", ""Paid parking on premises"", ""Single level home"", ""Stove"", ""Portable fans"", ""Bathtub"", ""Blender"", ""Free street parking""]",$69.00,30,180,30,30,180,180,30.0,180.0,,t,28,58,88,363,2025-06-19,0,0,0,194,0,0,0.0,,,,,,,,,,Exempt: This listing is a unit used for furnished institutional or business stays,f,58,18,40,0,
4155,1352271515655517652,https://www.airbnb.com/rooms/1352271515655517652,20250619031426,2025-06-19,city scrape,25A1.2 | The Alameda 1 | 2BR 1B w/AC & WD | Room 2,Lovely bedroom in a quiet family friendly neighborhood.,,https://a0.muscache.com/pictures/hosting/Hosting-U3RheVN1cHBseUxpc3Rpbmc6MTA2ODk1OTM1NDc4NDI5MTg3NA%3D%3D/original/6d290193-ea79-486d-b7ee-f28b21a66ec0.jpeg,71783,https://www.airbnb.com/users/show/71783,Lance,2010-01-19,"Boston, MA","Lance R. Swank, Principal

His units offer comfortable and luxurious appointments to compliment the style of the building, whether a newly constructed condo or a historic Brownstone. Visitors to Boston seeking a furnished apartment without the corporate, hotel-room-like feel of most furnished rentals will find themselves more at home in Lance’s spaces.

Lance is the President of LSBM Management, LLC and holds an MBA degree from of the F.W. Olin Graduate School of Business at Babson College. He lives and invests in the City of Boston.",within a few hours,87%,96%,f,https://a0.muscache.com/im/users/71783/profile_pic/1342801683/original.jpg?aki_policy=profile_small,https://a0.muscache.com/im/users/71783/profile_pic/1342801683/original.jpg?aki_policy=profile_x_medium,Dorchester,60,97,"['email', 'phone', 'work_email']",t,t,,West Roxbury,,42.29263,-71.1535,Private room in rental unit,Private room,2,1.0,1 shared bath,1.0,1.0,"[""Wine glasses"", ""Essentials"", ""Private entrance"", ""Washer"", ""Drying rack for clothing"", ""Baking sheet"", ""Air conditioning"", ""Smoke alarm"", ""Dedicated workspace"", ""Dishes and silverware"", ""Cleaning available during stay"", ""Clothing storage"", ""Hot water kettle"", ""Self check-in"", ""Dining table"", ""Oven"", ""Room-darkening shades"", ""Long term stays allowed"", ""Coffee maker"", ""Carbon monoxide alarm"", ""Cleaning products"", ""Bed linens"", ""Microwave"", ""Shampoo"", ""TV with standard cable"", ""Hair dryer"", ""Body soap"", ""Freezer"", ""Refrigerator"", ""Pets allowed"", ""Extra pillows and blankets"", ""Fire extinguisher"", ""Private living room"", ""Dishwasher"", ""Laundromat nearby"", ""Dryer"", ""Cooking basics"", ""Kitchen"", ""Keypad"", ""Hot water"", ""Rice maker"", ""Heating"", ""Iron"", ""Wifi"", ""Toaster"", ""Hangers"", ""Paid parking on premises"", ""Single level home"", ""Stove"", ""Portable fans"", ""Bathtub"", ""Blender"", ""Free street parking""]",$67.00,30,180,30,30,1125,1125,30.0,1125.0,,t,30,60,90,365,2025-06-19,0,0,0,196,0,0,0.0,,,,,,,,,,Exempt: This listing is a unit used for furnished institutional or business stays,t,58,18,40,0,
4156,1352283940153137291,https://www.airbnb.com/rooms/1352283940153137291,20250619031426,2025-06-19,city scrape,25A2.1 | The Alameda 2 | 2BR 1B w/AC & WD | Room 1,"Great, quiet room!",,https://a0.muscache.com/pictures/prohost-api/Hosting-601763/original/b0ad7b82-393f-40eb-ab71-1f813f519475.jpeg,71783,https://www.airbnb.com/users/show/71783,Lance,2010-01-19,"Boston, MA","Lance R. Swank, Principal

His units offer comfortable and luxurious appointments to compliment the style of the building, whether a newly constructed condo or a historic Brownstone. Visitors to Boston seeking a furnished apartment without the corporate, hotel-room-like feel of most furnished rentals will find themselves more at home in Lance’s spaces.

Lance is the President of LSBM Management, LLC and holds an MBA degree from of the F.W. Olin Graduate School of Business at Babson College. He lives and invests in the City of Boston.",within a few hours,87%,96%,f,https://a0.muscache.com/im/users/71783/profile_pic/1342801683/original.jpg?aki_policy=profile_small,https://a0.muscache.com/im/users/71783/profile_pic/1342801683/original.jpg?aki_policy=profile_x_medium,Dorchester,60,97,"['email', 'phone', 'work_email']",t,t,,West Roxbury,,42.29263,-71.15329,Private room in rental unit,Private room,2,1.0,1 shared bath,1.0,1.0,"[""Wine glasses"", ""Essentials"", ""Private entrance"", ""Washer"", ""Drying rack for clothing"", ""Baking sheet"", ""Air conditioning"", ""Smoke alarm"", ""Shared patio or balcony"", ""Dedicated workspace"", ""Dishes and silverware"", ""Books and reading material"", ""Clothing storage"", ""Hot water kettle"", ""Self check-in"", ""Dining table"", ""Oven"", ""Long term stays allowed"", ""Coffee maker"", ""Carbon monoxide alarm"", ""Cleaning products"", ""Bed linens"", ""Microwave"", ""Housekeeping - available at extra cost"", ""Shampoo"", ""TV with standard cable"", ""Hair dryer"", ""Body soap"", ""Freezer"", ""Refrigerator"", ""Pets allowed"", ""Extra pillows and blankets"", ""Lockbox"", ""Fire extinguisher"", ""Private living room"", ""Dishwasher"", ""Laundromat nearby"", ""Dryer"", ""Cooking basics"", ""Kitchen"", ""Hot water"", ""Heating"", ""Iron"", ""Wifi"", ""Toaster"", ""Hangers"", ""Paid parking on premises"", ""Stove"", ""Portable fans"", ""Bathtub"", ""Free street parking""]",$69.00,30,180,30,30,1125,1125,30.0,1125.0,,t,0,0,0,261,2025-06-19,0,0,0,92,0,0,0.0,,,,,,,,,,Exempt: This listing is a unit used for furnished institutional or business stays,t,58,18,40,0,
4157,1352291155141488852,https://www.airbnb.com/rooms/1352291155141488852,20250619031426,2025-06-19,city scrape,25A2.2 | The Alameda 2 | 2BR 1B w/AC & WD | Room 2,Forget your worries in this spacious and serene space.,,https://a0.muscache.com/pictures/prohost-api/Hosting-601763/original/b0ad7b82-393f-40eb-ab71-1f813f519475.jpeg,71783,https://www.airbnb.com/users/show/71783,Lance,2010-01-19,"Boston, MA","Lance R. Swank, Principal

His units offer comfortable and luxurious appointments to compliment the style of the building, whether a newly constructed condo or a historic Brownstone. Visitors to Boston seeking a furnished apartment without the corporate, hotel-room-like feel of most furnished rentals will find themselves more at home in Lance’s spaces.

Lance is the President of LSBM Management, LLC and holds an MBA degree from of the F.W. Olin Graduate School of Business at Babson College. He lives and invests in the City of Boston.",within a few hours,87%,96%,f,https://a0.muscache.com/im/users/71783/profile_pic/1342801683/original.jpg?aki_policy=profile_small,https://a0.muscache.com/im/users/71783/profile_pic/1342801683/original.jpg?aki_policy=profile_x_medium,Dorchester,60,97,"['email', 'phone', 'work_email']",t,t,,West Roxbury,,42.29226131244877,-71.15318579213496,Private room in rental unit,Private room,2,1.0,1 shared bath,1.0,1.0,"[""Wine glasses"", ""Essentials"", ""Private entrance"", ""Washer"", ""Patio or balcony"", ""Drying rack for clothing"", ""Baking sheet"", ""Air conditioning"", ""Smoke alarm"", ""Dedicated workspace"", ""Dishes and silverware"", ""Cleaning available during stay"", ""Books and reading material"", ""Clothing storage"", ""Hot water kettle"", ""Self check-in"", ""Dining table"", ""Oven"", ""Long term stays allowed"", ""Coffee maker"", ""Carbon monoxide alarm"", ""Cleaning products"", ""Bed linens"", ""Microwave"", ""Shampoo"", ""TV with standard cable"", ""Hair dryer"", ""Body soap"", ""Freezer"", ""Refrigerator"", ""Pets allowed"", ""Extra pillows and blankets"", ""Lockbox"", ""Fire extinguisher"", ""Private living room"", ""Dishwasher"", ""Laundromat nearby"", ""Dryer"", ""Cooking basics"", ""Kitchen"", ""Hot water"", ""Heating"", ""Iron"", ""Wifi"", ""Toaster"", ""Hangers"", ""Paid parking on premises"", ""Stove"", ""Portable fans"", ""Bathtub"", ""Free street parking""]",$69.00,30,180,30,30,180,180,30.0,180.0,,t,0,0,0,261,2025-06-19,0,0,0,92,0,0,0.0,,,,,,,,,,Exempt: This listing is a unit used for furnished institutional or business stays,f,58,18,40,0,
4158,1352297273871758405,https://www.airbnb.com/rooms/1352297273871758405,20250619031426,2025-06-19,city scrape,25A2.3 | The Alameda 2 | 3BR 1B w/AC & WD | Room 3,Keep it simple at this peaceful and centrally-located place.,,https://a0.muscache.com/pictures/prohost-api/Hosting-601763/original/b0ad7b82-393f-40eb-ab71-1f813f519475.jpeg,71783,https://www.airbnb.com/users/show/71783,Lance,2010-01-19,"Boston, MA","Lance R. Swank, Principal

His units offer comfortable and luxurious appointments to compliment the style of the building, whether a newly constructed condo or a historic Brownstone. Visitors to Boston seeking a furnished apartment without the corporate, hotel-room-like feel of most furnished rentals will find themselves more at home in Lance’s spaces.

Lance is the President of LSBM Management, LLC and holds an MBA degree from of the F.W. Olin Graduate School of Business at Babson College. He lives and invests in the City of Boston.",within a few hours,87%,96%,f,https://a0.muscache.com/im/users/71783/profile_pic/1342801683/original.jpg?aki_policy=profile_small,https://a0.muscache.com/im/users/71783/profile_pic/1342801683/original.jpg?aki_policy=profile_x_medium,Dorchester,60,97,"['email', 'phone', 'work_email']",t,t,,West Roxbury,,42.29099124636533,-71.15385244005101,Private room in rental unit,Private room,1,1.0,1 shared bath,1.0,1.0,"[""Wine glasses"", ""Essentials"", ""Private entrance"", ""Washer"", ""Patio or balcony"", ""Drying rack for clothing"", ""Baking sheet"", ""Air conditioning"", ""Smoke alarm"", ""Dedicated workspace"", ""Dishes and silverware"", ""Cleaning available during stay"", ""Books and reading material"", ""Clothing storage"", ""Hot water kettle"", ""Self check-in"", ""Dining table"", ""Oven"", ""Long term stays allowed"", ""Coffee maker"", ""Carbon monoxide alarm"", ""Cleaning products"", ""Bed linens"", ""Microwave"", ""Shampoo"", ""TV with standard cable"", ""Hair dryer"", ""Body soap"", ""Freezer"", ""Refrigerator"", ""Pets allowed"", ""Extra pillows and blankets"", ""Lockbox"", ""Fire extinguisher"", ""Private living room"", ""Dishwasher"", ""Laundromat nearby"", ""Dryer"", ""Cooking basics"", ""Kitchen"", ""Hot water"", ""Heating"", ""Iron"", ""Wifi"", ""Toaster"", ""Hangers"", ""Paid parking on premises"", ""Stove"", ""Portable fans"", ""Bathtub"", ""Free street parking""]",$46.00,30,180,30,30,180,180,30.0,180.0,,t,0,0,0,261,2025-06-19,0,0,0,92,0,0,0.0,,,,,,,,,,Exempt: This listing is a unit used for furnished institutional or business stays,f,58,18,40,0,
4159,1352318472051674396,https://www.airbnb.com/rooms/1352318472051674396,20250619031426,2025-06-19,city scrape,109S3.1 | The Strathmore 3 | 2BR 2B w/AC | Room #1,"Discover a cozy city retreat that promises urban comfort with a touch of charm. Nestled conveniently, just a block from the Green Line Street Car, this bedroom haven offers seamless access to Boston's vibrant heart. Fully equipped for your needs and featuring air conditioning, it's the perfect mix of homey comfort and city convenience. Short walk to Cleveland Circle, Beacon Street. and Comm Avenue and walkable to BC!  Ready to explore Boston? Book your stay in this inviting escape today!",,https://a0.muscache.com/pictures/prohost-api/Hosting-776171132229801192/original/8377aaa2-7af1-4086-a529-18fc3b7d3f94.jpeg,71783,https://www.airbnb.com/users/show/71783,Lance,2010-01-19,"Boston, MA","Lance R. Swank, Principal

His units offer comfortable and luxurious appointments to compliment the style of the building, whether a newly constructed condo or a historic Brownstone. Visitors to Boston seeking a furnished apartment without the corporate, hotel-room-like feel of most furnished rentals will find themselves more at home in Lance’s spaces.

Lance is the President of LSBM Management, LLC and holds an MBA degree from of the F.W. Olin Graduate School of Business at Babson College. He lives and invests in the City of Boston.",within a few hours,87%,96%,f,https://a0.muscache.com/im/users/71783/profile_pic/1342801683/original.jpg?aki_policy=profile_small,https://a0.muscache.com/im/users/71783/profile_pic/1342801683/original.jpg?aki_policy=profile_x_medium,Dorchester,60,97,"['email', 'phone', 'work_email']",t,t,,Brighton,,42.34006556316642,-71.15040003337937,Private room in rental unit,Private room,2,2.0,2 shared baths,1.0,1.0,"[""Wine glasses"", ""Essentials"", ""Private entrance"", ""Drying rack for clothing"", ""Baking sheet"", ""Air conditioning"", ""Smoke alarm"", ""Paid parking lot off premises"", ""Dedicated workspace"", ""Dishes and silverware"", ""Cleaning available during stay"", ""Clothing storage"", ""Hot water kettle"", ""Self check-in"", ""Dining table"", ""Oven"", ""Long term stays allowed"", ""Coffee maker"", ""Carbon monoxide alarm"", ""Cleaning products"", ""Bed linens"", ""Microwave"", ""Shampoo"", ""Hair dryer"", ""Body soap"", ""Freezer"", ""Refrigerator"", ""Pets allowed"", ""Extra pillows and blankets"", ""Fire extinguisher"", ""Private living room"", ""TV"", ""Lock on bedroom door"", ""Dishwasher"", ""Laundromat nearby"", ""Keypad"", ""Cooking basics"", ""Kitchen"", ""Hot water"", ""Heating"", ""Iron"", ""Wifi"", ""Toaster"", ""Hangers"", ""Stove"", ""Portable fans"", ""Bathtub"", ""Free street parking""]",$62.00,30,365,30,30,1125,1125,30.0,1125.0,,t,0,0,16,291,2025-06-19,0,0,0,122,0,0,0.0,,,,,,,,,,Exempt: This listing is a unit used for furnished institutional or business stays,f,58,18,40,0,
4160,1352324156600246137,https://www.airbnb.com/rooms/1352324156600246137,20250619031426,2025-06-19,city scrape,109S3.2 | The Strathmore 3 | 2BR 2B w/AC | Room #2,You will enjoy easy access to everything from this centrally located place.,,https://a0.muscache.com/pictures/prohost-api/Hosting-776171132229801192/original/fdc1ce3b-fbee-4c94-8a8b-ebaf0f65aab7.jpeg,71783,https://www.airbnb.com/users/show/71783,Lance,2010-01-19,"Boston, MA","Lance R. Swank, Principal

His units offer comfortable and luxurious appointments to compliment the style of the building, whether a newly constructed condo or a historic Brownstone. Visitors to Boston seeking a furnished apartment without the corporate, hotel-room-like feel of most furnished rentals will find themselves more at home in Lance’s spaces.

Lance is the President of LSBM Management, LLC and holds an MBA degree from of the F.W. Olin Graduate School of Business at Babson College. He lives and invests in the City of Boston.",within a few hours,87%,96%,f,https://a0.muscache.com/im/users/71783/profile_pic/1342801683/original.jpg?aki_policy=profile_small,https://a0.muscache.com/im/users/71783/profile_pic/1342801683/original.jpg?aki_policy=profile_x_medium,Dorchester,60,97,"['email', 'phone', 'work_email']",t,t,,Brighton,,42.33888,-71.15023,Private room in rental unit,Private room,2,2.0,2 shared baths,1.0,1.0,"[""Wine glasses"", ""Essentials"", ""Private entrance"", ""Drying rack for clothing"", ""Baking sheet"", ""Air conditioning"", ""Smoke alarm"", ""Dedicated workspace"", ""Dishes and silverware"", ""Paid parking off premises"", ""Clothing storage"", ""Hot water kettle"", ""Self check-in"", ""Dining table"", ""Oven"", ""Long term stays allowed"", ""Coffee maker"", ""Carbon monoxide alarm"", ""Cleaning products"", ""Bed linens"", ""Microwave"", ""Housekeeping - available at extra cost"", ""Shampoo"", ""Hair dryer"", ""Body soap"", ""Freezer"", ""Refrigerator"", ""Pets allowed"", ""Extra pillows and blankets"", ""Fire extinguisher"", ""Private living room"", ""TV"", ""Lock on bedroom door"", ""Dishwasher"", ""Laundromat nearby"", ""Keypad"", ""Cooking basics"", ""Kitchen"", ""Hot water"", ""Heating"", ""Iron"", ""Wifi"", ""Toaster"", ""Hangers"", ""Stove"", ""Portable fans"", ""Bathtub"", ""Free street parking""]",$61.00,30,180,30,30,180,180,30.0,180.0,,t,0,0,16,291,2025-06-19,0,0,0,122,0,0,0.0,,,,,,,,,,Exempt: This listing is a unit used for furnished institutional or business stays,f,58,18,40,0,
4161,1352333091793466443,https://www.airbnb.com/rooms/1352333091793466443,20250619031426,2025-06-19,city scrape,109S2.1 | The Strathmore 2 | 3BR 2B w/AC | Room #1,"Discover a cozy city retreat that promises urban comfort with a touch of charm. Nestled conveniently, just a block from the Green Line Street Car, this bedroom haven offers seamless access to Boston's vibrant heart. Fully equipped for your needs and featuring air conditioning, it's the perfect mix of homey comfort and city convenience. Short walk to Cleveland Circle, Beacon Street. and Comm Avenue and walkable to BC! Ready to explore Boston? Book your stay in this inviting escape today!",,https://a0.muscache.com/pictures/prohost-api/Hosting-33467259/original/f21a442d-9255-41d4-90c9-1a855534ce11.jpeg,71783,https://www.airbnb.com/users/show/71783,Lance,2010-01-19,"Boston, MA","Lance R. Swank, Principal

His units offer comfortable and luxurious appointments to compliment the style of the building, whether a newly constructed condo or a historic Brownstone. Visitors to Boston seeking a furnished apartment without the corporate, hotel-room-like feel of most furnished rentals will find themselves more at home in Lance’s spaces.

Lance is the President of LSBM Management, LLC and holds an MBA degree from of the F.W. Olin Graduate School of Business at Babson College. He lives and invests in the City of Boston.",within a few hours,87%,96%,f,https://a0.muscache.com/im/users/71783/profile_pic/1342801683/original.jpg?aki_policy=profile_small,https://a0.muscache.com/im/users/71783/profile_pic/1342801683/original.jpg?aki_policy=profile_x_medium,Dorchester,60,97,"['email', 'phone', 'work_email']",t,t,,Brighton,,42.33827,-71.15232,Private room in rental unit,Private room,2,2.0,2 shared baths,1.0,1.0,"[""Wine glasses"", ""Essentials"", ""Private entrance"", ""Drying rack for clothing"", ""Baking sheet"", ""Air conditioning"", ""Smoke alarm"", ""Paid parking lot off premises"", ""Dedicated workspace"", ""Dishes and silverware"", ""Clothing storage"", ""Hot water kettle"", ""Self check-in"", ""Dining table"", ""Oven"", ""Room-darkening shades"", ""Long term stays allowed"", ""Coffee maker"", ""Carbon monoxide alarm"", ""Cleaning products"", ""Bed linens"", ""Microwave"", ""Housekeeping - available at extra cost"", ""Shampoo"", ""Hair dryer"", ""Body soap"", ""Freezer"", ""Refrigerator"", ""Pets allowed"", ""Extra pillows and blankets"", ""Lockbox"", ""Fire extinguisher"", ""Private living room"", ""TV"", ""Lock on bedroom door"", ""Dishwasher"", ""Laundromat nearby"", ""Cooking basics"", ""Kitchen"", ""Hot water"", ""Heating"", ""Iron"", ""Wifi"", ""Toaster"", ""Hangers"", ""Stove"", ""Portable fans"", ""Bathtub"", ""Free street parking""]",$69.00,30,365,30,30,1125,1125,30.0,1125.0,,t,7,15,24,197,2025-06-19,0,0,0,28,0,0,0.0,,,,,,,,,,Exempt: This listing is a unit used for furnished institutional or business stays,f,58,18,40,0,
4162,1352341560801397928,https://www.airbnb.com/rooms/1352341560801397928,20250619031426,2025-06-19,previous scrape,109S2.2 | The Strathmore 2 | 3BR 2B w/AC | Room #2,"Discover a cozy city retreat that promises urban comfort with a touch of charm. Nestled conveniently, just a block from the Green Line Street Car, this bedroom haven offers seamless access to Boston's vibrant heart. Fully equipped for your needs and featuring air conditioning, it's the perfect mix of homey comfort and city convenience. Short walk to Cleveland Circle, Beacon Street. and Comm Avenue and walkable to BC! Ready to explore Boston? Book your stay in this inviting escape today!",,https://a0.muscache.com/pictures/prohost-api/Hosting-33467259/original/f14bd55b-3af8-438a-b98a-31b304723db2.jpeg,71783,https://www.airbnb.com/users/show/71783,Lance,2010-01-19,"Boston, MA","Lance R. Swank, Principal

His units offer comfortable and luxurious appointments to compliment the style of the building, whether a newly constructed condo or a historic Brownstone. Visitors to Boston seeking a furnished apartment without the corporate, hotel-room-like feel of most furnished rentals will find themselves more at home in Lance’s spaces.

Lance is the President of LSBM Management, LLC and holds an MBA degree from of the F.W. Olin Graduate School of Business at Babson College. He lives and invests in the City of Boston.",within a few hours,87%,96%,f,https://a0.muscache.com/im/users/71783/profile_pic/1342801683/original.jpg?aki_policy=profile_small,https://a0.muscache.com/im/users/71783/profile_pic/1342801683/original.jpg?aki_policy=profile_x_medium,Dorchester,60,97,"['email', 'phone', 'work_email']",t,t,,Brighton,,42.34011818848683,-71.15058080975946,Private room in rental unit,Private room,2,,2 shared baths,,,"[""Wine glasses"", ""Essentials"", ""Private entrance"", ""Drying rack for clothing"", ""Baking sheet"", ""Air conditioning"", ""Smoke alarm"", ""Dedicated workspace"", ""Dishes and silverware"", ""Paid parking off premises"", ""Cleaning available during stay"", ""Clothing storage"", ""Hot water kettle"", ""Self check-in"", ""Dining table"", ""Oven"", ""Room-darkening shades"", ""Long term stays allowed"", ""Coffee maker"", ""Carbon monoxide alarm"", ""Cleaning products"", ""Bed linens"", ""Microwave"", ""Shampoo"", ""Hair dryer"", ""Body soap"", ""Freezer"", ""Refrigerator"", ""Pets allowed"", ""Extra pillows and blankets"", ""Lockbox"", ""Fire extinguisher"", ""Private living room"", ""TV"", ""Lock on bedroom door"", ""Dishwasher"", ""Laundromat nearby"", ""Cooking basics"", ""Kitchen"", ""Hot water"", ""Heating"", ""Iron"", ""Wifi"", ""Toaster"", ""Hangers"", ""Stove"", ""Portable fans"", ""Bathtub"", ""Free street parking""]",,30,365,30,30,1125,1125,30.0,1125.0,,t,7,15,24,197,2025-06-19,0,0,0,28,0,0,,,,,,,,,,,Exempt: This listing is a unit used for furnished institutional or business stays,f,58,18,40,0,
4163,1352362154592168068,https://www.airbnb.com/rooms/1352362154592168068,20250619031426,2025-06-19,city scrape,109S2.3 | The Strathmore 2 | 3BR 2B w/AC | Room #3,"Discover a cozy city retreat that promises urban comfort with a touch of charm. Nestled conveniently, just a block from the Green Line Street Car, this bedroom haven offers seamless access to Boston's vibrant heart. Fully equipped for your needs and featuring air conditioning, it's the perfect mix of homey comfort and city convenience. Short walk to Cleveland Circle, Beacon Street. and Comm Avenue and walkable to BC! Ready to explore Boston? Book your stay in this inviting escape today!",,https://a0.muscache.com/pictures/prohost-api/Hosting-33467259/original/2f4b0e37-c19e-4d2c-8682-c091737c3810.jpeg,71783,https://www.airbnb.com/users/show/71783,Lance,2010-01-19,"Boston, MA","Lance R. Swank, Principal

His units offer comfortable and luxurious appointments to compliment the style of the building, whether a newly constructed condo or a historic Brownstone. Visitors to Boston seeking a furnished apartment without the corporate, hotel-room-like feel of most furnished rentals will find themselves more at home in Lance’s spaces.

Lance is the President of LSBM Management, LLC and holds an MBA degree from of the F.W. Olin Graduate School of Business at Babson College. He lives and invests in the City of Boston.",within a few hours,87%,96%,f,https://a0.muscache.com/im/users/71783/profile_pic/1342801683/original.jpg?aki_policy=profile_small,https://a0.muscache.com/im/users/71783/profile_pic/1342801683/original.jpg?aki_policy=profile_x_medium,Dorchester,60,97,"['email', 'phone', 'work_email']",t,t,,Brighton,,42.34046345192901,-71.15041063901216,Private room in rental unit,Private room,2,2.0,2 shared baths,1.0,1.0,"[""Wine glasses"", ""Essentials"", ""Private entrance"", ""Drying rack for clothing"", ""Baking sheet"", ""Air conditioning"", ""Smoke alarm"", ""Dedicated workspace"", ""Dishes and silverware"", ""Paid parking off premises"", ""Cleaning available during stay"", ""Clothing storage"", ""Hot water kettle"", ""Self check-in"", ""Dining table"", ""Oven"", ""Room-darkening shades"", ""Long term stays allowed"", ""Coffee maker"", ""Carbon monoxide alarm"", ""Cleaning products"", ""Bed linens"", ""Microwave"", ""Shampoo"", ""Hair dryer"", ""Body soap"", ""Freezer"", ""Refrigerator"", ""Pets allowed"", ""Extra pillows and blankets"", ""Lockbox"", ""Fire extinguisher"", ""Private living room"", ""TV"", ""Lock on bedroom door"", ""Dishwasher"", ""Laundromat nearby"", ""Cooking basics"", ""Kitchen"", ""Hot water"", ""Heating"", ""Iron"", ""Wifi"", ""Toaster"", ""Hangers"", ""Stove"", ""Portable fans"", ""Bathtub"", ""Free street parking""]",$58.00,30,365,30,30,1125,1125,30.0,1125.0,,t,7,15,24,197,2025-06-19,0,0,0,28,0,0,0.0,,,,,,,,,,Exempt: This listing is a unit used for furnished institutional or business stays,f,58,18,40,0,
4182,1354579947641485325,https://www.airbnb.com/rooms/1354579947641485325,20250619031426,2025-06-19,city scrape,230B4.1 | The Penthouse Redline | AC & WD | Room 1,Enjoy a stylish experience at this centrally-located place.,,https://a0.muscache.com/pictures/prohost-api/Hosting-533152/original/2acc2b0f-88c6-406f-8bfd-995c9fa92d39.jpeg,71783,https://www.airbnb.com/users/show/71783,Lance,2010-01-19,"Boston, MA","Lance R. Swank, Principal

His units offer comfortable and luxurious appointments to compliment the style of the building, whether a newly constructed condo or a historic Brownstone. Visitors to Boston seeking a furnished apartment without the corporate, hotel-room-like feel of most furnished rentals will find themselves more at home in Lance’s spaces.

Lance is the President of LSBM Management, LLC and holds an MBA degree from of the F.W. Olin Graduate School of Business at Babson College. He lives and invests in the City of Boston.",within a few hours,87%,96%,f,https://a0.muscache.com/im/users/71783/profile_pic/1342801683/original.jpg?aki_policy=profile_small,https://a0.muscache.com/im/users/71783/profile_pic/1342801683/original.jpg?aki_policy=profile_x_medium,Dorchester,60,97,"['email', 'phone', 'work_email']",t,t,,Dorchester,,42.32150723148439,-71.06183280853438,Private room in rental unit,Private room,2,1.0,1 shared bath,1.0,1.0,"[""Wine glasses"", ""Essentials"", ""Private entrance"", ""Washer"", ""Patio or balcony"", ""Drying rack for clothing"", ""Baking sheet"", ""Air conditioning"", ""Smoke alarm"", ""Dedicated workspace"", ""Dishes and silverware"", ""Cleaning available during stay"", ""Books and reading material"", ""Clothing storage"", ""Hot water kettle"", ""Self check-in"", ""Dining table"", ""Oven"", ""Long term stays allowed"", ""Carbon monoxide alarm"", ""Cleaning products"", ""Bed linens"", ""Microwave"", ""Shampoo"", ""TV with standard cable"", ""Hair dryer"", ""Body soap"", ""Freezer"", ""Refrigerator"", ""Pets allowed"", ""Extra pillows and blankets"", ""Fire extinguisher"", ""Private living room"", ""Lock on bedroom door"", ""Baby safety gates"", ""Dishwasher"", ""Laundromat nearby"", ""Dryer"", ""Cooking basics"", ""Kitchen"", ""Hot water"", ""Smart lock"", ""Heating"", ""Iron"", ""Wifi"", ""Toaster"", ""Hangers"", ""Stove"", ""Portable fans"", ""Coffee maker"", ""Free street parking""]",$80.00,30,365,30,30,365,365,30.0,365.0,,t,0,4,4,265,2025-06-19,0,0,0,96,0,0,0.0,,,,,,,,,,Exempt: This listing is a unit used for furnished institutional or business stays,f,58,18,40,0,
4183,1354618376723329714,https://www.airbnb.com/rooms/1354618376723329714,20250619031426,2025-06-19,city scrape,230B4.2 | The Penthouse w/WD & A,"Kick back and relax in this calm, stylish space.",,https://a0.muscache.com/pictures/prohost-api/Hosting-533152/original/f2f92fb9-a951-450a-b53e-3174d37da477.jpeg,71783,https://www.airbnb.com/users/show/71783,Lance,2010-01-19,"Boston, MA","Lance R. Swank, Principal

His units offer comfortable and luxurious appointments to compliment the style of the building, whether a newly constructed condo or a historic Brownstone. Visitors to Boston seeking a furnished apartment without the corporate, hotel-room-like feel of most furnished rentals will find themselves more at home in Lance’s spaces.

Lance is the President of LSBM Management, LLC and holds an MBA degree from of the F.W. Olin Graduate School of Business at Babson College. He lives and invests in the City of Boston.",within a few hours,87%,96%,f,https://a0.muscache.com/im/users/71783/profile_pic/1342801683/original.jpg?aki_policy=profile_small,https://a0.muscache.com/im/users/71783/profile_pic/1342801683/original.jpg?aki_policy=profile_x_medium,Dorchester,60,97,"['email', 'phone', 'work_email']",t,t,,Dorchester,,42.32329552089193,-71.06176734411642,Private room in rental unit,Private room,2,1.0,1 shared bath,1.0,1.0,"[""Wine glasses"", ""Essentials"", ""Private entrance"", ""Washer"", ""Patio or balcony"", ""Drying rack for clothing"", ""Baking sheet"", ""Air conditioning"", ""Smoke alarm"", ""Dedicated workspace"", ""Dishes and silverware"", ""Cleaning available during stay"", ""Books and reading material"", ""Clothing storage"", ""Hot water kettle"", ""Self check-in"", ""Dining table"", ""Oven"", ""Long term stays allowed"", ""Carbon monoxide alarm"", ""Cleaning products"", ""Bed linens"", ""Microwave"", ""Shampoo"", ""TV with standard cable"", ""Hair dryer"", ""Body soap"", ""Freezer"", ""Refrigerator"", ""Pets allowed"", ""Extra pillows and blankets"", ""Fire extinguisher"", ""Private living room"", ""Lock on bedroom door"", ""Baby safety gates"", ""Dishwasher"", ""Laundromat nearby"", ""Dryer"", ""Cooking basics"", ""Kitchen"", ""Hot water"", ""Smart lock"", ""Heating"", ""Iron"", ""Wifi"", ""Toaster"", ""Hangers"", ""Stove"", ""Portable fans"", ""Coffee maker"", ""Free street parking""]",$72.00,30,365,30,30,365,365,30.0,365.0,,t,0,4,4,265,2025-06-19,0,0,0,96,0,0,0.0,,,,,,,,,,Exempt: This listing is a unit used for furnished institutional or business stays,t,58,18,40,0,
4192,1357379278307447716,https://www.airbnb.com/rooms/1357379278307447716,20250619031426,2025-06-19,city scrape,47S1.B | The Sumner Redline | w/AC & WD | Suite,"You will discover a delightful fusion of charm and stylish modern luxuries in this Bedroom Suite with climate control and dedicated modern bathroom. Located near the bustling neighborhood of Boston's Savin Hill and the South End this room is perfect for  travelers seeking both relaxation and adventure. With easy access to Boston's vibrant heart through the nearby Red Line subway, you're set for both tranquil retreats and city explorations. Ready to create unforgettable memories? Message us now!",,https://a0.muscache.com/pictures/miso/Hosting-1267303097859346005/original/61f8165e-946a-4f93-ba38-1730d1b5aa84.jpeg,71783,https://www.airbnb.com/users/show/71783,Lance,2010-01-19,"Boston, MA","Lance R. Swank, Principal

His units offer comfortable and luxurious appointments to compliment the style of the building, whether a newly constructed condo or a historic Brownstone. Visitors to Boston seeking a furnished apartment without the corporate, hotel-room-like feel of most furnished rentals will find themselves more at home in Lance’s spaces.

Lance is the President of LSBM Management, LLC and holds an MBA degree from of the F.W. Olin Graduate School of Business at Babson College. He lives and invests in the City of Boston.",within a few hours,87%,96%,f,https://a0.muscache.com/im/users/71783/profile_pic/1342801683/original.jpg?aki_policy=profile_small,https://a0.muscache.com/im/users/71783/profile_pic/1342801683/original.jpg?aki_policy=profile_x_medium,Dorchester,60,97,"['email', 'phone', 'work_email']",t,t,,Dorchester,,42.31764062956877,-71.06102566196269,Private room in rental unit,Private room,3,1.0,1 private bath,1.0,1.0,"[""Wine glasses"", ""Essentials"", ""Private entrance"", ""Washer"", ""Patio or balcony"", ""Drying rack for clothing"", ""Baking sheet"", ""Air conditioning"", ""Smoke alarm"", ""Dedicated workspace"", ""Dishes and silverware"", ""Cleaning available during stay"", ""Clothing storage"", ""Hot water kettle"", ""Self check-in"", ""Dining table"", ""Oven"", ""Room-darkening shades"", ""Long term stays allowed"", ""Carbon monoxide alarm"", ""Cleaning products"", ""Bed linens"", ""Microwave"", ""Shampoo"", ""Hair dryer"", ""Body soap"", ""Freezer"", ""Refrigerator"", ""Pets allowed"", ""Extra pillows and blankets"", ""Fire extinguisher"", ""Private living room"", ""TV"", ""Lock on bedroom door"", ""Dishwasher"", ""Laundromat nearby"", ""Dryer"", ""Cooking basics"", ""Kitchen"", ""Hot water"", ""Smart lock"", ""Heating"", ""Iron"", ""Wifi"", ""Toaster"", ""Hangers"", ""Paid parking on premises"", ""Stove"", ""Portable fans"", ""Coffee maker"", ""Free street parking""]",$74.00,30,365,30,30,365,365,30.0,365.0,,t,0,8,38,313,2025-06-19,0,0,0,144,0,0,0.0,,,,,,,,,,Exempt: This listing is a unit used for furnished institutional or business stays,f,58,18,40,0,
4194,1358084036665475601,https://www.airbnb.com/rooms/1358084036665475601,20250619031426,2025-06-19,city scrape,39S1.g | 1BR 2B w/AC & W/D  75ft to 'C' Greenline!,"Discover a city retreat that promises you urban comfort with charm and high ceilings! Within a block of  the Green ""C"" Line Street Car, this bedroom haven offers seamless access to Boston's vibrant heart. Fully equipped for your needs and featuring AC, washer and dryer, it's the perfect mix of homey comfort with a memory foam bed and city convenience. Short walk to Cleveland Circle, Beacon St  and Comm Ave and BC! Ready to explore Boston? Book your stay today!",,https://a0.muscache.com/pictures/prohost-api/Hosting-54052472/original/ebd7f546-6a83-4aa1-9fa5-44882153ee35.jpeg,71783,https://www.airbnb.com/users/show/71783,Lance,2010-01-19,"Boston, MA","Lance R. Swank, Principal

His units offer comfortable and luxurious appointments to compliment the style of the building, whether a newly constructed condo or a historic Brownstone. Visitors to Boston seeking a furnished apartment without the corporate, hotel-room-like feel of most furnished rentals will find themselves more at home in Lance’s spaces.

Lance is the President of LSBM Management, LLC and holds an MBA degree from of the F.W. Olin Graduate School of Business at Babson College. He lives and invests in the City of Boston.",within a few hours,87%,96%,f,https://a0.muscache.com/im/users/71783/profile_pic/1342801683/original.jpg?aki_policy=profile_small,https://a0.muscache.com/im/users/71783/profile_pic/1342801683/original.jpg?aki_policy=profile_x_medium,Dorchester,60,97,"['email', 'phone', 'work_email']",t,t,,Brighton,,42.33849796063633,-71.14763275199938,Private room in rental unit,Private room,2,2.0,2 shared baths,1.0,1.0,"[""Wine glasses"", ""Essentials"", ""Private entrance"", ""Washer"", ""Drying rack for clothing"", ""Baking sheet"", ""Air conditioning"", ""Smoke alarm"", ""Dedicated workspace"", ""Dishes and silverware"", ""Paid parking off premises"", ""Cleaning available during stay"", ""Books and reading material"", ""Clothing storage"", ""Hot water kettle"", ""Self check-in"", ""Dining table"", ""Oven"", ""Room-darkening shades"", ""Long term stays allowed"", ""Coffee maker"", ""Carbon monoxide alarm"", ""Cleaning products"", ""Bed linens"", ""Microwave"", ""Shampoo"", ""Luggage dropoff allowed"", ""Hair dryer"", ""Body soap"", ""Freezer"", ""Refrigerator"", ""Pets allowed"", ""Extra pillows and blankets"", ""Lockbox"", ""Fire extinguisher"", ""Private living room"", ""TV"", ""Dishwasher"", ""Laundromat nearby"", ""Dryer"", ""Cooking basics"", ""Kitchen"", ""Bread maker"", ""Hot water"", ""Rice maker"", ""Heating"", ""Iron"", ""Wifi"", ""Toaster"", ""Hangers"", ""Single level home"", ""Stove"", ""Portable fans"", ""Bathtub"", ""Blender"", ""Free street parking""]",$56.00,30,365,30,30,365,365,30.0,365.0,,t,0,8,38,313,2025-06-19,0,0,0,144,0,0,0.0,,,,,,,,,,Exempt: This listing is a unit used for furnished institutional or business stays,f,58,18,40,0,
4195,1358159333179283935,https://www.airbnb.com/rooms/1358159333179283935,20250619031426,2025-06-19,city scrape,39S1.b | 1BR 2B w/AC & W/D 75ft to 'C' Greenline,"Discover a city retreat that promises you urban comfort with charm and high ceilings! Within a block of  the Green ""C"" Line Street Car, this bedroom haven offers seamless access to Boston's vibrant heart. Fully equipped for your needs and featuring, bedroom HdTV & AC, washer and dryer, it's the perfect mix of homey comfort with a memory foam bed and city convenience. Short walk to Cleveland Circle, Beacon St  and Comm Ave and BC! Ready to explore Boston? Book your stay today!",,https://a0.muscache.com/pictures/prohost-api/Hosting-54052472/original/d81a0ddf-eb32-4088-b72c-e3959bc9df8f.jpeg,71783,https://www.airbnb.com/users/show/71783,Lance,2010-01-19,"Boston, MA","Lance R. Swank, Principal

His units offer comfortable and luxurious appointments to compliment the style of the building, whether a newly constructed condo or a historic Brownstone. Visitors to Boston seeking a furnished apartment without the corporate, hotel-room-like feel of most furnished rentals will find themselves more at home in Lance’s spaces.

Lance is the President of LSBM Management, LLC and holds an MBA degree from of the F.W. Olin Graduate School of Business at Babson College. He lives and invests in the City of Boston.",within a few hours,87%,96%,f,https://a0.muscache.com/im/users/71783/profile_pic/1342801683/original.jpg?aki_policy=profile_small,https://a0.muscache.com/im/users/71783/profile_pic/1342801683/original.jpg?aki_policy=profile_x_medium,Dorchester,60,97,"['email', 'phone', 'work_email']",t,t,,Brighton,,42.33793906225325,-71.14806778900808,Private room in rental unit,Private room,2,2.0,2 shared baths,1.0,1.0,"[""Wine glasses"", ""Essentials"", ""Private entrance"", ""Washer"", ""Patio or balcony"", ""Drying rack for clothing"", ""Baking sheet"", ""Air conditioning"", ""Smoke alarm"", ""Dedicated workspace"", ""Dishes and silverware"", ""Paid parking off premises"", ""Cleaning available during stay"", ""Books and reading material"", ""Clothing storage"", ""Hot water kettle"", ""Self check-in"", ""Dining table"", ""Oven"", ""Room-darkening shades"", ""Long term stays allowed"", ""Coffee maker"", ""Carbon monoxide alarm"", ""Cleaning products"", ""Bed linens"", ""Microwave"", ""Shampoo"", ""Luggage dropoff allowed"", ""Hair dryer"", ""Body soap"", ""Freezer"", ""Refrigerator"", ""Pets allowed"", ""Extra pillows and blankets"", ""Lockbox"", ""Fire extinguisher"", ""Private living room"", ""TV"", ""Dishwasher"", ""Laundromat nearby"", ""Dryer"", ""Cooking basics"", ""Kitchen"", ""Bread maker"", ""Hot water"", ""Rice maker"", ""Heating"", ""Iron"", ""Wifi"", ""Toaster"", ""Hangers"", ""Single level home"", ""Stove"", ""Portable fans"", ""Bathtub"", ""Blender"", ""Free street parking""]",$60.00,30,365,30,30,365,365,30.0,365.0,,t,0,8,38,313,2025-06-19,0,0,0,144,0,0,0.0,,,,,,,,,,Exempt: This listing is a unit used for furnished institutional or business stays,f,58,18,40,0,
4362,1410382714154823147,https://www.airbnb.com/rooms/1410382714154823147,20250619031426,2025-06-19,city scrape,Bright & Spacious Boston,"Newly renovated and full of charm, this bright 2BR + bonus room apartment in West Roxbury is ideal for couples, friends, or business travelers. Enjoy Roku TVs, a stocked kitchen, a modern bathroom, and cozy indoor/outdoor spaces including porch seating, a fire pit, and games. Just 20 mins from downtown Boston with free street parking, fast Wi-Fi, and walkable access to transit in a quiet neighborhood.",,https://a0.muscache.com/pictures/miso/Hosting-1410382714154823147/original/a6f5826e-255d-485c-b83e-a4f83966fb60.jpeg,27217046,https://www.airbnb.com/users/show/27217046,Michelle,2015-02-04,"Boston, MA",,within an hour,100%,96%,f,https://a0.muscache.com/im/pictures/user/User/original/a4c07777-1d41-4f8a-93ca-431524bad869.jpeg?aki_policy=profile_small,https://a0.muscache.com/im/pictures/user/User/original/a4c07777-1d41-4f8a-93ca-431524bad869.jpeg?aki_policy=profile_x_medium,West Roxbury,1,1,"['email', 'phone', 'work_email']",t,t,,West Roxbury,,42.29348105994391,-71.1624144346733,Entire home,Entire home/apt,6,1.0,1 bath,3.0,3.0,"[""Wine glasses"", ""Essentials"", ""Baking sheet"", ""Clothing storage: closet"", ""Smoke alarm"", ""Shared patio or balcony"", ""Dishes and silverware"", ""Coffee"", ""Hot water kettle"", ""Self check-in"", ""Dining table"", ""Oven"", ""Fire pit"", ""Carbon monoxide alarm"", ""Cleaning products"", ""Bed linens"", ""Ceiling fan"", ""Shampoo"", ""Hair dryer"", ""Body soap"", ""Board games"", ""Freezer"", ""Refrigerator"", ""Extra pillows and blankets"", ""Outdoor furniture"", ""Window AC unit"", ""Fire extinguisher"", ""TV"", ""Dishwasher"", ""Laundromat nearby"", ""Keypad"", ""Cooking basics"", ""Kitchen"", ""Hot water"", ""Coffee maker: Keurig coffee machine"", ""Shower gel"", ""Heating"", ""Conditioner"", ""Iron"", ""Wifi"", ""Toaster"", ""First aid kit"", ""Hangers"", ""Exterior security cameras on property"", ""Free street parking""]",$193.00,2,27,1,5,27,27,2.7,27.0,,t,11,31,58,333,2025-06-19,8,8,3,164,0,48,9264.0,2025-05-01,2025-06-16,5.0,5.0,5.0,5.0,5.0,4.88,4.88,STR-594074,f,1,1,0,0,4.8
