,id,listing_url,scrape_id,last_scraped,source,name,description,neighborhood_overview,picture_url,host_id,host_url,host_name,host_since,host_location,host_about,host_response_time,host_response_rate,host_acceptance_rate,host_is_superhost,host_thumbnail_url,host_picture_url,host_neighbourhood,host_listings_count,host_total_listings_count,host_verifications,host_has_profile_pic,host_identity_verified,neighbourhood,neighbourhood_cleansed,neighbourhood_group_cleansed,latitude,longitude,property_type,room_type,accommodates,bathrooms,bathrooms_text,bedrooms,beds,amenities,price,minimum_nights,maximum_nights,minimum_minimum_nights,maximum_minimum_nights,minimum_maximum_nights,maximum_maximum_nights,minimum_nights_avg_ntm,maximum_nights_avg_ntm,calendar_updated,has_availability,availability_30,availability_60,availability_90,availability_365,calendar_last_scraped,number_of_reviews,number_of_reviews_ltm,number_of_reviews_l30d,availability_eoy,number_of_reviews_ly,estimated_occupancy_l365d,estimated_revenue_l365d,first_review,last_review,review_scores_rating,review_scores_accuracy,review_scores_cleanliness,review_scores_checkin,review_scores_communication,review_scores_location,review_scores_value,license,instant_bookable,calculated_host_listings_count,calculated_host_listings_count_entire_homes,calculated_host_listings_count_private_rooms,calculated_host_listings_count_shared_rooms,reviews_per_month
0,3781,https://www.airbnb.com/rooms/3781,20250619031426,2025-06-19,city scrape,HARBORSIDE-Walk to subway,"Fully separate apartment in a two apartment building. Space is perfect for an individual or a couple. There is a full bath, bedroom with queen bed, small sitting area with TV and a fully equipped kitchen with dining area. Walk or bus to subway.","Mostly quiet ( no loud music, no crowed sidewalks)  area with residential 3 story buildings, some 4 and 5 story newer buildings. Though not in an ""entertainment"" area there are local food shops and supermarket with a mix of restaurants.  Area is in transition--East Boston has a great waterfront with gentrification evident everywhere!",https://a0.muscache.com/pictures/24670/b2de0442_original.jpg,4804,https://www.airbnb.com/users/show/4804,Frank,2008-12-03,"Massachusetts, United States","My wife and I and grown children frequently occupy the spaces that we rent and as such try to make the spaces pleasant and appealing to ourselves as well as guests.   We have been subletting for over 15 years and consider ourselves helpful and organized hosts who provide clean, attractive and comfortable apartments",within a day,75%,13%,t,https://a0.muscache.com/im/users/4804/profile_pic/1327953150/original.jpg?aki_policy=profile_small,https://a0.muscache.com/im/users/4804/profile_pic/1327953150/original.jpg?aki_policy=profile_x_medium,East Boston,3,6,"['email', 'phone']",t,f,Neighborhood highlights,East Boston,,42.36413,-71.02991,Entire rental unit,Entire home/apt,2,1.0,1 bath,1.0,1.0,"[""Essentials"", ""Washer"", ""Patio or balcony"", ""Smoke alarm"", ""Dishes and silverware"", ""Oven"", ""Carbon monoxide alarm"", ""Bed linens"", ""Microwave"", ""Shampoo"", ""TV with standard cable"", ""Hair dryer"", ""Refrigerator"", ""Extra pillows and blankets"", ""Dishwasher"", ""Dryer"", ""Cooking basics"", ""Kitchen"", ""Hot water"", ""Heating"", ""Iron"", ""Wifi"", ""Hangers"", ""Stove"", ""Coffee maker"", ""Free parking on premises"", ""Central air conditioning"", ""Free street parking""]",$125.00,29,1125,29,29,1125,1125,29.0,1125.0,,t,0,0,0,262,2025-06-19,26,1,0,93,1,58,7250.0,2015-07-10,2024-08-09,4.96,5.0,4.96,5.0,4.96,4.85,4.88,,f,1,1,0,0,0.21
3,8789,https://www.airbnb.com/rooms/8789,20250619031426,2025-06-19,city scrape,Curved Glass Studio/1bd facing Park,"This unit is for sale. There will need to be occasional showings. This unit is available for a few months at the most. Bright, 1 bed with curved glass windows facing the State House! High ceilings, updated kitchen, elevator building, doorman, laundry on each floor and common roofdeck with amazing view.  Close to everything!","Beacon Hill is a historic neighborhood filled with tradition, brownstones, cobblestone streets, the Boston Common park, the State House, as well as shopping, restaurants and public transportation.",https://a0.muscache.com/pictures/miso/Hosting-8789/original/79276a31-76b8-4a0a-86d3-c2ffef3aeca2.jpeg,26988,https://www.airbnb.com/users/show/26988,Anne,2009-07-22,"Boston, MA","I manage a number of furnished units around Boston and Brookline with my business partner Joseph Morrissey.  I am a Realtor with Unlimited Sotheby's  and do sales/rentals in the greater Boston market.  I also manage a sculpture school/studio with my husband, sculptor Morris Norvin.  Stonybrook Fine Arts, is located in the Boston neighborhood Jamaica Plain across the street from the famous Sam Adams Brewery.  We offer a variety of one day workshops on our calendar including welding, jewelry and metal casting.   Longer classes are available and meet one time each week including the options above as well as mold making, live figure modeling and foundry.  Custom workshops are available for small groups, birthday parties, bachelorette parties, make your own wedding bands, create an engagement ring and team building.  We are happy to arrange a tour of Sam Adams after a daytime workshop not occurring on Sunday.  Contact us for more details to set up your custom event!

",within a day,70%,38%,t,https://a0.muscache.com/im/pictures/user/d7d71322-db4f-45f8-92f7-ec27a50d5773.jpg?aki_policy=profile_small,https://a0.muscache.com/im/pictures/user/d7d71322-db4f-45f8-92f7-ec27a50d5773.jpg?aki_policy=profile_x_medium,Beacon Hill,12,32,"['email', 'phone']",t,t,Neighborhood highlights,Beacon Hill,,42.35867,-71.06307,Entire rental unit,Entire home/apt,2,1.0,1 bath,1.0,2.0,"[""Wine glasses"", ""Essentials"", ""Patio or balcony"", ""Paid parking garage off premises"", ""Clothing storage: closet and dresser"", ""Air conditioning"", ""Smoke alarm"", ""Dishes and silverware"", ""Electric stove"", ""Elevator"", ""Paid washer \u2013 In building"", ""Paid dryer \u2013 In building"", ""Dining table"", ""Long term stays allowed"", ""Coffee maker"", ""Carbon monoxide alarm"", ""Cleaning products"", ""Bed linens"", ""Microwave"", ""TV with standard cable"", ""Hair dryer"", ""Refrigerator"", ""Extra pillows and blankets"", ""Fire extinguisher"", ""Cooking basics"", ""Kitchen"", ""Hot water"", ""Heating"", ""Iron"", ""Wifi"", ""Hangers"", ""Single level home"", ""Bathtub""]",$140.00,91,365,91,91,365,365,91.0,365.0,,t,0,17,29,210,2025-06-19,29,0,0,41,1,0,0.0,2014-08-12,2024-05-15,4.69,4.69,4.55,4.93,4.97,4.97,4.59,,f,8,8,0,0,0.22
9,40601,https://www.airbnb.com/rooms/40601,20250619031426,2025-06-19,city scrape,Private room & bath - Jamaica Plain,"Private bedroom and bathroom in my house in Jamaica Plain, a neighborhood of Boston.  Convenient to public transportation, downtown Boston and the medical centers.  Room has a queen bed. House can accomodate others on a queen air mattress in study.","Jamaica Plain is a diverse neighborhood of Boston that is close to almost everything.  It has a great selection of shops, groceries, restaurants and bars.  One will find professionals, artists, craftsmen, laborers of all ethnicities and of course the hipsters.",https://a0.muscache.com/pictures/508984/678a928d_original.jpg,174986,https://www.airbnb.com/users/show/174986,Robert,2010-07-20,"Boston, MA","Professional single male in commercial real estate.
Outside of work I like walking, working out and drawing.  Have hosted guests from all over the world since 2003.  I look forward to meeting many more.",within a day,100%,88%,t,https://a0.muscache.com/im/users/174986/profile_pic/1279655476/original.jpg?aki_policy=profile_small,https://a0.muscache.com/im/users/174986/profile_pic/1279655476/original.jpg?aki_policy=profile_x_medium,Jamaica Plain,1,1,"['email', 'phone', 'work_email']",t,t,Neighborhood highlights,Jamaica Plain,,42.31347,-71.11082,Private room in home,Private room,2,1.5,1.5 baths,1.0,1.0,"[""Wine glasses"", ""Essentials"", ""Barbecue utensils"", ""Hammock"", ""Drying rack for clothing"", ""Indoor fireplace: gas"", ""Clothing storage: closet and dresser"", ""Baking sheet"", ""Record player"", ""Smoke alarm"", ""Dedicated workspace"", ""Dishes and silverware"", ""BBQ grill: charcoal"", ""Coffee maker: french press, pour-over coffee"", ""Private backyard \u2013 Fully fenced"", ""Books and reading material"", ""Hot water kettle"", ""Free dryer \u2013 In unit"", ""Dining table"", ""Oven"", ""Long term stays allowed"", ""55 inch HDTV with standard cable"", ""Fire pit"", ""Carbon monoxide alarm"", ""Cleaning products"", ""Bed linens"", ""Microwave"", ""Host greets you"", ""Shampoo"", ""Luggage dropoff allowed"", ""Hair dryer"", ""Body soap"", ""Freezer"", ""Free washer \u2013 In unit"", ""Garden view"", ""Refrigerator"", ""Fast wifi \u2013 103 Mbps"", ""Extra pillows and blankets"", ""Private patio or balcony"", ""Outdoor furniture"", ""Fire extinguisher"", ""Dishwasher"", ""Laundromat nearby"", ""Cooking basics"", ""Kitchen"", ""Stainless steel gas stove"", ""Hot water"", ""Heating"", ""Iron"", ""Outdoor dining area"", ""Toaster"", ""First aid kit"", ""Hangers"", ""Exterior security cameras on property"", ""Portable fans"", ""Bathtub"", ""Blender"", ""Central air conditioning"", ""Free street parking""]",$90.00,14,120,14,14,120,120,14.0,120.0,,t,0,11,34,235,2025-06-19,103,4,0,66,4,112,10080.0,2010-08-27,2025-05-11,4.98,4.95,5.0,4.97,4.94,4.93,4.93,STR-551851,f,1,0,1,0,0.57
13,60356,https://www.airbnb.com/rooms/60356,20250619031426,2025-06-19,city scrape,Bookcase 1bd facing Boston Common,"Live beside the Boston Common and the State House in picturesque Beacon Hill!  This sunny 6th floor condo overlooks the Common and the State House, it has parquet wood floors, good closet space and ceiling fans. The building features a concierge, elevator, common roofdeck with amazing views, laundry and rubbish room on each floor. It is conveniently located close to transportation, shopping, restaurants, the Financial District, Government Center and the Theater District.",,https://a0.muscache.com/pictures/e0b12f2f-06c3-42bf-b10c-b2240021b927.jpg,26988,https://www.airbnb.com/users/show/26988,Anne,2009-07-22,"Boston, MA","I manage a number of furnished units around Boston and Brookline with my business partner Joseph Morrissey.  I am a Realtor with Unlimited Sotheby's  and do sales/rentals in the greater Boston market.  I also manage a sculpture school/studio with my husband, sculptor Morris Norvin.  Stonybrook Fine Arts, is located in the Boston neighborhood Jamaica Plain across the street from the famous Sam Adams Brewery.  We offer a variety of one day workshops on our calendar including welding, jewelry and metal casting.   Longer classes are available and meet one time each week including the options above as well as mold making, live figure modeling and foundry.  Custom workshops are available for small groups, birthday parties, bachelorette parties, make your own wedding bands, create an engagement ring and team building.  We are happy to arrange a tour of Sam Adams after a daytime workshop not occurring on Sunday.  Contact us for more details to set up your custom event!

",within a day,70%,38%,t,https://a0.muscache.com/im/pictures/user/d7d71322-db4f-45f8-92f7-ec27a50d5773.jpg?aki_policy=profile_small,https://a0.muscache.com/im/pictures/user/d7d71322-db4f-45f8-92f7-ec27a50d5773.jpg?aki_policy=profile_x_medium,Beacon Hill,12,32,"['email', 'phone']",t,t,,Beacon Hill,,42.35894,-71.0631,Entire rental unit,Entire home/apt,2,1.0,1 bath,1.0,1.0,"[""Essentials"", ""Washer"", ""Air conditioning"", ""Smoke alarm"", ""Dishes and silverware"", ""Paid parking off premises"", ""Elevator"", ""Oven"", ""Long term stays allowed"", ""Carbon monoxide alarm"", ""Microwave"", ""TV with standard cable"", ""Hair dryer"", ""Refrigerator"", ""Fire extinguisher"", ""Dryer"", ""Cooking basics"", ""Kitchen"", ""Hot water"", ""Heating"", ""Iron"", ""Wifi"", ""Hangers"", ""Stove"", ""Coffee maker""]",$100.00,32,365,32,32,365,365,32.0,365.0,,t,0,0,0,170,2025-06-19,19,0,0,1,0,0,0.0,2013-11-10,2020-09-08,4.84,4.89,4.63,4.84,4.89,5.0,4.68,,f,8,8,0,0,0.13
14,67774,https://www.airbnb.com/rooms/67774,20250619031426,2025-06-19,city scrape,Corner 1 bed facing Golden Dome,"Live beside the State House and the Boston Common in picturesque Beacon Hill!  Sunny corner 1 bed facing the State House golden dome! Great location, close to everything, concierge building, elevators, common roofdeck, queen size bed, flat screen TV.","This building is located in the historic area known as Beacon Hill.  It is beside the State House and the Boston Common park.  Beacon Hill is a central location with multiple transportation options, shopping, restaurants, banks, etc.  The Theater District, the Financial District and Government Center are all within in a few blocks.",https://a0.muscache.com/pictures/95ad5d58-7fc3-4f26-a88a-35e1f2b58e6b.jpg,26988,https://www.airbnb.com/users/show/26988,Anne,2009-07-22,"Boston, MA","I manage a number of furnished units around Boston and Brookline with my business partner Joseph Morrissey.  I am a Realtor with Unlimited Sotheby's  and do sales/rentals in the greater Boston market.  I also manage a sculpture school/studio with my husband, sculptor Morris Norvin.  Stonybrook Fine Arts, is located in the Boston neighborhood Jamaica Plain across the street from the famous Sam Adams Brewery.  We offer a variety of one day workshops on our calendar including welding, jewelry and metal casting.   Longer classes are available and meet one time each week including the options above as well as mold making, live figure modeling and foundry.  Custom workshops are available for small groups, birthday parties, bachelorette parties, make your own wedding bands, create an engagement ring and team building.  We are happy to arrange a tour of Sam Adams after a daytime workshop not occurring on Sunday.  Contact us for more details to set up your custom event!

",within a day,70%,38%,t,https://a0.muscache.com/im/pictures/user/d7d71322-db4f-45f8-92f7-ec27a50d5773.jpg?aki_policy=profile_small,https://a0.muscache.com/im/pictures/user/d7d71322-db4f-45f8-92f7-ec27a50d5773.jpg?aki_policy=profile_x_medium,Beacon Hill,12,32,"['email', 'phone']",t,t,Neighborhood highlights,Downtown,,42.35689,-71.06206,Entire condo,Entire home/apt,3,1.0,1 bath,1.0,2.0,"[""Essentials"", ""Washer"", ""Air conditioning"", ""Smoke alarm"", ""Dishes and silverware"", ""Paid parking off premises"", ""Elevator"", ""Long term stays allowed"", ""Carbon monoxide alarm"", ""Microwave"", ""TV with standard cable"", ""Hair dryer"", ""Refrigerator"", ""Fire extinguisher"", ""Dryer"", ""Kitchen"", ""Hot water"", ""Heating"", ""Iron"", ""Wifi"", ""Hangers"", ""Coffee maker""]",$135.00,91,260,91,91,260,260,91.0,260.0,,t,0,0,0,261,2025-06-19,49,0,0,92,1,0,0.0,2012-11-16,2024-05-31,4.84,4.85,4.71,4.9,4.94,4.98,4.81,,f,8,8,0,0,0.32
18,184893,https://www.airbnb.com/rooms/184893,20250619031426,2025-06-19,previous scrape,City Oasis/sleeps 4 near historical sites,That’s beautiful oversized one bedroom is located on a beautiful gaslit street of some of the most beautiful brownstones!,,https://a0.muscache.com/pictures/6726869/d8f4791b_original.jpg,887148,https://www.airbnb.com/users/show/887148,Dawn,2011-07-29,"Boston, MA","Hello!

Thanks for checking out my properties!  

My name is Dawn and I have been living in beautiful historical Charlestown for the last 16 years. My property is near and dear to my heart as this was my grandparents home that I pretty much grew up in and that I bought after they passed away. I recently decided to turn my beautiful peice of property into a place where visitors can come and enjoy all this wonderful city has to offer while staying in a place of history vs a hotel!  You will enjoy staying here and all this city has to offer_ I will make sure of it!  :) 
 
Thank you and I look forward to meeting you!  

Dawn",within a day,60%,14%,f,https://z1.muscache.cn/im/pictures/user/5d84506f-b9c6-4de6-960d-dad8adeb0502.jpg?aki_policy=profile_small,https://z1.muscache.cn/im/pictures/user/5d84506f-b9c6-4de6-960d-dad8adeb0502.jpg?aki_policy=profile_x_medium,Charlestown,11,19,"['email', 'phone']",t,t,,Charlestown,,42.37823,-71.06778,Entire rental unit,Entire home/apt,4,,1 bath,1.0,,"[""Wine glasses"", ""Essentials"", ""Private entrance"", ""Washer"", ""Baking sheet"", ""Air conditioning"", ""Dishes and silverware"", ""Private backyard \u2013 Fully fenced"", ""Hot water kettle"", ""Oven"", ""Room-darkening shades"", ""Long term stays allowed"", ""Cleaning products"", ""Bed linens"", ""Ceiling fan"", ""Microwave"", ""Shampoo"", ""TV with standard cable"", ""Luggage dropoff allowed"", ""Freezer"", ""Garden view"", ""Refrigerator"", ""Clothing storage: closet and wardrobe"", ""Extra pillows and blankets"", ""Private patio or balcony"", ""Dishwasher"", ""Dryer"", ""Cooking basics"", ""Kitchen"", ""Hot water"", ""Shower gel"", ""Heating"", ""Iron"", ""Wifi"", ""Toaster"", ""Hangers"", ""Stove"", ""Free parking on premises""]",,91,1000,91,91,1000,1000,91.0,1000.0,,t,12,12,12,179,2025-06-19,0,0,0,105,0,0,,,,,,,,,,,STR-539322,t,3,2,1,0,
39,646087,https://www.airbnb.com/rooms/646087,20250619031426,2025-06-19,city scrape,1 Bed in Charming Southie Townhouse near BCEC,"One very cozy Private Bedroom in shared house.<br />Includes shared full bathroom and access to main floor. I'm a transplanted southerner, and treat my guests to a full B&B experience. House features two adorable cats, who may likely hide your entire stay if you choose shared option. My home is a 10 minute walk from the convention center, close to all the hot-spots in the Seaport and South Boston area and four blocks from the beach!","Quiet neighborhood feel within close proximity to all Boston has to offer. Easy walk to the beach, restaurants, grocery stores and shops.<br />Very walkable to The Boston Convention and Exhibition Center and South Boston Seaport district.",https://a0.muscache.com/pictures/8363065/f7de2605_original.jpg,3236611,https://www.airbnb.com/users/show/3236611,Ingrid,2012-08-12,"Boston, MA","Hi,
 I am a professional musician. I work as a performer, singer/songwriter and producer. I travel often while on tour or recording. I am naturally a home oriented person, so you will find my home cozy, eclectic and comfortable.",within a day,100%,0%,f,https://a0.muscache.com/im/pictures/user/7b87423a-82ad-4a91-be69-ccb6ec37b638.jpg?aki_policy=profile_small,https://a0.muscache.com/im/pictures/user/7b87423a-82ad-4a91-be69-ccb6ec37b638.jpg?aki_policy=profile_x_medium,South Boston,1,1,"['email', 'phone']",t,t,Neighborhood highlights,South Boston,,42.33451,-71.04983,Private room in townhouse,Private room,1,1.0,1 shared bath,1.0,1.0,"[""Essentials"", ""Washer"", ""Patio or balcony"", ""Air conditioning"", ""Smoke alarm"", ""Dishes and silverware"", ""Breakfast"", ""Carbon monoxide alarm"", ""Microwave"", ""Host greets you"", ""Shampoo"", ""TV with standard cable"", ""Hair dryer"", ""Refrigerator"", ""Fire extinguisher"", ""Lock on bedroom door"", ""Dryer"", ""Cooking basics"", ""Kitchen"", ""Hot water"", ""Backyard"", ""Heating"", ""Iron"", ""Wifi"", ""First aid kit"", ""Hangers"", ""Coffee maker"", ""Free street parking""]",$213.00,2,7,2,2,7,7,2.0,7.0,,t,0,0,16,106,2025-06-19,8,0,0,106,0,0,0.0,2016-06-18,2022-05-30,5.0,5.0,5.0,5.0,5.0,4.88,4.75,STR-398090,f,1,0,1,0,0.07
57,1092093,https://www.airbnb.com/rooms/1092093,20250619031426,2025-06-19,city scrape,Duplex Penthouse in Longwood Area,"Traditional Brownstone on a tree lined street located minutes from the Longwood Medical Area. Top floor 1 bedroom duplex penthouse with skylights in a 3rd floor walk-up with refinished wood floors, 2 full baths, in-unit laundry,  eat-in-kitchen with granite counters and a deck off of the bedroom. The bedroom overlooks the living room with a railing and there is a sleeper couch.","Great location! Walk to the Longwood Medical Area, the Green and Orange lines, restaurants, banking, groceries and a drug store. Easy commute to downtown.",https://a0.muscache.com/pictures/4491208d-b26d-41d7-85d3-b79cb952c9ef.jpg,26988,https://www.airbnb.com/users/show/26988,Anne,2009-07-22,"Boston, MA","I manage a number of furnished units around Boston and Brookline with my business partner Joseph Morrissey.  I am a Realtor with Unlimited Sotheby's  and do sales/rentals in the greater Boston market.  I also manage a sculpture school/studio with my husband, sculptor Morris Norvin.  Stonybrook Fine Arts, is located in the Boston neighborhood Jamaica Plain across the street from the famous Sam Adams Brewery.  We offer a variety of one day workshops on our calendar including welding, jewelry and metal casting.   Longer classes are available and meet one time each week including the options above as well as mold making, live figure modeling and foundry.  Custom workshops are available for small groups, birthday parties, bachelorette parties, make your own wedding bands, create an engagement ring and team building.  We are happy to arrange a tour of Sam Adams after a daytime workshop not occurring on Sunday.  Contact us for more details to set up your custom event!

",within a day,70%,38%,t,https://a0.muscache.com/im/pictures/user/d7d71322-db4f-45f8-92f7-ec27a50d5773.jpg?aki_policy=profile_small,https://a0.muscache.com/im/pictures/user/d7d71322-db4f-45f8-92f7-ec27a50d5773.jpg?aki_policy=profile_x_medium,Beacon Hill,12,32,"['email', 'phone']",t,t,Neighborhood highlights,Mission Hill,,42.33395767211914,-71.10222625732422,Entire rental unit,Entire home/apt,2,2.0,2 baths,1.0,1.0,"[""Essentials"", ""Patio or balcony"", ""Clothing storage: closet and dresser"", ""Smoke alarm"", ""Dishes and silverware"", ""Paid parking off premises"", ""Self check-in"", ""Free dryer \u2013 In unit"", ""Long term stays allowed"", ""Coffee maker"", ""Carbon monoxide alarm"", ""Cleaning products"", ""Bed linens"", ""Microwave"", ""TV with standard cable"", ""Hair dryer"", ""Luggage dropoff allowed"", ""Free washer \u2013 In unit"", ""Refrigerator"", ""Extra pillows and blankets"", ""Lockbox"", ""Window AC unit"", ""Fire extinguisher"", ""Cooking basics"", ""Kitchen"", ""Hot water"", ""Heating"", ""Iron"", ""Wifi"", ""Hangers"", ""Bathtub""]",$135.00,91,260,91,91,260,260,91.0,260.0,,t,8,8,8,174,2025-06-19,31,0,0,8,0,0,0.0,2013-05-30,2023-04-30,4.68,4.87,4.6,4.9,4.76,4.83,4.72,,f,8,8,0,0,0.21
73,1682936,https://www.airbnb.com/rooms/1682936,20250619031426,2025-06-19,previous scrape,Charming 2 level Apartment,"Beautiful apartment  centrally located and only a 5 min.walk from the orangeline<br />""T"" station.<br />Coveniently located near shops, supermarket,  medical area and universities.  Window air conditioning. Full kitchen. 2 days<br />minimum stay, deposit required.",Located across Marcella park and a short walk  to our adjecent neighborhood Jamaica Plain which offers charming little restaurants and unique little boutiques plus two supermarkets and a vibrant and diverse community.,https://a0.muscache.com/pictures/23456a21-98a1-4b4d-bf6a-f87add812ef6.jpg,8898973,https://www.airbnb.com/users/show/8898973,Gianni,2013-09-17,"Boston, MA","Friendly,responsible and profesional.",within a day,80%,67%,f,https://a0.muscache.com/im/users/8898973/profile_pic/1380147848/original.jpg?aki_policy=profile_small,https://a0.muscache.com/im/users/8898973/profile_pic/1380147848/original.jpg?aki_policy=profile_x_medium,Roxbury,4,4,"['email', 'phone']",t,t,Neighborhood highlights,Back Bay,,42.349278,-71.087074,Entire rental unit,Entire home/apt,2,,1.5 baths,1.0,,"[""Wine glasses"", ""Essentials"", ""Washer"", ""Baking sheet"", ""Clothing storage: closet"", ""Air conditioning"", ""Smoke alarm"", ""Dishes and silverware"", ""Hot water kettle"", ""Self check-in"", ""Dining table"", ""Oven"", ""Carbon monoxide alarm"", ""Ceiling fan"", ""Microwave"", ""Shampoo"", ""Hair dryer"", ""Freezer"", ""Garden view"", ""Refrigerator"", ""Extra pillows and blankets"", ""Lockbox"", ""Fire extinguisher"", ""Ethernet connection"", ""TV"", ""Dishwasher"", ""Dryer"", ""Cooking basics"", ""Kitchen"", ""Hot water"", ""Generic body soap"", ""Backyard"", ""Heating"", ""Conditioner"", ""Iron"", ""Wifi"", ""Toaster"", ""Hangers"", ""Safe"", ""Stove"", ""Coffee maker""]",,30,730,30,30,730,730,30.0,730.0,,t,7,13,13,26,2025-06-19,236,1,0,26,2,60,,2014-02-28,2024-06-27,4.84,4.91,4.9,4.88,4.79,4.54,4.79,Exempt: This listing is a unit used for furnished institutional or business stays,f,4,4,0,0,1.71
74,1692573,https://www.airbnb.com/rooms/1692573,20250619031426,2025-06-19,city scrape,Urban oasis trendy JP 'hood - suite,"PLEASE NOTE: This space is the entire third floor of our house and shares an entrance and stairway with the rest of the house.<br /><br />Entire third floor of our historic Victorian home with equal doses of period detail and contemporary design will be yours. 2 bedroom, 1 bath, lounge area w/dining nook.  Artsy neighborhood with great urban vibe, lots of green space, close to T.",,https://a0.muscache.com/pictures/75644887/4c963a78_original.jpg,8814724,https://www.airbnb.com/users/show/8814724,Kelly,2013-09-13,,"We're Kelly, Phil, and Campbell (our 9-year old son, well he’s 16 now).  We love living in our JP neighborhood, walking to parks, riding bikes, geo caching, and drinking great coffee!  When we're not in JP, we're in the mountains or exploring remote parts of the world.  Come visit!!",within a day,100%,72%,t,https://a0.muscache.com/im/users/8814724/profile_pic/1379624673/original.jpg?aki_policy=profile_small,https://a0.muscache.com/im/users/8814724/profile_pic/1379624673/original.jpg?aki_policy=profile_x_medium,Jamaica Plain,2,2,"['email', 'phone']",t,t,,Jamaica Plain,,42.31293,-71.11527,Entire home,Entire home/apt,4,1.0,1 bath,2.0,3.0,"[""Essentials"", ""Smoke alarm"", ""Dishes and silverware"", ""Crib"", ""Self check-in"", ""Carbon monoxide alarm"", ""Bed linens"", ""Microwave"", ""Shampoo"", ""Children\u2019s books and toys"", ""TV with standard cable"", ""Hair dryer"", ""Luggage dropoff allowed"", ""Pack \u2019n play/Travel crib"", ""Refrigerator"", ""Lockbox"", ""Fire extinguisher"", ""Baby safety gates"", ""Cooking basics"", ""Hot water"", ""Heating"", ""Wifi"", ""Hangers"", ""Coffee maker"", ""Central air conditioning"", ""Free street parking""]",$214.00,2,1125,2,2,1125,1125,2.0,1125.0,,t,1,6,17,270,2025-06-19,319,29,3,101,30,174,37236.0,2013-10-26,2025-06-16,4.91,4.91,4.96,4.94,4.95,4.93,4.85,STR-447499,f,1,1,0,0,2.25
75,1721016,https://www.airbnb.com/rooms/1721016,20250619031426,2025-06-19,city scrape,Quiet Sunlit Attic Studio,"Attic studio in Roslindale Village, hardwood floors, <br />large open floor plan, skylights,private bathroom and small kitchenette<br />Easy access to T, commuter rail, bus-lines,<br />Walk to restaurants,bakery and Arnold Arboretum.<br />Separate entrance in back.","Roslindale Village is the area of Boston where the house is.  It is one of Boston's premier neighborhoods--truly a ""village"" feel within the busy city. A pleasant 8-minute walk from the center of Roslindale Village and you are back home! Straight up Birch Street!  (from the Birch Street Bistrot for example!!)",https://a0.muscache.com/pictures/914d08ed-26b6-416f-8f3e-75489df218bd.jpg,7723912,https://www.airbnb.com/users/show/7723912,Fiona,2013-07-25,"Boston, MA","Bonjour 
Nous habitons à Boston aux Etats Unis. On est professeur dans un lycée dans un beau quartier près de Boston.
On voyage beaucoup et on adore parler les autres langues.  On a fait plusieurs échanges de maisons, donc on comprend l'importance de respecter les biens des autrui.
On a préparé un livre avec tous les renseignements de la maison et de la région de la 
côte Est pour que les voyageurs profitent de ce beau pays.",within a day,100%,57%,f,https://a0.muscache.com/im/users/7723912/profile_pic/1381245542/original.jpg?aki_policy=profile_small,https://a0.muscache.com/im/users/7723912/profile_pic/1381245542/original.jpg?aki_policy=profile_x_medium,Roslindale,2,7,"['email', 'phone']",t,t,Neighborhood highlights,Roslindale,,42.28639,-71.13199,Entire loft,Entire home/apt,2,1.5,1.5 baths,1.0,1.0,"[""Essentials"", ""Carbon monoxide alarm"", ""Hot water"", ""Kitchen"", ""Free street parking"", ""Garden view"", ""Heating"", ""Smoke alarm"", ""Wifi"", ""First aid kit"", ""Hangers"", ""Dedicated workspace"", ""Window AC unit"", ""Long term stays allowed"", ""TV"", ""Shampoo"", ""Hair dryer""]",$99.00,29,365,29,29,365,365,29.0,365.0,,t,18,48,78,353,2025-06-19,13,2,1,184,2,116,11484.0,2016-04-19,2025-06-05,4.92,4.92,5.0,4.92,4.92,4.77,4.85,,f,2,2,0,0,0.12
76,1724900,https://www.airbnb.com/rooms/1724900,20250619031426,2025-06-19,city scrape,Charming sunlit house in Boston,"A beautiful house in Rolsindale village an attractive part of Boston.<br />Hard wood floors with lots of light, 2 bedrooms and large kitchen and dining room, living room, and study. Easy walk to restaurants and shops, walk to commuter rail in 5 minutes.","A friendly neighborhood with many small restaurants and cafés, a library,<br />ice cream shop, children's park and Arnold Arboretum all within walking distance.",https://a0.muscache.com/pictures/6ee29b73-6abc-4022-9ebb-d713d42d0673.jpg,7723912,https://www.airbnb.com/users/show/7723912,Fiona,2013-07-25,"Boston, MA","Bonjour 
Nous habitons à Boston aux Etats Unis. On est professeur dans un lycée dans un beau quartier près de Boston.
On voyage beaucoup et on adore parler les autres langues.  On a fait plusieurs échanges de maisons, donc on comprend l'importance de respecter les biens des autrui.
On a préparé un livre avec tous les renseignements de la maison et de la région de la 
côte Est pour que les voyageurs profitent de ce beau pays.",within a day,100%,57%,f,https://a0.muscache.com/im/users/7723912/profile_pic/1381245542/original.jpg?aki_policy=profile_small,https://a0.muscache.com/im/users/7723912/profile_pic/1381245542/original.jpg?aki_policy=profile_x_medium,Roslindale,2,7,"['email', 'phone']",t,t,Neighborhood highlights,Roslindale,,42.28447,-71.13301,Entire home,Entire home/apt,4,1.0,1 bath,2.0,2.0,"[""Wine glasses"", ""Essentials"", ""Private entrance"", ""Smoke alarm"", ""Dedicated workspace"", ""Dishes and silverware"", ""Hot water kettle"", ""Oven"", ""Long term stays allowed"", ""Coffee maker"", ""Carbon monoxide alarm"", ""Bed linens"", ""Ceiling fan"", ""Microwave"", ""Shampoo"", ""Children\u2019s books and toys"", ""Hair dryer"", ""Freezer"", ""Refrigerator"", ""Extra pillows and blankets"", ""Window AC unit"", ""TV"", ""Laundromat nearby"", ""Cooking basics"", ""Kitchen"", ""Hot water"", ""Rice maker"", ""Heating"", ""Iron"", ""Wifi"", ""Toaster"", ""First aid kit"", ""Hangers"", ""Stove"", ""Portable fans"", ""Bathtub"", ""Free parking on premises"", ""Free street parking""]",$215.00,29,365,29,29,365,365,29.0,365.0,,t,0,17,47,322,2025-06-19,44,0,0,153,0,0,0.0,2013-10-27,2020-11-30,4.61,4.86,4.81,4.95,4.79,4.56,4.65,,f,2,2,0,0,0.31
80,1819994,https://www.airbnb.com/rooms/1819994,20250619031426,2025-06-19,city scrape,"RIVERVIEWS-Walk Everywhere! Central, Safe LOCATION","MEDICAL STAFF/ Rotations-Temporary Assignment? LOCATION!  Best safe, central, walkable city location. Fabulous CITY/RIVER VIEWS from triple bay window seat!!  Great for joggers, sailors, outdoor concert/picnic goers!  Wood floors, marble countertops, comfortable queen Murphy bed. Fully furnished, free laundry. 2 min to subways/buses. Museums, concerts, food markets,RedSox, hospitals, universities,dining- 5-25 min walk.NO PETS, sorry.Available long term, book first 3 months through AirBnB please.","Ours is a historic neighborhood, all of Back Bay is built upon moist wooden pilings, typical circa 1890. Buildings are brick, several stories, built as single family homes at the turn of the century, nowadays are converted to condos. Non-concierge type buildings, usually owner occupied. I always notice some architectural detail of interest when walking, always something new!  Winding staircases, architectural details in woodwork,windows, small gardens, iron gates, and entrances. Close to several UNIVERSITIES, (BU, Northeastern, Emmanuel, MIT, Harvard Medical School, and Harvard main campus just across the River, #1 bus or M2 free), and several HOSPITALS (Dana Farber, Childrens, Longwood, Beth Israel Deaconess). We are located in Back Bay/Charlesgate/Kenmore area, and a 2 minute walk to Kenmore Green Subways and bus shuttles.",https://a0.muscache.com/pictures/28ae5997-b900-43a3-9372-bf8bc29c38f6.jpg,9529655,https://www.airbnb.com/users/show/9529655,Suzanne,2013-10-20,"Boston, MA","Professional Woman. Social. Friendly, a 'people person',also respect quiet, private time. Well educated, well read. Independent world traveller. Young spirited, mature lady. Knowledgeable @ culture and events in city. Enjoy Symphony, Live Theatre, foreign cinema, and Opera, hospitals, Harvard Med School, MIT, BU, and sailing. All are walkable from this apartment!",within a day,100%,,f,https://a0.muscache.com/im/users/9529655/profile_pic/1437620655/original.jpg?aki_policy=profile_small,https://a0.muscache.com/im/users/9529655/profile_pic/1437620655/original.jpg?aki_policy=profile_x_medium,Fenway/Kenmore,7,9,"['email', 'phone']",t,t,Neighborhood highlights,Fenway,,42.34981,-71.09476,Entire condo,Entire home/apt,1,1.0,1 bath,2.0,1.0,"[""Essentials"", ""Private entrance"", ""Washer"", ""Air conditioning"", ""Smoke alarm"", ""Long term stays allowed"", ""Carbon monoxide alarm"", ""Host greets you"", ""Shampoo"", ""TV with standard cable"", ""Hair dryer"", ""Fire extinguisher"", ""Dryer"", ""Indoor fireplace"", ""Kitchen"", ""Hot water"", ""Heating"", ""Iron"", ""Wifi"", ""First aid kit"", ""Hangers"", ""Paid parking on premises""]",$258.00,91,365,91,91,365,365,91.0,365.0,,t,27,57,87,362,2025-06-19,2,0,0,193,0,0,0.0,2015-10-18,2018-05-24,4.0,4.5,3.0,3.5,4.5,5.0,3.5,,f,4,4,0,0,0.02
87,2126053,https://www.airbnb.com/rooms/2126053,20250619031426,2025-06-19,city scrape,"Studio, w kitchenette, in owner's Beacon Hill home","This studio, located smack dab in the city center, has you living in Boston's history, with coffee shops, indie stores, bike rentals, groceries and other necessities. This guest room, in my home, is completely private, with a separate entrance and set up for short-term, ie closets and such are empty, but cooking equipment, toiletries, linens are complete. Real queen-sized bed, kitchenette, private bath has a shower. Surprisingly quiet city living. Be aware of two stair flights, check photos.","The best part of Beacon Hill, for me, is the architecture and tasteful ways that people have adapted their buildings over the years.  A rich history is woven into the fabric of every street, so much so that one can feel a part of America's past, both distant and near.  The adjacent parks offer a delightful counterpoint to the buildings, with the colorful flowers and green of lawns and trees (think shade in the summer, besides amazing specimen trees in the Public Garden), and the refreshing feeling from the water resources, be it the Charles River or the ponds.  The residential areas are intersected with two main shopping streets. The vast majority of the businesses are locally owned and serve the local population, as well as you the visitor who can blend right into our neighborhood.",https://a0.muscache.com/pictures/bf5b1eeb-9f7c-4a1d-80fb-7caa51ce9178.jpg,10844648,https://www.airbnb.com/users/show/10844648,Janet,2013-12-27,"Boston, MA","Like you I enjoy traveling, and especially like to find a comfortable and clean place to rest.  I hope you find that place in the studio apartment in my home.  As a Peace Corps Volunteer I lived in Yalta, Ukraine, shortly after the breakup of the Soviet Union.  That afforded me the opportunity to travel throughout Eastern Europe and Russia.  Since then I have worked in the Balkans, and have also traveled throughout Africa.  Currently I am focused on the trafficking of women and other aspects of modern day slavery, and am looking forward to new horizons.

One of the great things that I enjoy in Boston is it’s open space.  My home is located within several blocks of three of those great parks.  Another great treasure in the Boston area--and one of the reasons that I moved to Boston--is it’s location on the ocean, and the opportunity to sail.  You can go on whale watches, cruises around the harbor, or take the water taxi to visit Old Ironsides.  Boston also has wonderful museums and a great public transportation system to take you there.
",within a day,67%,73%,f,https://a0.muscache.com/im/users/10844648/profile_pic/1388174117/original.jpg?aki_policy=profile_small,https://a0.muscache.com/im/users/10844648/profile_pic/1388174117/original.jpg?aki_policy=profile_x_medium,Beacon Hill,1,1,"['email', 'phone']",t,t,Neighborhood highlights,Beacon Hill,,42.35771,-71.06978,Entire rental unit,Entire home/apt,2,1.0,1 bath,0.0,1.0,"[""Essentials"", ""Air conditioning"", ""Smoke alarm"", ""Dedicated workspace"", ""Dishes and silverware"", ""Paid parking off premises"", ""Self check-in"", ""Oven"", ""Long term stays allowed"", ""Carbon monoxide alarm"", ""Bed linens"", ""Microwave"", ""Shampoo"", ""TV with standard cable"", ""Hair dryer"", ""Luggage dropoff allowed"", ""Refrigerator"", ""Extra pillows and blankets"", ""Lockbox"", ""Fire extinguisher"", ""Cooking basics"", ""Kitchen"", ""Hot water"", ""Heating"", ""Iron"", ""Wifi"", ""Hangers"", ""Stove"", ""Coffee maker""]",$190.00,29,1125,29,29,1125,1125,29.0,1125.0,,t,0,8,24,232,2025-06-19,129,5,0,63,7,255,48450.0,2014-04-14,2025-03-05,4.84,4.85,4.87,4.91,4.92,4.99,4.68,STR-395757,f,1,1,0,0,0.95
92,2378421,https://www.airbnb.com/rooms/2378421,20250619031426,2025-06-19,city scrape,Light-filled Private Suite on Beautiful Street,"In the heart of hip JPVillage. Peaceful - and private - 3rd floor suite  - in our home. This is a great place to be based for visiting Boston: attending conferences, seeing your kids, the various hospital complexes and the sights. Two minute walk to Jamaica Pond and five minute walk to one of Boston's park gems, the Arnold Arboretum. Plenty of Hubway bicycle kiosks as well as bus and ""T"" access close by.",JP is a diverse and artistic Boston neighborhood -  great little places to eat and get coffee; the BEST outdoor spaces with Jamaica Pond and the Arboretum as well as museums minutes away and downtown Boston a short subway or bus ride away.,https://a0.muscache.com/pictures/31677283/264c69f4_original.jpg,12150111,https://www.airbnb.com/users/show/12150111,Antoinette,2014-02-11,"Boston, MA","Our family has appreciated using AirBNB in many different parts of the world. Some of our most unforgettable airbnb spots have felt a bit like our place - cozy and personal but not intrusively so. We have a comfortable house in a beautiful neighborhood easily accessible by public transportation with guest quarters that offer privacy and comfort.   
We are active athletic people that enjoy going places to do something - cycle, ski, play tennis etc",within a day,100%,88%,t,https://a0.muscache.com/im/pictures/user/8dd0a223-ab91-4835-a595-5754a887986c.jpg?aki_policy=profile_small,https://a0.muscache.com/im/pictures/user/8dd0a223-ab91-4835-a595-5754a887986c.jpg?aki_policy=profile_x_medium,Jamaica Plain,1,2,"['email', 'phone']",t,f,Neighborhood highlights,Jamaica Plain,,42.31146,-71.11947,Entire guest suite,Entire home/apt,2,1.0,1 bath,1.0,2.0,"[""Essentials"", ""Private entrance"", ""Patio or balcony"", ""Smoke alarm"", ""Dedicated workspace"", ""Backyard - Fully fenced"", ""Self check-in"", ""Carbon monoxide alarm"", ""Cleaning products"", ""Free dryer \u2013 In building"", ""Bed linens"", ""Shampoo"", ""Luggage dropoff allowed"", ""Hair dryer"", ""Body soap"", ""Refrigerator"", ""Free washer \u2013 In building"", ""Extra pillows and blankets"", ""Fire extinguisher"", ""Hot water"", ""Smart lock"", ""Shower gel"", ""Heating"", ""Conditioner"", ""Iron"", ""Wifi"", ""Hangers"", ""Bathtub"", ""Central air conditioning"", ""Free street parking""]",$180.00,2,14,2,2,14,14,2.0,14.0,,t,4,15,28,98,2025-06-19,202,18,3,98,15,108,19440.0,2014-04-21,2025-06-08,4.96,4.95,4.99,4.96,4.97,4.97,4.88,STR-545109,f,1,1,0,0,1.49
102,2864688,https://www.airbnb.com/rooms/2864688,20250619031426,2025-06-19,city scrape,Beautiful 3 bedroom 2 bath apt in Charlestown,Beautiful 3 bedroom 2 bathroom 2 level apartment in the historic part of Boston CHARLESTOWN!,,https://a0.muscache.com/pictures/3ff8d79a-07fb-410f-9c5b-abb03ef61ab6.jpg,887148,https://www.airbnb.com/users/show/887148,Dawn,2011-07-29,"Boston, MA","Hello!

Thanks for checking out my properties!  

My name is Dawn and I have been living in beautiful historical Charlestown for the last 16 years. My property is near and dear to my heart as this was my grandparents home that I pretty much grew up in and that I bought after they passed away. I recently decided to turn my beautiful peice of property into a place where visitors can come and enjoy all this wonderful city has to offer while staying in a place of history vs a hotel!  You will enjoy staying here and all this city has to offer_ I will make sure of it!  :) 
 
Thank you and I look forward to meeting you!  

Dawn",within a day,60%,14%,f,https://z1.muscache.cn/im/pictures/user/5d84506f-b9c6-4de6-960d-dad8adeb0502.jpg?aki_policy=profile_small,https://z1.muscache.cn/im/pictures/user/5d84506f-b9c6-4de6-960d-dad8adeb0502.jpg?aki_policy=profile_x_medium,Charlestown,11,19,"['email', 'phone']",t,t,,Charlestown,,42.38148,-71.06967,Entire condo,Entire home/apt,5,2.0,2 baths,3.0,4.0,"[""Kitchen"", ""Washer"", ""Self check-in"", ""Dryer"", ""Keypad""]",$150.00,91,352,91,91,352,352,91.0,352.0,,t,30,60,90,365,2025-06-19,0,0,0,196,0,0,0.0,,,,,,,,,,Exempt: This listing is a unit that has contracts with hospitals,f,3,2,1,0,
126,4000384,https://www.airbnb.com/rooms/4000384,20250619031426,2025-06-19,city scrape,Sunlit room with private bath,"Beautiful room in Queen Anne Victorian with luxurious private bathroom. Steps away from subway; minutes to downtown Boston. Or, stay in Jamaica Plain and enjoy this burgeoning neighborhood with restaurants and shops galore!",the neighborhood is exactly that ... a neighborhood with large Victorian mostly single family homes,https://a0.muscache.com/pictures/50311580/e2ef7c86_original.jpg,10910804,https://www.airbnb.com/users/show/10910804,Evelyn,2013-12-30,"Boston, MA",I have worked in nonprofits my entire career and I love it. And I am looking forward to retiring soon.,within a day,75%,84%,t,https://a0.muscache.com/im/users/10910804/profile_pic/1409447371/original.jpg?aki_policy=profile_small,https://a0.muscache.com/im/users/10910804/profile_pic/1409447371/original.jpg?aki_policy=profile_x_medium,Jamaica Plain,1,1,"['email', 'phone']",t,t,Neighborhood highlights,Jamaica Plain,,42.31826,-71.09956,Private room in home,Private room,2,1.0,1 private bath,1.0,1.0,"[""Essentials"", ""Air conditioning"", ""Smoke alarm"", ""Shared patio or balcony"", ""Dedicated workspace"", ""Dishes and silverware"", ""Clothing storage"", ""Breakfast"", ""Carbon monoxide alarm"", ""Bed linens"", ""Microwave"", ""Host greets you"", ""Shampoo"", ""Luggage dropoff allowed"", ""Hair dryer"", ""Refrigerator"", ""Extra pillows and blankets"", ""Dishwasher"", ""Hot water"", ""Backyard"", ""Heating"", ""Wifi"", ""Hangers"", ""Coffee maker"", ""Free street parking""]",$110.00,2,10,2,2,10,10,2.0,10.0,,t,4,13,28,254,2025-06-19,227,16,0,96,31,96,10560.0,2014-09-01,2025-05-12,4.92,4.98,5.0,4.92,4.92,4.77,4.93,STR-529704,f,1,0,1,0,1.73
133,4233242,https://www.airbnb.com/rooms/4233242,20250619031426,2025-06-19,city scrape,Quiet Artist's Retreat,"Private bedroom in a beautiful Victorian house walking distance to restaurants, shops, and steps to the subway.   Located in a relaxed artistic home, your room is quiet and private with access to a gourmet kitchen, deck, and comfortable reading area in the dining room.","Jamaica Plain is the best neighborhood in the Boston area, bar none!  Surrounded by parks and green space, JP is unique and diverse.   With restaurants that range from gourmet treasures to down-home ethnic hangouts, we can please all palettes.  Art galleries, pubs, and live music venues round out the experience.  You may never want to leave our ""village"" but you can easily venture out to Boston proper via the convenient subway system (one block from my house) or rent a bike at the station via Hubway and bike the city on one of the many bike paths within easy reach of the house.  <br /><br />Jamaica Plain is a community of artists, musicians, writers, and everything in between.  We pride ourselves on our diversity, friendliness, and commitment to community.  Come visit and you'll want to stay!",https://a0.muscache.com/pictures/53174554/6e4c580c_original.jpg,197327,https://www.airbnb.com/users/show/197327,Melissa,2010-08-10,"Boston, MA","Well-traveled artist who loves music, good books, and making new friends.  I have lived in Jamaica Plain for over 30 years and can provide many insider travel tips to JP and Boston.  I have a sweet chocolate lab who is always happy to meet new people but is also good about giving you space, if you prefer.  My house is well-loved Victorian built by the designer of the official American baseball back in the 1880's.   It is a warm and welcoming place to come home to and if you like, share a glass of wine.   ",within a day,100%,47%,f,https://a0.muscache.com/im/users/197327/profile_pic/1412100752/original.jpg?aki_policy=profile_small,https://a0.muscache.com/im/users/197327/profile_pic/1412100752/original.jpg?aki_policy=profile_x_medium,Jamaica Plain,2,2,"['email', 'phone', 'work_email']",t,t,Neighborhood highlights,Jamaica Plain,,42.31246,-71.10793,Private room in rental unit,Private room,1,1.0,1 shared bath,1.0,1.0,"[""Wine glasses"", ""Essentials"", ""Washer"", ""Patio or balcony"", ""Air conditioning"", ""Smoke alarm"", ""Dishes and silverware"", ""Oven"", ""Carbon monoxide alarm"", ""Microwave"", ""Ceiling fan"", ""Shampoo"", ""Host greets you"", ""Hair dryer"", ""Refrigerator"", ""Fire extinguisher"", ""Dryer"", ""Cooking basics"", ""Kitchen"", ""Hot water"", ""Heating"", ""Wifi"", ""Toaster"", ""First aid kit"", ""Stove"", ""Portable fans"", ""Coffee maker"", ""Free street parking""]",$85.00,29,120,29,29,120,120,29.0,120.0,,t,0,17,47,322,2025-06-19,50,2,1,153,1,116,9860.0,2014-10-05,2025-05-31,4.7,4.76,4.6,4.86,4.9,4.86,4.63,STR-416301,f,2,0,2,0,0.38
142,4410765,https://www.airbnb.com/rooms/4410765,20250619031426,2025-06-19,city scrape,"Grt Location, Big 3 Bed, Nr all Colleges, parking","Beautiful 3 bed apt, 2 baths. Avail for min stay 60 nights. Discount for longer stays.<br />Full apt (Not shared). Quiet & safe neighborhood (Brighton, Boston). V Flexible dates, Parking included.<br />Close to Charles river (250 yds/200 m), less than 1.5 mi Harvard B.S. Within 2 m (3km) of Harvard Sq, 2 miles to BC, 2m to BU. Close to Bars/Restaurants, bus 50 yd. T v close by. Beds; Master- King size, 2nd fullsize, 3rd futon; + fold out couch.<br />55' flat screen TV, Netflix, Hi speed Wifi, Fully furnished","Very close to the Charles river and convenient for exploring everything Boston has to offer. Very quiet and safe residential street.<br />Less than a mile to the NEW CENTER of Asian cuisine in Boston - Allston Village. An enormous variety and number of Asian, and various other, restauarants - a buzzing culinary scene !<br />Very Close to Harvard,  MIT, Boston College, Boston University, Northeastern, and all the hospitals.",https://a0.muscache.com/pictures/08e08711-8def-439a-af63-e18fb8b57982.jpg,9795590,https://www.airbnb.com/users/show/9795590,Patrick,2013-11-03,"Boston, MA","Horse trainer, Brewer",within a day,50%,67%,f,https://a0.muscache.com/im/users/9795590/profile_pic/1414424134/original.jpg?aki_policy=profile_small,https://a0.muscache.com/im/users/9795590/profile_pic/1414424134/original.jpg?aki_policy=profile_x_medium,Allston-Brighton,1,2,"['email', 'phone']",t,t,Neighborhood highlights,Brighton,,42.35309,-71.14822,Entire home,Entire home/apt,5,2.0,2 baths,3.0,4.0,"[""Wine glasses"", ""Essentials"", ""Dedicated workspace"", ""Bikes"", ""Books and reading material"", ""Self check-in"", ""Free dryer \u2013 In unit"", ""Oven"", ""Bed linens"", ""Microwave"", ""Children\u2019s books and toys"", ""Outdoor playground"", ""Fireplace guards"", ""Lockbox"", ""Cooking basics"", ""Kitchen"", ""Outdoor dining area"", ""Beach essentials"", ""Iron"", ""Stove"", ""Indoor fireplace: gas"", ""Clothing storage: closet and dresser"", ""Dishes and silverware"", ""Hot water kettle"", ""Room-darkening shades"", ""Freezer"", ""Free washer \u2013 In unit"", ""Refrigerator"", ""Pets allowed"", ""Outdoor furniture"", ""Private patio or balcony"", ""Window AC unit"", ""Sound system"", ""Crib - available upon request"", ""Baby monitor"", ""Central heating"", ""Coffee maker"", ""HDTV with Fire TV, Netflix, premium cable, DVD player"", ""Free street parking"", ""Baking sheet"", ""Smoke alarm"", ""Baby bath - available upon request"", ""Portable heater"", ""Dining table"", ""Carbon monoxide alarm"", ""Cleaning products"", ""Host greets you"", ""Shampoo"", ""Luggage dropoff allowed"", ""Table corner guards"", ""Extra pillows and blankets"", ""Ethernet connection"", ""Dishwasher"", ""Rice maker"", ""Conditioner"", ""Radiant heating"", ""Private backyard \u2013 Not fully fenced"", ""Portable fans"", ""Folding or convertible high chair - available upon request"", ""Outlet covers"", ""Barbecue utensils"", ""Private entrance"", ""Drying rack for clothing"", ""BBQ grill"", ""Long term stays allowed"", ""Fire pit"", ""Ceiling fan"", ""Hair dryer"", ""Pack \u2019n play/Travel crib"", ""Body soap"", ""Board games"", ""Fire extinguisher"", ""Hot water"", ""Wifi"", ""Toaster"", ""First aid kit"", ""Hangers"", ""Free parking on premises"", ""Blender""]",$160.00,45,270,29,45,270,270,43.7,270.0,,t,0,15,18,232,2025-06-19,15,3,0,63,2,255,40800.0,2015-10-29,2025-04-09,4.67,4.67,4.53,4.93,4.93,4.73,4.67,,f,1,1,0,0,0.13
169,5049582,https://www.airbnb.com/rooms/5049582,20250619031426,2025-06-19,city scrape,Quiet room - Great location!,This room is quiet and cozy and located on the third floor of a large Victorian house in lively Jamaica Plain.  It is ideal for single traveler (or couple for shorter stays).  Perfect for a visiting scholar or researcher as it is close to hospitals and universities.,"Vibrant, diverse, creative, and fun.  JP is the best neighborhood in Boston - okay, I may be a bit biased!  There are excellent restaurants, galleries, boutique shops, and fun pubs all within walking distance.",https://a0.muscache.com/pictures/63204522/2af80753_original.jpg,197327,https://www.airbnb.com/users/show/197327,Melissa,2010-08-10,"Boston, MA","Well-traveled artist who loves music, good books, and making new friends.  I have lived in Jamaica Plain for over 30 years and can provide many insider travel tips to JP and Boston.  I have a sweet chocolate lab who is always happy to meet new people but is also good about giving you space, if you prefer.  My house is well-loved Victorian built by the designer of the official American baseball back in the 1880's.   It is a warm and welcoming place to come home to and if you like, share a glass of wine.   ",within a day,100%,47%,f,https://a0.muscache.com/im/users/197327/profile_pic/1412100752/original.jpg?aki_policy=profile_small,https://a0.muscache.com/im/users/197327/profile_pic/1412100752/original.jpg?aki_policy=profile_x_medium,Jamaica Plain,2,2,"['email', 'phone', 'work_email']",t,t,Neighborhood highlights,Jamaica Plain,,42.31327,-71.10811,Private room in rental unit,Private room,1,1.0,1 shared bath,1.0,1.0,"[""Essentials"", ""Indoor fireplace"", ""Washer"", ""Air conditioning"", ""Smoke alarm"", ""Wifi"", ""First aid kit"", ""Dishes and silverware"", ""Fire extinguisher"", ""Carbon monoxide alarm"", ""Coffee maker"", ""Host greets you"", ""Shampoo"", ""Dryer""]",$84.00,30,90,30,30,90,90,30.0,90.0,,t,0,0,0,229,2025-06-19,37,3,1,60,4,180,15120.0,2015-04-29,2025-05-31,4.68,4.73,4.24,4.76,4.81,4.86,4.59,STR-416301,f,2,0,2,0,0.3
177,5434353,https://www.airbnb.com/rooms/5434353,20250619031426,2025-06-19,city scrape,Quiet  Beauty in Boston,"Enjoy the full space of our home as you explore some of the more trendy and hip parts of Boston. Close to Jamaica Plain, and steps to Roslindale Square, this warm abode offers the convenience to Downtown, yet nestled off the beaten path.","Enjoy trendy Roslindale, close to downtown Boston, yet walking distance to Harvard's Arnold Arboretum, possibly Boston's most beautiful park.  Walking distance to upscale supermarket, Starbucks and many local eateries. Zipcar at commuter rail parking lot. Convenient to major world class hospitals and universities. A great way to explore Boston in quiet and comfort. Complete with off street parking.",https://a0.muscache.com/pictures/75437594/6b14fd21_original.jpg,9658771,https://www.airbnb.com/users/show/9658771,Anthony,2013-10-27,"Boston, MA","As a Program Director for Viking Cruises,  I love travel!  And am happy to provide guests to the Boston area a comfortable and quiet place to call home. Feel free to write with any questions or inquiries, I am happy to help!

",within a day,60%,0%,f,https://a0.muscache.com/im/pictures/user/8113ec23-65af-42dc-8be3-ae7fe6329814.jpg?aki_policy=profile_small,https://a0.muscache.com/im/pictures/user/8113ec23-65af-42dc-8be3-ae7fe6329814.jpg?aki_policy=profile_x_medium,Roslindale,2,2,"['email', 'phone']",t,t,Neighborhood highlights,Roslindale,,42.28629,-71.13839,Entire home,Entire home/apt,3,1.0,1 bath,2.0,2.0,"[""Essentials"", ""Private entrance"", ""Washer"", ""Smoke alarm"", ""Dishes and silverware"", ""Oven"", ""Carbon monoxide alarm"", ""Microwave"", ""Shampoo"", ""Hair dryer"", ""Refrigerator"", ""Pets allowed"", ""Fire extinguisher"", ""Dishwasher"", ""Dryer"", ""Cooking basics"", ""Kitchen"", ""Backyard"", ""Heating"", ""Iron"", ""Wifi"", ""First aid kit"", ""Hangers"", ""Stove"", ""Coffee maker"", ""Free parking on premises"", ""Free street parking""]",$155.00,29,1125,29,29,1125,1125,29.0,1125.0,,t,17,17,41,316,2025-06-19,25,0,0,147,0,0,0.0,2015-09-01,2021-04-30,4.64,4.64,4.56,4.76,4.72,4.64,4.52,STR-445527,f,2,2,0,0,0.21
184,5726250,https://www.airbnb.com/rooms/5726250,20250619031426,2025-06-19,city scrape,Boston at your doorstep!,"Our recently renovated 1840's single family home is close to everything the city has to offer. 4 floors of fully renovated space with old New England charm:  4+ bedrooms, 4 bathrooms, central air, full dining area, outdoor garden and roof deck, parking. You will feel right at home here!","Our neighborhood is very quiet, yet you are close to everything you need or want to explore in Boston.  We have great restaurants/coffee shops, parks, grocery stores, outlet shopping 1.5 miles away, bike trails along the waterfront, a full track field across the street for running or outdoor play.  Everything is walkable in our town, that is why we love it!",https://a0.muscache.com/pictures/miso/Hosting-5726250/original/9a135e22-75bf-448d-a6ef-35764a93217b.jpeg,29688938,https://www.airbnb.com/users/show/29688938,Heather And Mike,2015-03-20,"Boston, MA","We are an active family of 5 that includes three children, ages 12, 16, and 18.",within a day,100%,83%,f,https://a0.muscache.com/im/users/29688938/profile_pic/1426873314/original.jpg?aki_policy=profile_small,https://a0.muscache.com/im/users/29688938/profile_pic/1426873314/original.jpg?aki_policy=profile_x_medium,Charlestown,1,2,"['email', 'phone']",t,t,Neighborhood highlights,Charlestown,,42.38118,-71.06073,Entire home,Entire home/apt,5,3.0,3 baths,4.0,3.0,"[""Essentials"", ""Private entrance"", ""Air conditioning"", ""Smoke alarm"", ""Dedicated workspace"", ""Dishes and silverware"", ""Self check-in"", ""BBQ grill"", ""Carbon monoxide alarm"", ""Shampoo"", ""Children\u2019s books and toys"", ""TV with standard cable"", ""Hair dryer"", ""Refrigerator"", ""Outdoor furniture"", ""Lockbox"", ""Fire extinguisher"", ""Kitchen"", ""Hot water"", ""Backyard"", ""Heating"", ""Iron"", ""Wifi"", ""Hangers"", ""Coffee maker"", ""Free parking on premises"", ""Free street parking""]",$625.00,3,4,3,3,4,4,3.0,4.0,,t,10,16,19,38,2025-06-19,34,3,0,38,3,18,11250.0,2015-07-06,2024-08-12,4.97,4.97,4.94,5.0,4.97,4.94,4.88,STR-526971,f,1,1,0,0,0.28
206,6377998,https://www.airbnb.com/rooms/6377998,20250619031426,2025-06-19,city scrape,"Family friendly Victorian home, walk to T","House access includes a dining room, living room, fireplace, cable and wireless, eat-in kitchen, 4 bedrooms, 2 full baths, back deck, hammock, yard and parking. Short walk to the T, bars, restaurants, cafes, zoo, zipcars and hubway (rentable) bikes.","The neighborhood is very diverse and welcoming. People from literally all over and very socio-economically diverse. Cuban, Dominican, Ethiopian, Mexican, Lebanese, Thai, Japanese and Indian food all within walking distance. Great bars with interesting and friendly people. Check out Centre St.",https://a0.muscache.com/pictures/ea5f4229-c054-4f11-9dc3-b033c7aa73c7.jpg,987917,https://www.airbnb.com/users/show/987917,Helder,2011-08-18,"Boston, MA","I am a Berklee College of Music graduate and a musician and music teacher by profession. My wife is a public interest attorney and we have two boys. We enjoy listening to music, dancing, relaxing and spending time with family and friends. We are easy going and enjoy hosting people from all over the county and world. We will do our best to help you get around the city and enjoy yourself to the fullest, but we also expect mutual respect, cleanliness and responsible guests.",within a day,100%,60%,f,https://a0.muscache.com/im/users/987917/profile_pic/1428286716/original.jpg?aki_policy=profile_small,https://a0.muscache.com/im/users/987917/profile_pic/1428286716/original.jpg?aki_policy=profile_x_medium,Jamaica Plain,2,5,"['email', 'phone']",t,t,Neighborhood highlights,Jamaica Plain,,42.31584,-71.09932,Entire home,Entire home/apt,12,2.5,2.5 baths,5.0,7.0,"[""Hammock"", ""Essentials"", ""Barbecue utensils"", ""Washer"", ""Private entrance"", ""Baking sheet"", ""Air conditioning"", ""Smoke alarm"", ""Dedicated workspace"", ""Dishes and silverware"", ""Private backyard \u2013 Fully fenced"", ""Books and reading material"", ""Kirkland body soap"", ""Stainless steel oven"", ""Hot water kettle"", ""Self check-in"", ""Dining table"", ""Breakfast"", ""Fire pit"", ""Carbon monoxide alarm"", ""Cleaning products"", ""Ceiling fan"", ""Microwave"", ""Shampoo"", ""Children\u2019s books and toys"", ""Hair dryer"", ""Outdoor playground"", ""TV with standard cable"", ""Pack \u2019n play/Travel crib"", ""Freezer"", ""Board games"", ""Refrigerator"", ""Pets allowed"", ""Extra pillows and blankets"", ""Private patio or balcony"", ""Outdoor furniture"", ""Lockbox"", ""Dishwasher"", ""Laundromat nearby"", ""Dryer"", ""Cooking basics"", ""Indoor fireplace"", ""Kitchen"", ""Hot water"", ""Coffee maker: espresso machine, pour-over coffee"", ""Rice maker"", ""BBQ grill: gas"", ""Heating"", ""Iron"", ""Wifi"", ""Outdoor dining area"", ""First aid kit"", ""Hangers"", ""Babysitter recommendations"", ""Stove"", ""Portable fans"", ""Bathtub"", ""Free parking on premises"", ""Free street parking""]",$314.00,29,730,29,29,730,730,29.0,730.0,,t,0,0,0,169,2025-06-19,42,1,0,0,1,58,18212.0,2015-08-09,2024-08-31,4.6,4.61,4.5,4.85,4.8,4.2,4.53,STR-416102,f,1,1,0,0,0.35
209,6603827,https://www.airbnb.com/rooms/6603827,20250619031426,2025-06-19,city scrape,Cozy private room near bus stop,"A handsome colonial house set on a tranquil side street. Fully furnished with spacious rooms. Easy commute to Downtown with nearest bus stop only a 5 minute walk away. Near restaurants, grocery and shopping arcade. Laundry and WiFi available.",,https://a0.muscache.com/pictures/109014609/a2438012_original.jpg,34552909,https://www.airbnb.com/users/show/34552909,Barrie,2015-05-30,"Boston, MA",,within a day,100%,89%,f,https://a0.muscache.com/im/pictures/user/a787a340-003d-4c6f-9b64-f92dd7242204.jpg?aki_policy=profile_small,https://a0.muscache.com/im/pictures/user/a787a340-003d-4c6f-9b64-f92dd7242204.jpg?aki_policy=profile_x_medium,Roslindale,3,6,"['email', 'phone']",t,t,,Roslindale,,42.28411,-71.11693,Private room in home,Private room,1,1.0,1 shared bath,1.0,1.0,"[""Essentials"", ""Washer"", ""Smoke alarm"", ""Dishes and silverware"", ""Oven"", ""Carbon monoxide alarm"", ""Microwave"", ""Refrigerator"", ""Fire extinguisher"", ""Lock on bedroom door"", ""Dryer"", ""Cooking basics"", ""Indoor fireplace"", ""Kitchen"", ""Heating"", ""Wifi"", ""Private backyard \u2013 Not fully fenced"", ""Stove"", ""Portable fans"", ""Free parking on premises"", ""Free street parking""]",$43.00,29,1125,29,29,1125,1125,29.0,1125.0,,t,27,57,87,362,2025-06-19,17,2,0,193,3,116,4988.0,2015-07-13,2025-04-05,4.53,4.41,4.18,4.88,4.76,4.47,4.47,,f,3,0,3,0,0.14
237,7086825,https://www.airbnb.com/rooms/7086825,20250619031426,2025-06-19,city scrape,Private Room near public transport,"A handsome colonial house set on a tranquil side street. Fully furnished with spacious rooms. Easy commute to Downtown with nearest bus stop only a 5 minute walk away. Near restaurants, grocery and shopping arcade. Laundry and WiFi available.",,https://a0.muscache.com/pictures/96881912/b4b33537_original.jpg,34552909,https://www.airbnb.com/users/show/34552909,Barrie,2015-05-30,"Boston, MA",,within a day,100%,89%,f,https://a0.muscache.com/im/pictures/user/a787a340-003d-4c6f-9b64-f92dd7242204.jpg?aki_policy=profile_small,https://a0.muscache.com/im/pictures/user/a787a340-003d-4c6f-9b64-f92dd7242204.jpg?aki_policy=profile_x_medium,Roslindale,3,6,"['email', 'phone']",t,t,,Roslindale,,42.28249,-71.1146,Private room in home,Private room,2,1.0,1 shared bath,1.0,1.0,"[""Essentials"", ""Washer"", ""Smoke alarm"", ""Dishes and silverware"", ""Carbon monoxide alarm"", ""Microwave"", ""Host greets you"", ""Refrigerator"", ""Lock on bedroom door"", ""Dryer"", ""Cooking basics"", ""Kitchen"", ""Hot water"", ""Heating"", ""Wifi"", ""Private backyard \u2013 Not fully fenced"", ""Exterior security cameras on property"", ""Portable fans"", ""Free parking on premises"", ""Free street parking""]",$43.00,29,1125,29,29,1125,1125,29.0,1125.0,,t,12,24,24,286,2025-06-19,24,2,1,117,0,116,4988.0,2015-07-19,2025-05-31,4.5,4.42,4.17,4.83,4.79,4.5,4.54,,f,3,0,3,0,0.2
245,7298966,https://www.airbnb.com/rooms/7298966,20250619031426,2025-06-19,city scrape,"Quiet, sunny studio, directly on the T","-Stays of 30+ days only; it’s a _great_ furnished place to live<br />-Convenient Boston location with great transit options<br />-Large Junior 1 Bedroom/Alcove Studio<br />-Kitchen eat-in area<br />-Quick & Easy access to BU, BC, and Longwood Medical Area<br />-Great restaurants and bars in Washington Square<br />-Building occupied by young professionals, not college students","-Whole Foods two blocks away<br />-Train stop 1 block away<br />-Many dine-in and take-out restaurants within 2 blocks<br />-Washington Square is a quick walk and has some of Boston’s best restaurants and bars<br />-Cleveland Circle and Brighton Center, other great commercial districts, are both within a 10min walk",https://a0.muscache.com/pictures/miso/Hosting-7298966/original/7592b76f-35c4-41f5-9349-76732c4e67de.jpeg,31289781,https://www.airbnb.com/users/show/31289781,Dustin,2015-04-15,"New York, NY",,within a day,100%,100%,t,https://a0.muscache.com/im/users/31289781/profile_pic/1432748903/original.jpg?aki_policy=profile_small,https://a0.muscache.com/im/users/31289781/profile_pic/1432748903/original.jpg?aki_policy=profile_x_medium,Allston-Brighton,1,1,"['email', 'phone']",t,t,Neighborhood highlights,Brighton,,42.343,-71.14416,Entire condo,Entire home/apt,2,1.0,1 bath,1.0,1.0,"[""Wine glasses"", ""Essentials"", ""Clothing storage: closet and dresser"", ""Baking sheet"", ""Smoke alarm"", ""Dedicated workspace"", ""Dishes and silverware"", ""Coffee"", ""Paid washer \u2013 In building"", ""Hot water kettle"", ""Paid dryer \u2013 In building"", ""Dining table"", ""Oven"", ""Room-darkening shades"", ""Long term stays allowed"", ""Carbon monoxide alarm"", ""Cleaning products"", ""Bed linens"", ""Ceiling fan"", ""Microwave"", ""Host greets you"", ""Luggage dropoff allowed"", ""Hair dryer"", ""Other gas stove"", ""Freezer"", ""Refrigerator"", ""Extra pillows and blankets"", ""Window AC unit"", ""Fire extinguisher"", ""Ethernet connection"", ""Laundromat nearby"", ""Cooking basics"", ""Kitchen"", ""Hot water"", ""Iron"", ""Wifi"", ""Toaster"", ""First aid kit"", ""Radiant heating"", ""Hangers"", ""HDTV"", ""Single level home"", ""Exterior security cameras on property"", ""Portable fans"", ""Bathtub"", ""Free parking on premises"", ""Free street parking""]",$139.00,80,450,60,80,450,450,70.9,450.0,,t,17,47,62,263,2025-06-19,14,2,0,94,3,255,35445.0,2017-03-18,2024-12-18,4.86,4.86,4.57,5.0,4.86,4.86,4.79,,f,1,1,0,0,0.14
259,7482195,https://www.airbnb.com/rooms/7482195,20250619031426,2025-06-19,city scrape,Private room near bus stop,"A handsome colonial house set on a tranquil side street.  Fully furnished with several rooms.  Easy commute to Downtown with nearest bus stop only a five minute walk away.  Near restaurants, grocery and shopping arcade.  Laundry and WiFi available.",,https://a0.muscache.com/pictures/100311920/8a1547f9_original.jpg,34552909,https://www.airbnb.com/users/show/34552909,Barrie,2015-05-30,"Boston, MA",,within a day,100%,89%,f,https://a0.muscache.com/im/pictures/user/a787a340-003d-4c6f-9b64-f92dd7242204.jpg?aki_policy=profile_small,https://a0.muscache.com/im/pictures/user/a787a340-003d-4c6f-9b64-f92dd7242204.jpg?aki_policy=profile_x_medium,Roslindale,3,6,"['email', 'phone']",t,t,,Roslindale,,42.28413,-71.11671,Private room in home,Private room,1,1.0,1 shared bath,1.0,1.0,"[""Cooking basics"", ""Essentials"", ""Kitchen"", ""Washer"", ""Hot water"", ""Fast wifi \u2013 532 Mbps"", ""Free parking on premises"", ""Free street parking"", ""Heating"", ""Smoke alarm"", ""Dishes and silverware"", ""Private backyard \u2013 Not fully fenced"", ""Lock on bedroom door"", ""Portable fans"", ""Microwave"", ""Host greets you"", ""Carbon monoxide alarm"", ""Dryer""]",$43.00,29,1125,29,29,1125,1125,29.0,1125.0,,t,8,8,8,171,2025-06-19,8,1,0,8,1,58,2494.0,2017-05-28,2024-11-01,4.25,4.5,4.38,4.5,4.25,4.13,4.25,,f,3,0,3,0,0.08
260,7499960,https://www.airbnb.com/rooms/7499960,20250619031426,2025-06-19,city scrape,Safe Central City Location! WalkToWork/Everywhere!,"LOCATION!!  ON CHARLES RIVER-GREAT FOR BUSINESS, JOGGERS,SAILORS. SAFE,CITY LOCATION. Back Bay Charlesgate area. WALKABLE to MIT, Northeastern,BU,HarvardMedicalSch,Berklee Music/Jazz,NE Conservatory, MuseumFineArtsSchool,Longwood/Fenway HOSPITALS-B&W,BI Deaconess,Childrens,DanaFarber,Copley Square/Prudential Bldg, BackBay/Newbury Street,Beacon Street,Fenway Park/Red Sox-5-20 minutes walk,OR the Financial District,Downtown,and Mass General 25 minutes walk.Long term rental preferred,big discount.","Our historic Back Bay/Kenmore/Charlesgate area was built circa 1875, Victorian, as single family homes, now converted to condos. The Back Bay was built upon wooden pilings, always kept moist, iron accents, interesting architecture around every corner. Close to river (jogging, concerts, biking, sailing, picnics, 4th fireworks) Walk to food markets (Whole Foods, Star Mkt, Trader Joe's), beautiful Public Library, Symphony, music schools, museums, universities, theatres, Harvard hospitals and HMS, restaurants(Indian, Thai, Japanese, burgers, seafood, French, Mid-East, fresh fish bistro & bar, bagels, soup,Starbucks), shops, health clubs/yoga, bookshops, and cinema. BEST OF BOSTON/TOP RATED 'ISLAND OYSTER' RESTAURANT  IS 1/2 BLOCK AWAY!  North End Italian pasta and fish restaurants are an easy Green subway line away! We are not a hotel, a home with  quirks and charm, 3rd floor walkup.",https://a0.muscache.com/pictures/95101496/be5305d2_original.jpg,9529655,https://www.airbnb.com/users/show/9529655,Suzanne,2013-10-20,"Boston, MA","Professional Woman. Social. Friendly, a 'people person',also respect quiet, private time. Well educated, well read. Independent world traveller. Young spirited, mature lady. Knowledgeable @ culture and events in city. Enjoy Symphony, Live Theatre, foreign cinema, and Opera, hospitals, Harvard Med School, MIT, BU, and sailing. All are walkable from this apartment!",within a day,100%,,f,https://a0.muscache.com/im/users/9529655/profile_pic/1437620655/original.jpg?aki_policy=profile_small,https://a0.muscache.com/im/users/9529655/profile_pic/1437620655/original.jpg?aki_policy=profile_x_medium,Fenway/Kenmore,7,9,"['email', 'phone']",t,t,Neighborhood highlights,Fenway,,42.35105,-71.09488,Entire condo,Entire home/apt,1,1.0,1 bath,1.0,1.0,"[""Essentials"", ""Washer"", ""Air conditioning"", ""Smoke alarm"", ""City skyline view"", ""Long term stays allowed"", ""Carbon monoxide alarm"", ""Host greets you"", ""Shampoo"", ""TV with standard cable"", ""Hair dryer"", ""Fire extinguisher"", ""Dryer"", ""Indoor fireplace"", ""Kitchen"", ""Hot water"", ""Heating"", ""Iron"", ""Wifi"", ""First aid kit"", ""Hangers"", ""Paid parking on premises""]",$235.00,91,365,91,91,365,365,91.0,365.0,,t,27,57,87,362,2025-06-19,15,0,0,193,0,0,0.0,2015-09-10,2021-07-24,4.53,4.6,4.13,4.8,4.87,4.93,4.27,,f,4,4,0,0,0.13
273,7692933,https://www.airbnb.com/rooms/7692933,20250619031426,2025-06-19,city scrape,Perfect for 1,"Beautifully maintained and artistically decorated 1860's brick townhouse with architectural detail.  Second floor sunny, quiet room with twin bed, large closet space loaded with charm.  5G WiFi makes internet connection fast and efficient.  Easily accessible via public transportation.","Newton Street is unique to Boston.  Single family 1860 townhouses line the street in alternate brick or stone.  Each are unique.  The Charles River is a few minute walk from my home.  Walkers, bikers and runners share trails that goes to Boston Harbor.",https://a0.muscache.com/pictures/airflow/Hosting-7692933/original/652850f2-5635-4ff3-ab55-959f2cbbfefb.jpg,9508341,https://www.airbnb.com/users/show/9508341,Phyllis,2013-10-18,"Boston, MA","After a Covid hiatus, I resumed hosting.  I am fully vaccinated and boosted and hope you are too! 

There is free non-restricted parking on my street if you have a vehicle.

I look forward to hosting you.  If you need privacy, you will get it.  If you are looking for interaction, you will get it.  I love doing both.

Can’t wait to host you!!

Phyllis",within a day,100%,,f,https://a0.muscache.com/im/pictures/user/User-9508341/original/f6cf91a4-6a22-4765-a913-3aaf4a6d5b9d.jpeg?aki_policy=profile_small,https://a0.muscache.com/im/pictures/user/User-9508341/original/f6cf91a4-6a22-4765-a913-3aaf4a6d5b9d.jpeg?aki_policy=profile_x_medium,Allston-Brighton,1,2,"['email', 'phone']",t,t,Neighborhood highlights,Brighton,,42.35642,-71.16411,Private room in townhouse,Private room,1,1.5,1.5 shared baths,1.0,1.0,"[""Wine glasses"", ""Essentials"", ""Private entrance"", ""Alexa sound system"", ""Clothing storage: closet"", ""Air conditioning"", ""Smoke alarm"", ""Dedicated workspace"", ""Dishes and silverware"", ""Books and reading material"", ""BBQ grill"", ""Dining table"", ""Long term stays allowed"", ""Various  shampoo"", ""Carbon monoxide alarm"", ""Bed linens"", ""Microwave"", ""Luggage dropoff allowed"", ""Hair dryer"", ""Coffee maker: drip coffee maker, french press, Keurig coffee machine"", ""Exercise equipment: free weights"", ""Refrigerator"", ""Extra pillows and blankets"", ""Outdoor furniture"", ""Fire extinguisher"", ""Various  conditioner"", ""Lock on bedroom door"", ""Laundromat nearby"", ""Hot water"", ""Shared backyard \u2013 Fully fenced"", ""Varied body soap"", ""Shower gel"", ""Heating"", ""Iron"", ""Wifi"", ""Outdoor dining area"", ""First aid kit"", ""Hangers"", ""Portable fans"", ""Bathtub"", ""Free street parking""]",$85.00,29,1125,29,29,1125,1125,29.0,1125.0,,t,30,60,90,365,2025-06-19,319,0,0,196,0,0,0.0,2015-08-22,2023-06-02,4.89,4.92,4.9,4.96,4.96,4.7,4.87,STR-405969,t,1,0,1,0,2.67
296,8042434,https://www.airbnb.com/rooms/8042434,20250619031426,2025-06-19,city scrape,Live beside the State House!,"7th floor 1 bed in a concierge building beside the State House. This unit features parquet wood floors, great closet space, high ceilings and a large tile shower.  There is a common roofdeck with panoramic views of downtown and the Boston Common.","Fantastic location!  Close to transportation, shopping, restaurants, museums and banking.  The Boston Common park is across the street.",https://a0.muscache.com/pictures/miso/Hosting-8042434/original/f77e1d1e-8daf-4af9-9242-78bdc4aa3888.jpeg,26988,https://www.airbnb.com/users/show/26988,Anne,2009-07-22,"Boston, MA","I manage a number of furnished units around Boston and Brookline with my business partner Joseph Morrissey.  I am a Realtor with Unlimited Sotheby's  and do sales/rentals in the greater Boston market.  I also manage a sculpture school/studio with my husband, sculptor Morris Norvin.  Stonybrook Fine Arts, is located in the Boston neighborhood Jamaica Plain across the street from the famous Sam Adams Brewery.  We offer a variety of one day workshops on our calendar including welding, jewelry and metal casting.   Longer classes are available and meet one time each week including the options above as well as mold making, live figure modeling and foundry.  Custom workshops are available for small groups, birthday parties, bachelorette parties, make your own wedding bands, create an engagement ring and team building.  We are happy to arrange a tour of Sam Adams after a daytime workshop not occurring on Sunday.  Contact us for more details to set up your custom event!

",within a day,70%,38%,t,https://a0.muscache.com/im/pictures/user/d7d71322-db4f-45f8-92f7-ec27a50d5773.jpg?aki_policy=profile_small,https://a0.muscache.com/im/pictures/user/d7d71322-db4f-45f8-92f7-ec27a50d5773.jpg?aki_policy=profile_x_medium,Beacon Hill,12,32,"['email', 'phone']",t,t,Neighborhood highlights,Downtown,,42.35771,-71.0616,Entire condo,Entire home/apt,2,1.0,1 bath,1.0,1.0,"[""Kitchen"", ""Washer"", ""Refrigerator"", ""Heating"", ""Air conditioning"", ""Smoke alarm"", ""Wifi"", ""Dishes and silverware"", ""TV"", ""Carbon monoxide alarm"", ""Elevator"", ""Dryer""]",$115.00,91,365,91,91,365,365,91.0,365.0,,t,0,0,0,138,2025-06-19,2,1,0,0,1,182,20930.0,2023-12-15,2024-09-01,5.0,5.0,5.0,5.0,5.0,5.0,5.0,,f,8,8,0,0,0.11
301,8170181,https://www.airbnb.com/rooms/8170181,20250619031426,2025-06-19,city scrape,Gorgeous Beacon Hill Apartment,"Perfect space and location for medical professionals, patients, and family members requiring affordable lodging and access to the Massachusetts General Hospital, or other institutions.<br />One bedroom apartment in charming Beacon Hill neighborhood. This quiet, ground floor unit has a private entrance and is in easy walking distance to Downtown Boston. Exceptional access to public transportation. Has a comprehensive kitchen, queen size bed, pull out double bed/couch, and full bathroom.","The place is in the middle of historic beacon hill. You will be a 10 minute walk to the beautiful Boston Commons, the North End, Haymarket, Charles River, Newbury Street, TD Garden, and Science Museum. You are a short subway ride from Children's Museum, the Institute of Contemporary Art, Museum of Fine Arts, Fenway Park. We are down the street from Mass General Hospital, Government Centre, The State House, North Station as well as three T stations with service on the red, green and blue lines.",https://a0.muscache.com/pictures/105433472/a21f0780_original.jpg,26303242,https://www.airbnb.com/users/show/26303242,Mark,2015-01-18,"Boston, MA","A lifelong Massachusetts resident, I have been an Airbnb host in Boston for  over four years. My wife and I travel frequently - mainly to visit our daughters who live in Canada and Austin, Texas!",within a day,100%,83%,t,https://a0.muscache.com/im/users/26303242/profile_pic/1441724691/original.jpg?aki_policy=profile_small,https://a0.muscache.com/im/users/26303242/profile_pic/1441724691/original.jpg?aki_policy=profile_x_medium,,2,2,"['email', 'phone']",t,t,Neighborhood highlights,Beacon Hill,,42.36105,-71.06645,Entire rental unit,Entire home/apt,3,1.0,1 bath,1.0,1.0,"[""Essentials"", ""Private entrance"", ""Air conditioning"", ""Smoke alarm"", ""Dishes and silverware"", ""Self check-in"", ""Carbon monoxide alarm"", ""Microwave"", ""Shampoo"", ""TV with standard cable"", ""Hair dryer"", ""Refrigerator"", ""Lockbox"", ""Fire extinguisher"", ""Kitchen"", ""Hot water"", ""Heating"", ""Iron"", ""Wifi"", ""First aid kit"", ""Hangers""]",$90.00,29,90,29,29,90,90,29.0,90.0,,t,0,7,13,246,2025-06-19,215,7,1,77,6,255,22950.0,2015-09-21,2025-05-31,4.76,4.87,4.79,4.93,4.92,4.98,4.72,,f,1,1,0,0,1.81
371,11357756,https://www.airbnb.com/rooms/11357756,20250619031426,2025-06-19,city scrape,BEST LOCATION IN THE CITY STUDIO W/ FAST WIFI,"fun studio (yes this is a private studio)<br />Full bathroom and kitchen and everything included <br />Fully furnished <br />Bed and sheets(professionally cleaned and maintained) <br />Located right in Boston's exciting theatre district<br />Feet away from Boston Common and Copley Sq<br />We provide soap,shampoo, etc.<br />Unit is on the fifth floor, no elevator",Very exciting neighborhood in the middle of the theatre district and night life,https://a0.muscache.com/pictures/98a50b9b-0bf8-4edf-8374-241d5fe43521.jpg,56359408,https://www.airbnb.com/users/show/56359408,Billy,2016-01-27,"Boston, MA",,within a day,88%,86%,t,https://a0.muscache.com/im/pictures/user/e758d4a9-7c83-4887-ac64-39974a883a7c.jpg?aki_policy=profile_small,https://a0.muscache.com/im/pictures/user/e758d4a9-7c83-4887-ac64-39974a883a7c.jpg?aki_policy=profile_x_medium,Theater District,3,7,"['email', 'phone']",t,t,Neighborhood highlights,Downtown,,42.35145,-71.06461,Entire rental unit,Entire home/apt,2,1.0,1 bath,0.0,2.0,"[""Essentials"", ""Air conditioning"", ""Smoke alarm"", ""Dedicated workspace"", ""Dishes and silverware"", ""Self check-in"", ""Building staff"", ""Carbon monoxide alarm"", ""Bed linens"", ""Shampoo"", ""TV with standard cable"", ""Hair dryer"", ""Fire extinguisher"", ""Dryer"", ""Cooking basics"", ""Kitchen"", ""Heating"", ""Iron"", ""Wifi"", ""First aid kit"", ""Hangers""]",$151.00,91,1125,91,91,1125,1125,91.0,1125.0,,t,29,59,89,364,2025-06-19,43,1,0,195,2,182,27482.0,2017-01-01,2024-08-15,4.07,4.37,4.44,4.77,4.72,4.83,4.21,,f,3,3,0,0,0.42
376,11656698,https://www.airbnb.com/rooms/11656698,20250619031426,2025-06-19,city scrape,Spacious 2 bedroom Apartment.,"Beautiful and sunny 2 bedroom apartment located in Fort Hill. <br />This  home has been completely updated with all amenities for your comfortable stay. <br />Conveniently located, 5 min. walk to the Orange line and close to supermarkets and Restaurants.","Perfect location close to transportation, shopping, free street parking in front the unit, park across the the street from the apartment.",https://a0.muscache.com/pictures/298c5114-e778-4e73-90ac-c75cde797e6d.jpg,8898973,https://www.airbnb.com/users/show/8898973,Gianni,2013-09-17,"Boston, MA","Friendly,responsible and profesional.",within a day,80%,67%,f,https://a0.muscache.com/im/users/8898973/profile_pic/1380147848/original.jpg?aki_policy=profile_small,https://a0.muscache.com/im/users/8898973/profile_pic/1380147848/original.jpg?aki_policy=profile_x_medium,Roxbury,4,4,"['email', 'phone']",t,t,Neighborhood highlights,Roxbury,,42.32378,-71.09648,Entire rental unit,Entire home/apt,4,1.0,1 bath,2.0,2.0,"[""Essentials"", ""Private entrance"", ""Washer"", ""Air conditioning"", ""Smoke alarm"", ""Dishes and silverware"", ""Oven"", ""Coffee maker"", ""Carbon monoxide alarm"", ""Bed linens"", ""Microwave"", ""Shampoo"", ""Hair dryer"", ""Refrigerator"", ""Outdoor furniture"", ""TV"", ""Dishwasher"", ""Dryer"", ""Cooking basics"", ""Kitchen"", ""Hot water"", ""Shower gel"", ""Heating"", ""Outdoor dining area"", ""Wifi"", ""Hangers"", ""Stove"", ""Bathtub"", ""Park view"", ""Free street parking""]",$115.00,30,365,30,30,365,365,30.0,365.0,,t,12,12,12,12,2025-06-19,230,4,1,12,3,240,27600.0,2016-03-20,2025-06-15,4.77,4.88,4.9,4.87,4.73,4.54,4.78,Exempt: This listing is a unit used for furnished institutional or business stays,f,4,4,0,0,2.04
407,12618291,https://www.airbnb.com/rooms/12618291,20250619031426,2025-06-19,city scrape,The 1880 House: Historic Single Family Victorian!,"Welcome to the 'ur-burbs'~~!  We are restarting our AirBnB rental post-Covid and looking forward to welcoming you to Boston.  This single family Victorian is located in West Roxbury, the furthest neighborhood in Boston, in a very family friendly and super community atmosphere.  The house was built in 1880 and maintains original hardwood and period details throughout with a near-total renovation in 2023/24!","West Roxbury has so much to offer!!! We are 1 block away from Billings Field, which hosts the Corrib Run on the first Sunday in June!  Also a huge kids playground there and basketball courts.  The newly renovated YMCA and West Roxbury Library are also 1 block away.  Lots of restaurants, Starbucks, grocery stores etc. within walking distance.",https://a0.muscache.com/pictures/dfa1dd30-b3ac-49dd-ace0-e6ce36dafe26.jpg,68502098,https://www.airbnb.com/users/show/68502098,Kristen,2016-04-23,"Boston, MA","I am mom of three kids (8, 5 and 3), a wife to a great husband and happen to have a gig on the side called a full-time job:)~~   We love our neighborhood for the suburban feel but still in the city. I grew up here, so if you have questions just let me know!!",within a day,50%,,f,https://a0.muscache.com/im/pictures/user/bde90335-db36-46a3-9dc3-1783be8e01a9.jpg?aki_policy=profile_small,https://a0.muscache.com/im/pictures/user/bde90335-db36-46a3-9dc3-1783be8e01a9.jpg?aki_policy=profile_x_medium,West Roxbury,1,1,"['email', 'phone']",t,t,Neighborhood highlights,West Roxbury,,42.27947,-71.15314,Entire home,Entire home/apt,6,3.0,3 baths,5.0,6.0,"[""Essentials"", ""Private entrance"", ""Washer"", ""Smoke alarm"", ""Dishes and silverware"", ""Self check-in"", ""Carbon monoxide alarm"", ""Microwave"", ""Shampoo"", ""Children\u2019s books and toys"", ""Hair dryer"", ""Gym"", ""Fire extinguisher"", ""TV"", ""Dryer"", ""Kitchen"", ""Hot water"", ""Smart lock"", ""Iron"", ""Wifi"", ""First aid kit"", ""Hangers"", ""Stove"", ""Coffee maker"", ""Free parking on premises"", ""Free street parking""]",$650.00,29,730,29,29,730,730,29.0,730.0,,t,0,0,16,291,2025-06-19,12,0,0,122,0,0,0.0,2016-07-06,2023-10-28,5.0,4.92,5.0,5.0,5.0,4.83,4.92,STR-397962,f,1,1,0,0,0.11
466,14105971,https://www.airbnb.com/rooms/14105971,20250619031426,2025-06-19,city scrape,Tranquil Treetop Loft,"Located a quick 5 minute walk to the Green Street Orange Line ""T"" and JP's Centre Street with all of its restaurants and shops.  Less than 1/2 mile away are both the Jamaica Pond (great spot to walk) and the Arnold Arboretum.  A quiet oasis filled with books and original artwork a soothing retreat after exploring all that Boston has to offer.  Also close to major bus lines heading to Longwood Medical area and other hospitals.  *note the loft is on the 3rd floor, so stair mobility is a must.",,https://a0.muscache.com/pictures/c9bccd10-bb82-41d1-87fa-72922ba30ee5.jpg,79103444,https://www.airbnb.com/users/show/79103444,Bruce,2016-06-21,"Boston, MA",I'm an architect with my own small practice and have lived in the Boston area for the past 20 years.  I've recently moved to JP and love exploring and sharing what I've learned!,within a day,80%,53%,f,https://a0.muscache.com/im/pictures/user/05645ba4-35cc-4179-a626-af46c3685fcf.jpg?aki_policy=profile_small,https://a0.muscache.com/im/pictures/user/05645ba4-35cc-4179-a626-af46c3685fcf.jpg?aki_policy=profile_x_medium,Jamaica Plain,1,1,"['email', 'phone']",t,t,,Jamaica Plain,,42.30762,-71.10968,Entire loft,Entire home/apt,3,1.0,1 bath,0.0,1.0,"[""Essentials"", ""Washer"", ""Patio or balcony"", ""Air conditioning"", ""Smoke alarm"", ""Dishes and silverware"", ""Self check-in"", ""Carbon monoxide alarm"", ""Microwave"", ""Shampoo"", ""Hair dryer"", ""Refrigerator"", ""Lockbox"", ""TV"", ""Dryer"", ""Hot water"", ""Heating"", ""Iron"", ""Wifi"", ""First aid kit"", ""Hangers"", ""Exterior security cameras on property"", ""Coffee maker"", ""Free street parking""]",$159.00,5,20,5,5,20,20,5.0,20.0,,t,1,1,15,98,2025-06-19,323,16,0,98,18,160,25440.0,2016-07-25,2025-04-18,4.97,4.99,4.95,4.99,4.98,4.96,4.84,STR-533079,f,1,1,0,0,2.98
469,14186170,https://www.airbnb.com/rooms/14186170,20250619031426,2025-06-19,city scrape,Cozy Condo in Center of Southie,"A beautiful and cozy condo, located in the heart of South Boston.  My Condo is 1.5 miles to the convention center, and just 3 miles from the airport, making it an easy and convenient place to stay in Boston.  The unit should be equipped with everything a business or leisurely traveler could need.  Fully stocked kitchen, wifi, iron, hair dryer, washer/dryer in building.  The Boston subway system (red line) is 0.5 miles away making all of Boston and Cambridge easily accessible.","South Boston or Southie has emerged as THE place to live in Boston.  The neighborhood has been evolving rapidly, and while it still retains its old charm and true neighborhood feel, there are new restaurants, bars, juice bars, retail stores, grocery stores, etc... opening every month.  Despite having enough to offer within the Southie neighborhood itself, it is also a central location to all of Boston and makes accessing the North End, Back Bay, South End, Cambridge and Somerville a breeze.",https://a0.muscache.com/pictures/7b218cdf-c24f-402e-b566-6759abc76285.jpg,8985714,https://www.airbnb.com/users/show/8985714,Thomas J,2013-09-22,"Boston, MA","I live in South Boston, but travel frequently for both work and pleasure - well, it's always pleasure, but sometimes work pays for it.  I have used Airbnb in several countries and cities and have had fantastic experiences while meeting some great people along the way.  I am now just starting to offer my own condo to like-minded travelers looking for an affordable, convenient place to stay.",within a day,70%,37%,f,https://a0.muscache.com/im/pictures/user/3dd1c314-f8da-4a1c-89cc-1a2d0a9d27b4.jpg?aki_policy=profile_small,https://a0.muscache.com/im/pictures/user/3dd1c314-f8da-4a1c-89cc-1a2d0a9d27b4.jpg?aki_policy=profile_x_medium,South Boston,2,2,"['email', 'phone', 'work_email']",t,t,Neighborhood highlights,South Boston,,42.33194,-71.04729,Entire condo,Entire home/apt,5,1.0,1 bath,2.0,2.0,"[""Essentials"", ""Patio or balcony"", ""Smoke alarm"", ""Dedicated workspace"", ""Dishes and silverware"", ""Free dryer \u2013 In unit"", ""Dining table"", ""Oven"", ""Carbon monoxide alarm"", ""Portable air conditioning"", ""Cleaning products"", ""Microwave"", ""Shampoo"", ""Hair dryer"", ""Free washer \u2013 In unit"", ""Refrigerator"", ""Pets allowed"", ""Fire extinguisher"", ""Dishwasher"", ""Cooking basics"", ""Kitchen"", ""Hot water"", ""TV with Chromecast, Apple TV, Hulu, Netflix, Amazon Prime Video"", ""Shower gel"", ""Heating"", ""Conditioner"", ""Iron"", ""Wifi"", ""Hangers"", ""Coffee maker"", ""Free street parking""]",$320.00,3,730,3,3,730,730,3.0,730.0,,t,30,60,90,365,2025-06-19,65,1,0,196,0,6,1920.0,2016-08-04,2025-05-11,4.82,4.88,4.77,4.89,4.86,4.78,4.75,STR-446085,f,1,1,0,0,0.6
603,18354570,https://www.airbnb.com/rooms/18354570,20250619031426,2025-06-19,city scrape,Newly Remodeled Studio in Back Bay - River View,"Cute studio apartment with a great view of the Charles River. Enjoy the summer weather on the balcony! Only a five minute walk to Newbury St., access to the green line, Boston Public Library, Prudential Center, and the heart of Boston.","The Back Bay neighborhood runs along the Charles River on the opposite side of Cambridge. Upscale shopping, boutiques, art galleries, and fabulous restaurants makes this trendy neighborhood a must-see on your Boston visit. The area is home to Copley Place, Prudential Center and The John Hancock Tower, Trinity Church (one of the country’s 10 finest buildings), and shopping along Newbury Street.",https://a0.muscache.com/pictures/a0f94583-6a6b-4bb8-bf20-805c8ce053a2.jpg,66334205,https://www.airbnb.com/users/show/66334205,Zachary Lee,2016-04-08,,,within a day,100%,100%,t,https://a0.muscache.com/im/pictures/user/98a8da3d-67e3-4d43-b73f-94cd5aa1da06.jpg?aki_policy=profile_small,https://a0.muscache.com/im/pictures/user/98a8da3d-67e3-4d43-b73f-94cd5aa1da06.jpg?aki_policy=profile_x_medium,Back Bay,1,3,"['email', 'phone']",t,t,Neighborhood highlights,Back Bay,,42.35318,-71.07904,Entire rental unit,Entire home/apt,2,1.0,1 bath,0.0,1.0,"[""Essentials"", ""Washer"", ""Patio or balcony"", ""Air conditioning"", ""Smoke alarm"", ""Dishes and silverware"", ""Elevator"", ""Self check-in"", ""Oven"", ""Carbon monoxide alarm"", ""Microwave"", ""TV with standard cable"", ""Hair dryer"", ""Refrigerator"", ""Lockbox"", ""Fire extinguisher"", ""Dryer"", ""Cooking basics"", ""Kitchen"", ""Hot water"", ""Heating"", ""Iron"", ""Wifi"", ""Hangers"", ""Stove"", ""Coffee maker""]",$189.00,30,1125,30,30,1125,1125,30.0,1125.0,,t,4,12,42,178,2025-06-19,144,2,0,104,3,120,22680.0,2017-05-06,2025-04-18,4.85,4.92,4.79,4.9,4.92,4.99,4.74,STR-398563,t,1,1,0,0,1.46
611,18612312,https://www.airbnb.com/rooms/18612312,20250619031426,2025-06-19,city scrape,Logan Intl Airport - Boston I,"Apartment located in East Boston. Renovated Kitchen and bathroom! Granite counter tops, microwave appliances with new cabinets, tile, and Washer & Dryer in Basement. (Sharing kitchen and bathroom with other 2 roommates)<br />MBTA Subway Access<br />- Blue Line: Suffolk Downs Station - 6 minutes and Orient Heights Station - 7 minutes.<br />- Great location: 3 stops to airport, 6 stops to Downtown, and 2 stops to Beach.",,https://a0.muscache.com/pictures/8e8f232b-eade-4c98-82f6-0b52d4255844.jpg,129278480,https://www.airbnb.com/users/show/129278480,Jay,2017-05-07,,,within a day,75%,100%,f,https://a0.muscache.com/im/pictures/user/25f43520-b325-40f1-a29a-ffd8567b16f1.jpg?aki_policy=profile_small,https://a0.muscache.com/im/pictures/user/25f43520-b325-40f1-a29a-ffd8567b16f1.jpg?aki_policy=profile_x_medium,East Boston,4,7,"['email', 'phone']",t,f,,East Boston,,42.39031,-71.00178,Private room in home,Private room,1,1.0,1 bath,1.0,1.0,"[""Kitchen"", ""Washer"", ""Heating"", ""Iron"", ""Smoke alarm"", ""Wifi"", ""Hangers"", ""Lock on bedroom door"", ""Hair dryer"", ""Carbon monoxide alarm"", ""Dryer""]",$50.00,91,1125,91,91,1125,1125,91.0,1125.0,,t,30,60,90,364,2025-06-19,1,1,0,196,1,182,9100.0,2024-08-05,2024-08-05,1.0,1.0,1.0,1.0,1.0,1.0,1.0,,f,4,0,4,0,0.09
612,18613633,https://www.airbnb.com/rooms/18613633,20250619031426,2025-06-19,city scrape,Boston - Logan Intl Airport III,"Apartment located in East Boston. Renovated Kitchen and bathroom! Granite counter tops, microwave appliances with new cabinets, tile, and Washer & Dryer in Basement. ( Sharing kitchen and bathroom with other 3 roommates)<br /><br />MBTA Subway Access:<br />- Blue Line: Suffolk Downs Station - 6 minutes and Orient Heights Station - 7 minutes.<br />- Great location: 3 stops to airport, 6 stops to Downtown, and 2 stops to Beach.",,https://a0.muscache.com/pictures/c1f38b9c-5116-451e-b986-3b57ea165327.jpg,129278480,https://www.airbnb.com/users/show/129278480,Jay,2017-05-07,,,within a day,75%,100%,f,https://a0.muscache.com/im/pictures/user/25f43520-b325-40f1-a29a-ffd8567b16f1.jpg?aki_policy=profile_small,https://a0.muscache.com/im/pictures/user/25f43520-b325-40f1-a29a-ffd8567b16f1.jpg?aki_policy=profile_x_medium,East Boston,4,7,"['email', 'phone']",t,f,,East Boston,,42.38917,-71.00362,Private room in home,Private room,1,1.0,1 bath,1.0,1.0,"[""Kitchen"", ""Washer"", ""Heating"", ""Iron"", ""Air conditioning"", ""Smoke alarm"", ""Wifi"", ""Hangers"", ""Lock on bedroom door"", ""Hair dryer"", ""Carbon monoxide alarm"", ""Dryer""]",$50.00,91,1125,91,91,1125,1125,91.0,1125.0,,t,30,60,90,365,2025-06-19,4,0,0,196,0,0,0.0,2017-05-27,2019-11-30,4.0,4.5,3.25,4.0,4.0,4.0,3.75,,f,4,0,4,0,0.04
635,19209066,https://www.airbnb.com/rooms/19209066,20250619031426,2025-06-19,city scrape,Logan Intl Airport - Boston II,"Apartment located in East Boston. Renovated Kitchen and bathroom! Granite counter tops, microwave appliances with new cabinets, tile, and Washer & Dryer in Basement. ( Sharing kitchen and bathroom with other 2 roommates)<br /><br />MBTA Subway Access:<br />- Blue Line: Suffolk Downs Station - 6 minutes and Orient Heights Station - 7 minutes.<br />- Great location: 3 stops to airport, 6 stops to Downtown, and 2 stops to Beach.",,https://a0.muscache.com/pictures/3019e569-e39b-4961-976e-2bcbb9551576.jpg,129278480,https://www.airbnb.com/users/show/129278480,Jay,2017-05-07,,,within a day,75%,100%,f,https://a0.muscache.com/im/pictures/user/25f43520-b325-40f1-a29a-ffd8567b16f1.jpg?aki_policy=profile_small,https://a0.muscache.com/im/pictures/user/25f43520-b325-40f1-a29a-ffd8567b16f1.jpg?aki_policy=profile_x_medium,East Boston,4,7,"['email', 'phone']",t,f,,East Boston,,42.38832,-71.00145,Private room in rental unit,Private room,1,1.0,1 shared bath,1.0,1.0,"[""Kitchen"", ""Washer"", ""Heating"", ""Smoke alarm"", ""Wifi"", ""Hangers"", ""Private living room"", ""Lock on bedroom door"", ""Hair dryer"", ""Carbon monoxide alarm"", ""Dryer""]",$50.00,91,1125,91,91,1125,1125,91.0,1125.0,,t,30,60,90,365,2025-06-19,1,0,0,196,0,0,0.0,2018-02-01,2018-02-01,5.0,5.0,5.0,5.0,5.0,5.0,5.0,,f,4,0,4,0,0.01
648,19593368,https://www.airbnb.com/rooms/19593368,20250619031426,2025-06-19,city scrape,COZY THEATRE DISTRICT STUDIO NEAR BOSTON COMMON,"small comfortable studio in the heart of Boston<br />apartment is located near the Boston Common in Boston's active Theatre District neighborhood. Conveniently located near MBTA trains and a 10 minute walk from South Station. All of my apartments are professionally maintained( we hire cleaners and laundry service after every stay).<br />Unit is on the fourth floor, no elevator","Apartment is located in Boston’s exciting theatre district, feet away from the Boston Common walk and a short walk to Copley sq and Government center",https://a0.muscache.com/pictures/f59054f4-9c7d-45e3-b689-4cc418a717de.jpg,56359408,https://www.airbnb.com/users/show/56359408,Billy,2016-01-27,"Boston, MA",,within a day,88%,86%,t,https://a0.muscache.com/im/pictures/user/e758d4a9-7c83-4887-ac64-39974a883a7c.jpg?aki_policy=profile_small,https://a0.muscache.com/im/pictures/user/e758d4a9-7c83-4887-ac64-39974a883a7c.jpg?aki_policy=profile_x_medium,Theater District,3,7,"['email', 'phone']",t,t,Neighborhood highlights,Downtown,,42.35145,-71.06461,Entire rental unit,Entire home/apt,2,1.0,1 bath,0.0,4.0,"[""Essentials"", ""Private entrance"", ""Air conditioning"", ""Smoke alarm"", ""Dishes and silverware"", ""Paid parking off premises"", ""Self check-in"", ""Oven"", ""Long term stays allowed"", ""Building staff"", ""Carbon monoxide alarm"", ""Bed linens"", ""Microwave"", ""Shampoo"", ""TV with standard cable"", ""Hair dryer"", ""Refrigerator"", ""Extra pillows and blankets"", ""Fire extinguisher"", ""Cooking basics"", ""Kitchen"", ""Hot water"", ""Heating"", ""Iron"", ""Wifi"", ""First aid kit"", ""Hangers"", ""Stove""]",$177.00,91,1125,91,91,1125,1125,91.0,1125.0,,t,0,0,0,172,2025-06-19,49,0,0,3,0,0,0.0,2017-07-17,2023-07-30,4.27,4.43,4.22,4.8,4.73,4.82,4.18,,f,3,3,0,0,0.51
656,19982161,https://www.airbnb.com/rooms/19982161,20250619031426,2025-06-19,city scrape,"Cozy, Bright Studio in Back Bay/South End","Cute, cozy studio centrally located in Back Bay/South End. As of Dec 2019, this listing is available primarily for long-term stays (90 days or more) and will be set up to accommodate such stays.<br /><br />Features:<br />- Central air <br />- Wi-Fi<br />- Exposed brick<br />- Stainless steel appliances<br />- Granite countertops<br />- Hardwood floors <br />- Full set of towels<br />- Full set of sheets/blankets/pillows<br />- Fully equipped kitchenette","Location: <br />- Back Bay/South End neighborhood; Steps from Copley Square, the Prudential Center, Newbury Street, Boylston Street, etc. <br />- Easy T access -- down the street from Back Bay (Orange Line), also walking distance to Copley Square (Green Line)<br />- Tons of restaurants, shops, cafes and bars nearby",https://a0.muscache.com/pictures/7a3b1d05-51c7-4697-a591-89aa1798d34b.jpg,12195484,https://www.airbnb.com/users/show/12195484,Rada,2014-02-12,"Boston, MA","I grew up in Eastern Europe, but have called Boston home for the past six years. I'm dedicating my life to the service of others in the field of social work and it has been my most challenging yet rewarding adventure yet! When I'm not working, I love to read, go the the museum, attend concerts, check out new restaurants and spend time with my loved ones. Like most people on here, I'm very passionate about travel and have had some wonderful experiences both as a guest and as a host on Airbnb. ",within a day,70%,47%,f,https://a0.muscache.com/im/pictures/user/bf4bd01f-127b-4338-a5cf-d444540c97d0.jpg?aki_policy=profile_small,https://a0.muscache.com/im/pictures/user/bf4bd01f-127b-4338-a5cf-d444540c97d0.jpg?aki_policy=profile_x_medium,,1,2,"['email', 'phone']",t,t,Neighborhood highlights,Back Bay,,42.34728,-71.07585,Entire rental unit,Entire home/apt,3,1.0,1 bath,0.0,1.0,"[""Essentials"", ""Air conditioning"", ""Smoke alarm"", ""Dishes and silverware"", ""Paid washer \u2013 In building"", ""Paid dryer \u2013 In building"", ""Oven"", ""Long term stays allowed"", ""Carbon monoxide alarm"", ""Cleaning products"", ""Microwave"", ""Shampoo"", ""Hair dryer"", ""Body soap"", ""Freezer"", ""Refrigerator"", ""Fire extinguisher"", ""Cooking basics"", ""Kitchen"", ""Hot water"", ""Heating"", ""Iron"", ""Wifi"", ""Toaster"", ""Hangers"", ""Stove"", ""Coffee maker""]",$143.00,29,300,29,29,300,300,29.0,300.0,,t,13,13,28,73,2025-06-19,29,1,0,73,1,58,8294.0,2017-08-13,2024-10-31,4.86,4.93,4.97,4.76,4.93,5.0,4.62,,f,1,1,0,0,0.3
659,20000347,https://www.airbnb.com/rooms/20000347,20250619031426,2025-06-19,previous scrape,Loft Style 1 Mile from Downtown Boston Brownstone.,"A Large, Loft Style, open space unit. With tall ceilings, exposed brick wall, with private entrance, to quiet peaceful Unit, with big kitchen, stocked with food, newly re-done private bathroom. Across from beautiful Highland Park. Within 1 mile (as the crow flies) from downtown Boston. Attached Brick Brownstone. Free on street Parking. Ten minute walk to the Train. Ten minutes to most of the major Hospitals in the Longwood Medical area. Ten Minutes to the Museum of Fine Art.","Its a pretty mixed neighborhood of mostly owner occupied Brownstones, and owner occupied Codo's. It used to be pretty much a blue collar neighborhood, but now I am seeing more Doctor and Lawyer types moving into the neighborhood. It is still a racially diverse area, and inclusive. What is most special about this neighborhood is its proximity to Downtown Boston and yet it does not have anywhere near the density of Downtown. So It has a laid back small town feel, yet one look from the top of the park reveals the Boston sky line and you know your in a Big International City.",https://a0.muscache.com/pictures/2ef6556c-c12d-4934-8aae-50efe8446a76.jpg,122568097,https://www.airbnb.com/users/show/122568097,Nick,2017-03-25,"Boston, MA","I'm From Boston, I love this city, and all it  has to offer. The arts, music, medical, and tech advantages, this city offers. Its amazing History, its charm, and on, and on.",within a day,100%,0%,f,https://a0.muscache.com/im/pictures/user/5179d2a0-3513-4982-a7f1-ae47183e7f87.jpg?aki_policy=profile_small,https://a0.muscache.com/im/pictures/user/5179d2a0-3513-4982-a7f1-ae47183e7f87.jpg?aki_policy=profile_x_medium,Roxbury,4,5,"['email', 'phone']",t,t,Neighborhood highlights,Roxbury,,42.32422,-71.09616,Entire loft,Entire home/apt,2,,1 bath,1.0,,"[""Essentials"", ""Private entrance"", ""Washer"", ""Smoke alarm"", ""Dedicated workspace"", ""Dishes and silverware"", ""High chair"", ""Self check-in"", ""Building staff"", ""Carbon monoxide alarm"", ""Bed linens"", ""Microwave"", ""Shampoo"", ""TV with standard cable"", ""Hair dryer"", ""Luggage dropoff allowed"", ""Refrigerator"", ""Extra pillows and blankets"", ""Fire extinguisher"", ""Dishwasher"", ""Dryer"", ""Cooking basics"", ""Kitchen"", ""Hot water"", ""Heating"", ""Iron"", ""Wifi"", ""First aid kit"", ""Hangers"", ""Exterior security cameras on property"", ""Stove"", ""Coffee maker"", ""Free street parking""]",,91,180,91,91,180,180,91.0,180.0,,t,27,57,87,87,2025-06-19,70,0,0,87,0,0,,2017-09-04,2019-11-10,4.3,4.39,3.94,4.94,4.94,4.72,4.44,str-446257,f,4,4,0,0,0.74
663,20137476,https://www.airbnb.com/rooms/20137476,20250619031426,2025-06-19,city scrape,Cozy Room in Beacon Hill/MIT/MGH! (Room A),"The house is a simple, historical 19th century home, situated in Boston's best neighborhood, Beacon Hill (where John Kerry lives). Unbeatable location with easy access to every tourist spot. You will be sharing the house with two other guests in a typical Beacon Hill townhouse (with lots of characters). Decent size of space with everything you need for a good sleep. Great for busy individual who are looking for a quiet room to come back from a full busy day.","Beacon Hill is the most picturesque area in Boston. It's a safe neighborhood  (John Kerry lives here!) with many good restaurants and cafes around. Seven minutes walk and you'll hit Charles River where you can have a morning run or walk around to enjoy the city. Easy access to all the main tourist sites, schools, and office buildings.",https://a0.muscache.com/pictures/82f09cbf-55af-4d89-99e4-c327fb99ae72.jpg,95634275,https://www.airbnb.com/users/show/95634275,Sophia,2016-09-18,"Boston, MA","I am an MIT alum and a tech entrepreneur. Having traveled and worked in many cities across continents, I've been an Airbnb host and a guest many times! 

I love to welcome people to one of my favorite cities, Boston, and show them around. Feel free to ask me any questions!",within a day,100%,90%,,https://a0.muscache.com/im/pictures/user/a18fb9a4-5c21-406e-89ad-a555db5c71a5.jpg?aki_policy=profile_small,https://a0.muscache.com/im/pictures/user/a18fb9a4-5c21-406e-89ad-a555db5c71a5.jpg?aki_policy=profile_x_medium,Beacon Hill,34,53,"['email', 'phone', 'work_email']",t,t,Neighborhood highlights,Beacon Hill,,42.35966,-71.06538,Private room in townhouse,Private room,1,1.0,1 shared bath,1.0,1.0,"[""Essentials"", ""Air conditioning"", ""Smoke alarm"", ""Dedicated workspace"", ""Dishes and silverware"", ""Clothing storage"", ""Hot water kettle"", ""Self check-in"", ""Oven"", ""Room-darkening shades"", ""Long term stays allowed"", ""Carbon monoxide alarm"", ""Cleaning products"", ""Bed linens"", ""Microwave"", ""Shampoo"", ""Luggage dropoff allowed"", ""Hair dryer"", ""Refrigerator"", ""Mini fridge"", ""Extra pillows and blankets"", ""Fire extinguisher"", ""Lock on bedroom door"", ""Laundromat nearby"", ""Cooking basics"", ""Kitchen"", ""Hot water"", ""Smart lock"", ""Shower gel"", ""Heating"", ""Conditioner"", ""Iron"", ""Wifi"", ""First aid kit"", ""Hangers"", ""Exterior security cameras on property"", ""Stove"", ""Coffee maker""]",$89.00,29,1124,29,29,1124,1124,29.0,1124.0,,t,0,17,47,121,2025-06-19,183,3,0,121,3,174,15486.0,2017-08-28,2025-05-09,4.73,4.85,4.67,4.9,4.93,4.92,4.6,,f,6,2,4,0,1.92
664,20152689,https://www.airbnb.com/rooms/20152689,20250619031426,2025-06-19,city scrape,Cozy Room in the Heart of Boston (MGH/Downtown),"This is a furnished business rental only offered to business travelers. You will need to provide your company name and business trip information after booking. The house is a simple, historical 19th century home, situated in Boston's best neighborhood, Beacon Hill. Unbeatable location with easy access to everything. Space is small but comes with a full bed and everything you need. Great for those who are looking for a comfy stay in the heart of the city.","Beacon Hill is the most picturesque area in Boston. It's a safe neighborhood  (John Kerry lives here!) with many good restaurants and cafes around. Seven minutes walk and you'll hit Charles River where you can have a morning run or walk around to enjoy the city. Easy access to all the main tourist sites, schools, and office buildings.",https://a0.muscache.com/pictures/3a9e4506-6f4d-415f-8f5d-99bcd681292a.jpg,95634275,https://www.airbnb.com/users/show/95634275,Sophia,2016-09-18,"Boston, MA","I am an MIT alum and a tech entrepreneur. Having traveled and worked in many cities across continents, I've been an Airbnb host and a guest many times! 

I love to welcome people to one of my favorite cities, Boston, and show them around. Feel free to ask me any questions!",within a day,100%,90%,,https://a0.muscache.com/im/pictures/user/a18fb9a4-5c21-406e-89ad-a555db5c71a5.jpg?aki_policy=profile_small,https://a0.muscache.com/im/pictures/user/a18fb9a4-5c21-406e-89ad-a555db5c71a5.jpg?aki_policy=profile_x_medium,Beacon Hill,34,53,"['email', 'phone', 'work_email']",t,t,Neighborhood highlights,Beacon Hill,,42.36019,-71.064,Private room in townhouse,Private room,1,1.0,1 shared bath,1.0,1.0,"[""Essentials"", ""Air conditioning"", ""Smoke alarm"", ""Dedicated workspace"", ""Dishes and silverware"", ""Clothing storage"", ""Hot water kettle"", ""Self check-in"", ""Oven"", ""Room-darkening shades"", ""Long term stays allowed"", ""Carbon monoxide alarm"", ""Bed linens"", ""Microwave"", ""Shampoo"", ""Luggage dropoff allowed"", ""Hair dryer"", ""Refrigerator"", ""Mini fridge"", ""Extra pillows and blankets"", ""Fire extinguisher"", ""Lock on bedroom door"", ""Keypad"", ""Cooking basics"", ""Kitchen"", ""Hot water"", ""Heating"", ""Iron"", ""Wifi"", ""First aid kit"", ""Hangers"", ""Exterior security cameras on property"", ""Stove"", ""Coffee maker""]",$89.00,29,1125,29,29,1125,1125,29.0,1125.0,,t,0,30,60,70,2025-06-19,203,4,0,70,5,232,20648.0,2017-08-18,2025-05-07,4.71,4.8,4.58,4.9,4.97,4.96,4.54,Exempt: This listing is a unit used for furnished institutional or business stays,f,6,2,4,0,2.13
666,20237145,https://www.airbnb.com/rooms/20237145,20250619031426,2025-06-19,city scrape,"Bright and Spacious 3 BedR., 1 bath","We are a 15-minute drive from Downtown Boston, Logan Airport, universities, and historical sites such as Castle Island, The James Blake House 1661, Quincy House, beaches, museums, JFK Library, state parks, and shopping malls, easy access to the ocean, I93 to Cape Cod.  Just a 5-minute walk to the  Red Line T Station and a 20-minute train ride to Downtown. Our location is steps away from local restaurants, cafes, and markets on the main street, and free on-street parking available.",,https://a0.muscache.com/pictures/a90c4b1c-823c-4950-88c6-843dbed9b1ad.jpg,66645251,https://www.airbnb.com/users/show/66645251,Mary,2016-04-10,"Boston, MA",,within a day,100%,95%,t,https://a0.muscache.com/im/pictures/user/488c15d5-ce82-45c8-8847-c2c5659df5d6.jpg?aki_policy=profile_small,https://a0.muscache.com/im/pictures/user/488c15d5-ce82-45c8-8847-c2c5659df5d6.jpg?aki_policy=profile_x_medium,Dorchester,2,4,"['email', 'phone']",t,t,,Dorchester,,42.30427,-71.06056,Entire rental unit,Entire home/apt,6,1.0,1 bath,3.0,3.0,"[""Essentials"", ""Air conditioning"", ""Smoke alarm"", ""Dishes and silverware"", ""Oven"", ""Carbon monoxide alarm"", ""Bed linens"", ""Microwave"", ""Shampoo"", ""Luggage dropoff allowed"", ""Hair dryer"", ""Refrigerator"", ""Extra pillows and blankets"", ""Private patio or balcony"", ""Fire extinguisher"", ""TV"", ""Cooking basics"", ""Kitchen"", ""Hot water"", ""Heating"", ""Iron"", ""Wifi"", ""First aid kit"", ""Hangers"", ""Exterior security cameras on property"", ""Stove"", ""Coffee maker"", ""Free street parking""]",$153.00,1,28,1,2,28,28,1.3,28.0,,t,3,22,46,144,2025-06-19,177,29,5,143,32,174,26622.0,2017-08-12,2025-06-05,4.88,4.94,4.96,4.94,4.94,4.49,4.76,STR-420486,f,2,2,0,0,1.85
702,21096288,https://www.airbnb.com/rooms/21096288,20250619031426,2025-06-19,city scrape,Minutes to Downtown Boston,"Sunny unit located on a quiet street, only minutes to downtown -- 2 min walk to the Savin Hill T, 4 stops to South Station, 5 stops to Downtown Crossing! Be downtown in less than 15 min door to door!<br /><br />We have everything you'll need for an extended stay: fast wi-fi, smart TV with streaming options, free washer/dryer, desks/chairs to work, fully stocked kitchen, ceiling fans, 1 off street parking space, easy street parking, and more.","Savin Hill is close to the JFK Library, UMass Boston, and the Savin Hill ""Malibu"" Beach - great place for a walk or a picnic. In the past, Savin Hill was a mostly Irish neighborhood. Though some Irish bars remain (try The Banshee!), many younger professionals and families have moved in the last few years, making the neighborhood safe, eclectic, and full of many varied dining options -- upscale bars, Vietnamese, Indian, and much more.",https://a0.muscache.com/pictures/7ebae20f-488e-4515-94ea-07514deb0136.jpg,12357599,https://www.airbnb.com/users/show/12357599,Jordy,2014-02-18,"Incline Village, NV","I've had the pleasure of hosting hundreds of guests at my Airbnb listings, and have been a guest myself at a number of Airbnb properties around the world. I'm very familiar with the properties I've listed, so no question will go unanswered. As a guest, I have stayed in bargain Airbnbs with the absolute bare minimum of furnishings. They feel like understocked prisons! I've tried really hard to do the opposite with my properties, thinking ahead about guest needs and including little touches of home where I can. From vegetable peelers and wine openers, to rugs, art, and outdoor seating, I want you to enjoy a luxurious experience.

I'm a traveler at heart (50+ countries and counting!), and I love being able to share a unique travel experience with guests, so don't hesitate if you have a question. My interests include: travel, rock climbing, snowboarding, cycling, soccer, photography, art, and writing.",within a day,90%,33%,t,https://a0.muscache.com/im/pictures/user/01e6b818-5974-44b7-9784-ba4690978f76.jpg?aki_policy=profile_small,https://a0.muscache.com/im/pictures/user/01e6b818-5974-44b7-9784-ba4690978f76.jpg?aki_policy=profile_x_medium,Dorchester,1,2,"['email', 'phone']",t,t,Neighborhood highlights,Dorchester,,42.31139,-71.05494,Entire home,Entire home/apt,4,1.0,1 bath,4.0,4.0,"[""Essentials"", ""Washer"", ""HDTV with Amazon Prime Video, Roku, Netflix, HBO Max"", ""Smoke alarm"", ""Self check-in"", ""Oven"", ""Long term stays allowed"", ""Carbon monoxide alarm"", ""Bed linens"", ""Shampoo"", ""Children\u2019s books and toys"", ""Hair dryer"", ""Luggage dropoff allowed"", ""Pack \u2019n play/Travel crib"", ""Pets allowed"", ""Extra pillows and blankets"", ""Private patio or balcony"", ""Lockbox"", ""Dryer"", ""Kitchen"", ""Hot water"", ""Heating"", ""Iron"", ""Wifi"", ""Hangers"", ""Coffee maker"", ""Free parking on premises"", ""Free street parking""]",$119.00,31,365,29,31,365,365,30.8,365.0,,t,0,0,0,87,2025-06-19,19,1,0,13,1,62,7378.0,2018-05-31,2025-03-08,4.63,4.84,4.16,5.0,5.0,4.74,4.68,,f,1,1,0,0,0.22
712,21444743,https://www.airbnb.com/rooms/21444743,20250619031426,2025-06-19,city scrape,Back Bay Studio on Marlborough St-min 3 months,Back Bay furnished studio a couple of blocks up from the Boston Public Garden.   Newburybury St and subway are 2 streets over.  This apt requires a 90 day minimum rental.,,https://a0.muscache.com/pictures/ac711130-f4b0-444a-a12e-4296ddc586cd.jpg,155595193,https://www.airbnb.com/users/show/155595193,Michelle,2017-10-21,"Newburyport, MA",,within a day,60%,27%,f,https://a0.muscache.com/im/pictures/user/6f43c46c-379d-430b-aebf-cf051439e1c9.jpg?aki_policy=profile_small,https://a0.muscache.com/im/pictures/user/6f43c46c-379d-430b-aebf-cf051439e1c9.jpg?aki_policy=profile_x_medium,Back Bay,11,16,['phone'],t,t,,Back Bay,,42.35243,-71.07565,Entire condo,Entire home/apt,2,1.0,1 bath,0.0,1.0,"[""Essentials"", ""Kitchen"", ""Washer"", ""Hot water"", ""Refrigerator"", ""Heating"", ""Iron"", ""Air conditioning"", ""Smoke alarm"", ""Wifi"", ""Hangers"", ""Long term stays allowed"", ""TV"", ""Hair dryer"", ""Carbon monoxide alarm"", ""Dryer""]",$120.00,91,1125,91,91,1125,1125,91.0,1125.0,,t,29,59,89,364,2025-06-19,0,0,0,195,0,0,0.0,,,,,,,,,,,f,8,8,0,0,
713,21445050,https://www.airbnb.com/rooms/21445050,20250619031426,2025-06-19,city scrape,LUXURY BACK BAY STUDIO NEAR BERKLEY & Northeastern,Back Bay studio near Berkley.  Laundry in building.   Queen murphy bed.,,https://a0.muscache.com/pictures/74185fa7-2fd3-44bd-a2a0-8e93df61d087.jpg,155595193,https://www.airbnb.com/users/show/155595193,Michelle,2017-10-21,"Newburyport, MA",,within a day,60%,27%,f,https://a0.muscache.com/im/pictures/user/6f43c46c-379d-430b-aebf-cf051439e1c9.jpg?aki_policy=profile_small,https://a0.muscache.com/im/pictures/user/6f43c46c-379d-430b-aebf-cf051439e1c9.jpg?aki_policy=profile_x_medium,Back Bay,11,16,['phone'],t,t,,Fenway,,42.34651,-71.0899,Entire rental unit,Entire home/apt,2,1.0,1 bath,0.0,1.0,"[""Essentials"", ""Washer"", ""Air conditioning"", ""Smoke alarm"", ""Dishes and silverware"", ""Elevator"", ""Long term stays allowed"", ""Carbon monoxide alarm"", ""Microwave"", ""Hair dryer"", ""TV"", ""Dryer"", ""Kitchen"", ""Hot water"", ""Heating"", ""Iron"", ""Wifi"", ""Hangers"", ""Coffee maker""]",$120.00,32,1125,32,32,1125,1125,32.0,1125.0,,t,0,0,20,295,2025-06-19,3,1,0,126,0,64,7680.0,2017-11-17,2025-05-01,5.0,5.0,4.33,5.0,5.0,5.0,4.67,,f,8,8,0,0,0.03
714,21445137,https://www.airbnb.com/rooms/21445137,20250619031426,2025-06-19,city scrape,"APRIL- Discounted-Beacon Hill-walk to MGH, subway.","BEACON HILL STUDIO APT NICELY FURNISHED W/GRANITE COUNTERS AND MORE.<br />New Queen Murphy Bed has been installed. <br />Walk to Mass General, Mass Eye and Ear, many other hospitals, subway, Whole Foods, downtown, Fanuiel Hall, Back Bay, North End and more.","Beacon Hill is one of the nicest neighborhoods in Boston's.   The subway, Mass General Hospital, Mass Eye and Ear, Charles Street,  is steps away.   <br /><br />Restaurants, Shops and Cafes are the next street over on Charles Street.    Back Bay, Downtown, the North End and the waterfront is a close walk.",https://a0.muscache.com/pictures/1d2a32b0-d87c-4fc3-a3f9-08535502dad8.jpg,155595193,https://www.airbnb.com/users/show/155595193,Michelle,2017-10-21,"Newburyport, MA",,within a day,60%,27%,f,https://a0.muscache.com/im/pictures/user/6f43c46c-379d-430b-aebf-cf051439e1c9.jpg?aki_policy=profile_small,https://a0.muscache.com/im/pictures/user/6f43c46c-379d-430b-aebf-cf051439e1c9.jpg?aki_policy=profile_x_medium,Back Bay,11,16,['phone'],t,t,Neighborhood highlights,Beacon Hill,,42.36048,-71.06898,Entire condo,Entire home/apt,2,1.0,1 bath,0.0,1.0,"[""Wine glasses"", ""Essentials"", ""Washer"", ""Air conditioning"", ""Smoke alarm"", ""Dishes and silverware"", ""Self check-in"", ""Dining table"", ""Long term stays allowed"", ""Coffee maker"", ""Carbon monoxide alarm"", ""Bed linens"", ""Microwave"", ""Shampoo"", ""Hair dryer"", ""Freezer"", ""Refrigerator"", ""Lockbox"", ""Fire extinguisher"", ""TV"", ""Dishwasher"", ""Laundromat nearby"", ""Dryer"", ""Kitchen"", ""Hot water"", ""Heating"", ""Iron"", ""Wifi"", ""Hangers"", ""Bathtub""]",$130.00,32,1125,32,32,1125,1125,32.0,1125.0,,t,0,18,48,323,2025-06-19,2,0,0,154,0,0,0.0,2018-06-20,2022-08-31,4.0,4.5,4.0,4.5,4.0,5.0,3.5,,f,8,8,0,0,0.02
715,21445237,https://www.airbnb.com/rooms/21445237,20250619031426,2025-06-19,previous scrape,North End one bedroom in Boston's Little Italy,"Stay in Boston's Little Italy.   One bedroom in Boston's North End.   Granite stainless appliances breakfast counter.   One minute to Hanover Street, 5 minute walk to Faneuil Hall and subway.<br /><br />SOFA BED MATTRESS WAS JUST REPLACED 9/2/2018",,https://a0.muscache.com/pictures/b2f800bb-4202-46ce-8135-3830e572a8c2.jpg,155595193,https://www.airbnb.com/users/show/155595193,Michelle,2017-10-21,"Newburyport, MA",,within a day,60%,27%,f,https://a0.muscache.com/im/pictures/user/6f43c46c-379d-430b-aebf-cf051439e1c9.jpg?aki_policy=profile_small,https://a0.muscache.com/im/pictures/user/6f43c46c-379d-430b-aebf-cf051439e1c9.jpg?aki_policy=profile_x_medium,Back Bay,11,16,['phone'],t,t,,Brighton,,42.35123,-71.15157,Entire condo,Entire home/apt,3,,1 bath,1.0,,"[""Essentials"", ""Kitchen"", ""Washer"", ""Hot water"", ""Self check-in"", ""Heating"", ""Iron"", ""Air conditioning"", ""Smoke alarm"", ""Wifi"", ""Hangers"", ""Lockbox"", ""Long term stays allowed"", ""TV"", ""Hair dryer"", ""Carbon monoxide alarm"", ""Dryer""]",,91,1125,91,91,1125,1125,91.0,1125.0,,,0,0,0,0,2025-06-19,0,0,0,0,0,0,,,,,,,,,,,,f,8,8,0,0,
720,21597670,https://www.airbnb.com/rooms/21597670,20250619031426,2025-06-19,city scrape,Entire 1-bedroom Apartment Near Downtown/Longwood,"Thank you for visiting our listing! <br /><br />This lovely, private 1-bedroom apartment in the lower level of our townhouse has a dining room, living room, kitchenette, bathroom, and bedroom. All yours!!!  That’s not all...Walk just 5-10 min. to the train (called the “T”) or drive 5-10 min. to the highway. Easy in/out/around. We also know the hidden ethnic food gems of the city for all you foodies out there. :-)","Our house is just outside of the historical Fort Hill neighborhood and a short walk away from the Latino district of the Jamaica Plain neighborhood.  A new bar and grill restaurant just opened up down the street and there are plenty of Latino spots to make your mouth water.  A major supermarket is within walking distance as well.    <br /><br />Public transportation in Boston is great, so the nearby train is your ticket to all the sites and sounds the city has to offer--from Harvard to MIT to the downtown financial district to the Boston Harbor to Paul Revere's home, and beyond.  Boston is known for being a walkable city too, so be sure to bring good walking shoes.",https://a0.muscache.com/pictures/a6bc9fc0-1f91-4aea-b314-f1ddee83e43a.jpg,60155656,https://www.airbnb.com/users/show/60155656,Chaletta,2016-02-24,"Boston, MA",We are a busy family but love using our 20+ years of experience to orient visitors to the Boston area.  We are located super near everything so our place is the perfect ‘home base’ for your Boston adventures. Look forward to meeting you soon!,within a day,100%,64%,t,https://a0.muscache.com/im/pictures/user/1a6501ef-9fb8-44c6-b323-8be66611e0d0.jpg?aki_policy=profile_small,https://a0.muscache.com/im/pictures/user/1a6501ef-9fb8-44c6-b323-8be66611e0d0.jpg?aki_policy=profile_x_medium,Roxbury,1,1,"['email', 'phone']",t,t,Neighborhood highlights,Roxbury,,42.31977,-71.09202,Private room in townhouse,Private room,4,1.0,1 private bath,1.0,1.0,"[""Wine glasses"", ""Essentials"", ""Air conditioning"", ""Smoke alarm"", ""Dedicated workspace"", ""Dishes and silverware"", ""Crib"", ""Books and reading material"", ""Clothing storage"", ""Coffee"", ""High chair"", ""Self check-in"", ""Dining table"", ""Long term stays allowed"", ""Carbon monoxide alarm"", ""Cleaning products"", ""Bed linens"", ""Microwave"", ""Shampoo"", ""Children\u2019s books and toys"", ""Hair dryer"", ""Luggage dropoff allowed"", ""Pack \u2019n play/Travel crib"", ""Body soap"", ""Freezer"", ""Refrigerator"", ""Extra pillows and blankets"", ""Private living room"", ""Lock on bedroom door"", ""Laundromat nearby"", ""Cooking basics"", ""Hot water"", ""Smart lock"", ""Shower gel"", ""Heating"", ""Conditioner"", ""Iron"", ""Wifi"", ""Hangers"", ""Babysitter recommendations"", ""Exterior security cameras on property"", ""Coffee maker"", ""Free street parking""]",$70.00,30,1125,30,30,1125,1125,30.0,1125.0,,t,0,0,15,194,2025-06-19,116,3,1,121,2,180,12600.0,2017-11-13,2025-06-14,4.96,4.98,4.99,4.97,4.99,4.72,4.86,,f,1,0,1,0,1.25
723,21679902,https://www.airbnb.com/rooms/21679902,20250619031426,2025-06-19,city scrape,"Back Bay studio- Close to Northeastern, colleges..","Back Bay studio overlooking Marlborough St. Walk to subway, restaurants, shops, Newbury St.     Apt has a queen mahogany murphy bed.   <br /><br />Live in the heart of Back Bay in a brownstone building with bay window overlooking Marlborough St.<br /><br />This aps has been painted and updated since these photos.",,https://a0.muscache.com/pictures/3a786cd4-2a6e-4acb-be6c-09249834d4e1.jpg,155595193,https://www.airbnb.com/users/show/155595193,Michelle,2017-10-21,"Newburyport, MA",,within a day,60%,27%,f,https://a0.muscache.com/im/pictures/user/6f43c46c-379d-430b-aebf-cf051439e1c9.jpg?aki_policy=profile_small,https://a0.muscache.com/im/pictures/user/6f43c46c-379d-430b-aebf-cf051439e1c9.jpg?aki_policy=profile_x_medium,Back Bay,11,16,['phone'],t,t,,Back Bay,,42.35144,-71.08725,Entire rental unit,Entire home/apt,2,1.0,1 bath,0.0,1.0,"[""Essentials"", ""Air conditioning"", ""Smoke alarm"", ""Dishes and silverware"", ""Carbon monoxide alarm"", ""Microwave"", ""Shampoo"", ""Hair dryer"", ""Refrigerator"", ""Fire extinguisher"", ""TV"", ""Cooking basics"", ""Indoor fireplace"", ""Kitchen"", ""Hot water"", ""Heating"", ""Iron"", ""Wifi"", ""Hangers"", ""Coffee maker""]",$202.00,32,1125,32,32,1125,1125,32.0,1125.0,,t,29,59,89,308,2025-06-19,5,1,0,139,1,64,12928.0,2018-04-08,2024-08-07,4.6,4.8,4.6,4.2,4.8,5.0,4.6,,f,8,8,0,0,0.06
729,21779767,https://www.airbnb.com/rooms/21779767,20250619031426,2025-06-19,city scrape,BACK BAY ONE BEDROOM ON COMMONWEALTH AVE-MONTHLY,One bedroom in the Back Bay on Commonwealth Ave.  Laundry in building. One street over from Newbury Street.,,https://a0.muscache.com/pictures/a884cca9-d1e6-438c-adda-ae54bc9fe855.jpg,155595193,https://www.airbnb.com/users/show/155595193,Michelle,2017-10-21,"Newburyport, MA",,within a day,60%,27%,f,https://a0.muscache.com/im/pictures/user/6f43c46c-379d-430b-aebf-cf051439e1c9.jpg?aki_policy=profile_small,https://a0.muscache.com/im/pictures/user/6f43c46c-379d-430b-aebf-cf051439e1c9.jpg?aki_policy=profile_x_medium,Back Bay,11,16,['phone'],t,t,,Back Bay,,42.35078,-71.08389,Entire condo,Entire home/apt,2,1.0,1 bath,1.0,1.0,"[""Essentials"", ""Washer"", ""Smoke alarm"", ""Dishes and silverware"", ""Elevator"", ""Oven"", ""Long term stays allowed"", ""Carbon monoxide alarm"", ""Microwave"", ""Hair dryer"", ""Refrigerator"", ""Fire extinguisher"", ""TV"", ""Dishwasher"", ""Dryer"", ""Cooking basics"", ""Kitchen"", ""Hot water"", ""Heating"", ""Iron"", ""Wifi"", ""Hangers"", ""Stove"", ""Coffee maker""]",$130.00,32,1125,32,32,1125,1125,32.0,1125.0,,t,17,47,61,240,2025-06-19,2,1,0,71,1,64,8320.0,2018-08-31,2024-12-23,4.5,4.0,4.5,5.0,4.5,5.0,4.0,,f,8,8,0,0,0.02
734,21815325,https://www.airbnb.com/rooms/21815325,20250619031426,2025-06-19,city scrape,"WaterfrontM (North End)-MGH, SUBWAY, RESTAURANTS",Large studio apt -tastefully decorated w/breakfast counter.,,https://a0.muscache.com/pictures/127a75ae-8acb-4d49-b52f-cb19685f7366.jpg,155595193,https://www.airbnb.com/users/show/155595193,Michelle,2017-10-21,"Newburyport, MA",,within a day,60%,27%,f,https://a0.muscache.com/im/pictures/user/6f43c46c-379d-430b-aebf-cf051439e1c9.jpg?aki_policy=profile_small,https://a0.muscache.com/im/pictures/user/6f43c46c-379d-430b-aebf-cf051439e1c9.jpg?aki_policy=profile_x_medium,Back Bay,11,16,['phone'],t,t,,North End,,42.36571,-71.05065,Entire condo,Entire home/apt,2,1.0,1 bath,0.0,1.0,"[""Essentials"", ""Washer"", ""Air conditioning"", ""Smoke alarm"", ""Dedicated workspace"", ""Self check-in"", ""Long term stays allowed"", ""Carbon monoxide alarm"", ""Hair dryer"", ""Refrigerator"", ""Lockbox"", ""TV"", ""Dryer"", ""Kitchen"", ""Hot water"", ""Heating"", ""Iron"", ""Wifi"", ""Hangers"", ""Coffee maker""]",$185.00,32,1125,32,32,1125,1125,32.0,1125.0,,t,19,19,25,300,2025-06-19,0,0,0,131,0,0,0.0,,,,,,,,,,,f,8,8,0,0,
775,23258400,https://www.airbnb.com/rooms/23258400,20250619031426,2025-06-19,city scrape,Boston - Logan Intl Airport I,"Apartment located in East Boston. Renovated Kitchen and bathroom! Granite counter tops, microwave appliances with new cabinets, tile, and Washer & Dryer in Basement. ( Sharing kitchen and bathroom with other 3 roommates)<br /><br />MBTA Subway Access:<br />- Blue Line: Suffolk Downs Station - 6 minutes and Orient Heights Station - 7 minutes.<br />- Great location: 3 stops to airport, 6 stops to Downtown, and 2 stops to Beach.",,https://a0.muscache.com/pictures/fdc6d125-9650-4be8-9a19-00c301464192.jpg,129278480,https://www.airbnb.com/users/show/129278480,Jay,2017-05-07,,,within a day,75%,100%,f,https://a0.muscache.com/im/pictures/user/25f43520-b325-40f1-a29a-ffd8567b16f1.jpg?aki_policy=profile_small,https://a0.muscache.com/im/pictures/user/25f43520-b325-40f1-a29a-ffd8567b16f1.jpg?aki_policy=profile_x_medium,East Boston,4,7,"['email', 'phone']",t,f,,East Boston,,42.38856,-71.00168,Private room in rental unit,Private room,1,1.0,1 shared bath,1.0,1.0,"[""Kitchen"", ""Washer"", ""Heating"", ""Iron"", ""Air conditioning"", ""Smoke alarm"", ""Wifi"", ""Hangers"", ""Lock on bedroom door"", ""Hair dryer"", ""Carbon monoxide alarm"", ""Dryer""]",$50.00,91,1125,91,91,1125,1125,91.0,1125.0,,t,30,60,90,364,2025-06-19,3,0,0,196,0,0,0.0,2019-05-31,2022-12-22,4.67,4.33,5.0,5.0,4.67,5.0,4.67,,f,4,0,4,0,0.04
820,24079621,https://www.airbnb.com/rooms/24079621,20250619031426,2025-06-19,city scrape,Victorian 3rd Floor Unit,"We are a 15-minute drive to Downtown Boston, Logan Airport, major Universities, historical sites like Castle Island, the beach, museums, State Parks, and major shopping malls. It is easily accessible by trains or buses (5-minute walk to the T and a 15-minute train ride to Downtown Boston). Steps away from local restaurants, cafes, bakeries, and markets on the main street.  Free on-street parking.",,https://a0.muscache.com/pictures/56cf0429-1b10-4053-8549-04b355dc9cbe.jpg,66645251,https://www.airbnb.com/users/show/66645251,Mary,2016-04-10,"Boston, MA",,within a day,100%,95%,t,https://a0.muscache.com/im/pictures/user/488c15d5-ce82-45c8-8847-c2c5659df5d6.jpg?aki_policy=profile_small,https://a0.muscache.com/im/pictures/user/488c15d5-ce82-45c8-8847-c2c5659df5d6.jpg?aki_policy=profile_x_medium,Dorchester,2,4,"['email', 'phone']",t,t,,Dorchester,,42.30441,-71.06202,Entire rental unit,Entire home/apt,4,1.0,1 bath,3.0,3.0,"[""Essentials"", ""Air conditioning"", ""Smoke alarm"", ""Dishes and silverware"", ""Oven"", ""Carbon monoxide alarm"", ""Bed linens"", ""Microwave"", ""Shampoo"", ""Luggage dropoff allowed"", ""Hair dryer"", ""Refrigerator"", ""Extra pillows and blankets"", ""Private patio or balcony"", ""Fire extinguisher"", ""TV"", ""Cooking basics"", ""Kitchen"", ""Hot water"", ""Heating"", ""Iron"", ""Wifi"", ""First aid kit"", ""Hangers"", ""Exterior security cameras on property"", ""Stove"", ""Coffee maker"", ""Free street parking""]",$135.00,1,28,1,2,28,28,1.4,28.0,,t,1,8,23,89,2025-06-19,198,42,5,89,39,252,34020.0,2018-05-13,2025-06-10,4.8,4.91,4.94,4.92,4.95,4.44,4.71,STR-424305,f,2,2,0,0,2.29
826,24168312,https://www.airbnb.com/rooms/24168312,20250619031426,2025-06-19,city scrape,Back Bay Apt on Marlborough St (Hereford St block),"Back Bay studio on Marlborough St.  Nicely decorated  apt on prestigious Marlborough St.   This apt is in a Back Bay brownstone with a bow window overlooking Marlborough St.    Walk to subway, Newbury St, Fenway Park, Boston Public Garden, Back Bay area, Beacon Hill, Downtown and all that Boston has to offer.<br />Apt has a queen murphy bed.  This apt does not come with a parking spot.    You would have to look online to rent a spot.  You really don't need a car in Boston.   The subway is close by.",The subway is a 5 minute walk,https://a0.muscache.com/pictures/9fb9ab24-4316-4ce7-87e6-797d01a3d770.jpg,180283497,https://www.airbnb.com/users/show/180283497,Michelle,2018-03-24,,,within a day,65%,24%,f,https://a0.muscache.com/im/pictures/user/80c96d1c-7c58-4116-bc2a-865d49c2e185.jpg?aki_policy=profile_small,https://a0.muscache.com/im/pictures/user/80c96d1c-7c58-4116-bc2a-865d49c2e185.jpg?aki_policy=profile_x_medium,Back Bay,15,18,['phone'],t,t,Neighborhood highlights,Back Bay,,42.35136,-71.08851,Entire condo,Entire home/apt,2,1.0,1 bath,0.0,1.0,"[""Essentials"", ""Air conditioning"", ""Smoke alarm"", ""Dishes and silverware"", ""Electric stove"", ""Hot water kettle"", ""Self check-in"", ""Long term stays allowed"", ""Coffee maker"", ""Carbon monoxide alarm"", ""Cleaning products"", ""Bed linens"", ""Microwave"", ""Shampoo"", ""TV with standard cable"", ""Hair dryer"", ""Freezer"", ""Refrigerator"", ""Extra pillows and blankets"", ""Lockbox"", ""Fire extinguisher"", ""Dishwasher"", ""Cooking basics"", ""Indoor fireplace"", ""Kitchen"", ""Hot water"", ""Heating"", ""Iron"", ""Wifi"", ""Hangers"", ""Bathtub""]",$202.00,29,1125,29,29,1125,1125,29.0,1125.0,,t,0,0,17,292,2025-06-19,19,1,0,123,1,58,11716.0,2018-05-11,2024-09-15,4.47,4.58,4.42,4.79,4.84,5.0,4.58,,f,7,7,0,0,0.22
828,24231732,https://www.airbnb.com/rooms/24231732,20250619031426,2025-06-19,city scrape,1 Mile To Downtown Boston in a 2 Bedroom.,"A  great, 2 Bedroom apartment. Across from beautiful, historic, Highland Park. Within 1 mile (as the crow flies) from downtown Boston. Attached Brick Brownstone. Free on street Parking. Ten minute walk to the Train. Ten minutes to most of the major Hospitals in the Longwood Medical area. Ten Minutes to the Museum of Fine Art.","Its a quiet neighborhood, with mostly landlord owned  small 3 family professional types, working class folks and small condominium buildings.",https://a0.muscache.com/pictures/a0aa45cc-3a63-47e4-83a0-1abbe0c1666a.jpg,122568097,https://www.airbnb.com/users/show/122568097,Nick,2017-03-25,"Boston, MA","I'm From Boston, I love this city, and all it  has to offer. The arts, music, medical, and tech advantages, this city offers. Its amazing History, its charm, and on, and on.",within a day,100%,0%,f,https://a0.muscache.com/im/pictures/user/5179d2a0-3513-4982-a7f1-ae47183e7f87.jpg?aki_policy=profile_small,https://a0.muscache.com/im/pictures/user/5179d2a0-3513-4982-a7f1-ae47183e7f87.jpg?aki_policy=profile_x_medium,Roxbury,4,5,"['email', 'phone']",t,t,Neighborhood highlights,Roxbury,,42.32586,-71.09651,Entire rental unit,Entire home/apt,4,1.0,1 bath,2.0,2.0,"[""Essentials"", ""Private entrance"", ""Washer"", ""Air conditioning"", ""Smoke alarm"", ""Dishes and silverware"", ""Self check-in"", ""Oven"", ""Building staff"", ""Carbon monoxide alarm"", ""Bed linens"", ""Microwave"", ""Shampoo"", ""Hair dryer"", ""Refrigerator"", ""Pets allowed"", ""Extra pillows and blankets"", ""Fire extinguisher"", ""TV"", ""Dryer"", ""Cooking basics"", ""Kitchen"", ""Hot water"", ""Heating"", ""Iron"", ""Wifi"", ""Hangers"", ""Exterior security cameras on property"", ""Stove"", ""Coffee maker"", ""Free street parking""]",$196.00,28,90,30,30,90,90,30.0,90.0,,t,27,57,87,177,2025-06-19,85,0,0,177,0,0,0.0,2018-05-07,2020-08-08,4.35,4.32,4.19,4.87,4.86,4.65,4.45,STR-414837,f,4,4,0,0,0.98
831,24277032,https://www.airbnb.com/rooms/24277032,20250619031426,2025-06-19,city scrape,"North End 1 Bedroom- CLOSE MGH, Subway, Hanover St",One bedroom in the North End-1 minute walk to Hanover St-Bostons' Little Italy.   Double pullout in the living room.   Nicely decorated.  Great apt in a awesome location.,There are over 100 restaurants cafes and shops within in a 2 minute walk.,https://a0.muscache.com/pictures/35deeffd-b327-4768-8848-d28fc2b40ecd.jpg,180283497,https://www.airbnb.com/users/show/180283497,Michelle,2018-03-24,,,within a day,65%,24%,f,https://a0.muscache.com/im/pictures/user/80c96d1c-7c58-4116-bc2a-865d49c2e185.jpg?aki_policy=profile_small,https://a0.muscache.com/im/pictures/user/80c96d1c-7c58-4116-bc2a-865d49c2e185.jpg?aki_policy=profile_x_medium,Back Bay,15,18,['phone'],t,t,Neighborhood highlights,North End,,42.36547,-71.05492,Entire condo,Entire home/apt,2,1.0,1 bath,1.0,2.0,"[""Essentials"", ""Washer"", ""Air conditioning"", ""Smoke alarm"", ""Dishes and silverware"", ""Self check-in"", ""Carbon monoxide alarm"", ""Microwave"", ""Hair dryer"", ""Refrigerator"", ""Lockbox"", ""Fire extinguisher"", ""TV"", ""Dryer"", ""Kitchen"", ""Hot water"", ""Heating"", ""Iron"", ""Wifi"", ""Hangers"", ""Coffee maker""]",$130.00,32,730,32,32,730,730,32.0,730.0,,t,30,60,90,365,2025-06-19,4,0,0,196,1,0,0.0,2018-08-14,2024-05-09,4.25,4.0,4.75,4.5,4.75,5.0,3.75,,f,7,7,0,0,0.05
833,24325336,https://www.airbnb.com/rooms/24325336,20250619031426,2025-06-19,city scrape,Beacon Hill Studio - 2 min Walk to MGH-Subway-,"Stay in the heart of the city.  Beacon Hill studio apartment tastefully decorated.  Walk to Mass General, Mass Eye & Ear, Subway, Back Bay, Downtown, North End, Faneuil Hall and much more.<br />The subway is within a 2-3 minute walk.   This apt is centrally located and walking distance to numerous restaurants, cafes, shops, transportation.<br />No pets are allowed",,https://a0.muscache.com/pictures/85b18a82-8767-4b89-8b46-2a3ff5012b08.jpg,180283497,https://www.airbnb.com/users/show/180283497,Michelle,2018-03-24,,,within a day,65%,24%,f,https://a0.muscache.com/im/pictures/user/80c96d1c-7c58-4116-bc2a-865d49c2e185.jpg?aki_policy=profile_small,https://a0.muscache.com/im/pictures/user/80c96d1c-7c58-4116-bc2a-865d49c2e185.jpg?aki_policy=profile_x_medium,Back Bay,15,18,['phone'],t,t,,Beacon Hill,,42.36026,-71.07003,Entire rental unit,Entire home/apt,2,1.0,1 bath,0.0,1.0,"[""Essentials"", ""Washer"", ""Air conditioning"", ""Smoke alarm"", ""Dishes and silverware"", ""Self check-in"", ""Oven"", ""Long term stays allowed"", ""Carbon monoxide alarm"", ""Microwave"", ""Hair dryer"", ""Refrigerator"", ""Lockbox"", ""Fire extinguisher"", ""TV"", ""Dryer"", ""Cooking basics"", ""Kitchen"", ""Hot water"", ""Heating"", ""Iron"", ""Wifi"", ""Hangers"", ""Stove"", ""Coffee maker""]",$130.00,29,1125,29,29,1125,1125,29.0,1125.0,,t,4,18,35,310,2025-06-19,9,1,1,141,0,58,7540.0,2018-05-30,2025-06-04,4.78,5.0,5.0,4.56,4.89,5.0,4.78,,f,7,7,0,0,0.1
866,25429787,https://www.airbnb.com/rooms/25429787,20250619031426,2025-06-19,city scrape,2 sunny guest rooms in 1920s flat amid parks+cafés,"Please read my listing carefully.  If my home seems like a good fit for you, kindly let me know what brings .you to Boston and whom you will be traveling with.<br /><br />I offer two light-filled rooms in my airy flat in Boston's lively Jamaica Plain neighborhood, a direct bus ride from downtown, Longwood Medical Center, and Fenway Stadium.","Within a short walk you'll find award-winning restaurants, groceries, book and music shops, and the renowned 7-mile-long 'Emerald Necklace' of ponds and parks designed by Frederick Law Olmstead.<br /><br />Jamaica Plain (JP) is remarkable for its expansive green spaces, its vast array of craft schools and makerspaces, wonderful cafes/restaurants for any budget, excellent thrift shops, and a well-supported neighborhood economy that has resisted the incursion of most chain stores.",https://a0.muscache.com/pictures/946ea066-0209-4a40-9370-bcc698014489.jpg,191880,https://www.airbnb.com/users/show/191880,Fabien,2010-08-05,"Boston, MA","I live in Boston, where I work as a writer, editor, and dog walker.  I also love to paint, garden, and pedal around on my bike.

I've had some wonderful experiences traveling through AirBnB, and now that I have guest quarters of my own, I'm finding it a joy to welcome my own guests.",within a day,89%,87%,t,https://a0.muscache.com/im/users/191880/profile_pic/1360970045/original.jpg?aki_policy=profile_small,https://a0.muscache.com/im/users/191880/profile_pic/1360970045/original.jpg?aki_policy=profile_x_medium,Jamaica Plain,1,1,"['email', 'phone']",t,t,Neighborhood highlights,Jamaica Plain,,42.31522,-71.11218,Private room in condo,Private room,4,1.0,1 shared bath,2.0,2.0,"[""Hammock"", ""Essentials"", ""Washer"", ""Smoke alarm"", ""Shared patio or balcony"", ""Dedicated workspace"", ""Dishes and silverware"", ""High chair"", ""Oven"", ""Breakfast"", ""Carbon monoxide alarm"", ""Bed linens"", ""Microwave"", ""Shampoo"", ""Children\u2019s books and toys"", ""Hair dryer"", ""Garden view"", ""Refrigerator"", ""Pets allowed"", ""Extra pillows and blankets"", ""Outdoor furniture"", ""Private living room"", ""Shared backyard \u2013 Not fully fenced"", ""Dishwasher"", ""Dryer"", ""Cooking basics"", ""Kitchen"", ""Hot water"", ""Exercise equipment"", ""Heating"", ""Iron"", ""Wifi"", ""Outdoor dining area"", ""Hangers"", ""Stove"", ""Coffee maker"", ""Free street parking""]",$119.00,4,31,4,4,31,31,4.0,31.0,,t,7,7,23,23,2025-06-19,87,11,2,23,15,88,10472.0,2019-10-12,2025-06-03,5.0,4.94,4.93,4.98,4.99,4.93,4.92,STR-511486,f,1,0,1,0,1.26
867,25476466,https://www.airbnb.com/rooms/25476466,20250619031426,2025-06-19,previous scrape,"River Location, City Views-Safe, Walkable,Central!","*Prefer rental of one year, long term discount. <br /> *LOCATION!! ON CHARLES RIVER--GREAT FOR BUSINESS,JOGGERS,SAILORS. SAFE,CITY LOCATION. Back Bay Charlesgate area. <br />*WALKABLE to MIT,Northeastern,BU,HarvardMedicalSch,Berklee Music/Jazz,NE Conservatory, MuseumFineArtsSchool,Longwood/FenwayHOSPITALS-B&W,BI Deaconess,Childrens,DanaFarber, Copley Square/Prud Bldg,BackBay/Newbury Street,Beacon Street,Fenway Park/Red Sox-5-20 min,the Financial District,Downtown,and Mass General-25 min.","Ours is a historic neighborhood, all of Back Bay is built upon moist wooden pilings, typical circa 1890. Buildings are brick, several stories, built as single family homes at the turn of the century, nowadays are converted to condos. Non-concierge type buildings, usually owner occupied. Winding staircases, architectural details in woodwork, windows, small gardens, iron gates, and entrances. andewayateliers@aol.com. Close to several UNIVERSITIES, (BU, Northeastern, Emmanuel, MIT for college visits, MIT, Harvard Medical School, and Harvard main campus just across the River), and several HOSPITALS (Dana Farber, Childrens, Longwood, Beth Israel Deaconess, B & W).",https://a0.muscache.com/pictures/4f819532-2b81-40a9-9ba5-f27b5a98f2a7.jpg,9529655,https://www.airbnb.com/users/show/9529655,Suzanne,2013-10-20,"Boston, MA","Professional Woman. Social. Friendly, a 'people person',also respect quiet, private time. Well educated, well read. Independent world traveller. Young spirited, mature lady. Knowledgeable @ culture and events in city. Enjoy Symphony, Live Theatre, foreign cinema, and Opera, hospitals, Harvard Med School, MIT, BU, and sailing. All are walkable from this apartment!",within a day,100%,,f,https://a0.muscache.com/im/users/9529655/profile_pic/1437620655/original.jpg?aki_policy=profile_small,https://a0.muscache.com/im/users/9529655/profile_pic/1437620655/original.jpg?aki_policy=profile_x_medium,Fenway/Kenmore,7,9,"['email', 'phone']",t,t,Neighborhood highlights,Fenway,,42.3499,-71.09545,Entire condo,Entire home/apt,1,,1 bath,1.0,,"[""Essentials"", ""Private entrance"", ""Washer"", ""Air conditioning"", ""Smoke alarm"", ""City skyline view"", ""Long term stays allowed"", ""Bed linens"", ""Host greets you"", ""Shampoo"", ""Luggage dropoff allowed"", ""Hair dryer"", ""Extra pillows and blankets"", ""Fire extinguisher"", ""TV"", ""Dryer"", ""Indoor fireplace"", ""Kitchen"", ""Hot water"", ""Heating"", ""Iron"", ""Wifi"", ""Hangers"", ""Paid parking on premises""]",,92,1125,92,92,1125,1125,92.0,1125.0,,t,27,57,87,362,2025-06-19,0,0,0,193,0,0,,,,,,,,,,,,f,4,4,0,0,
888,26127318,https://www.airbnb.com/rooms/26127318,20250619031426,2025-06-19,previous scrape,RIVER & CITY VIEWS! LOCATION!  Parking Available+,"Sabbaticals-MEDICAL Rotations/Staff.  LOCATION!  A historic neighborhood,walk to universities, hospitals, sports-Fenway's Red Sox, culture-Boston Symphony, Berklee Jazz, N.E.Conservatory concerts, theatre, restaurants, library, Copley Square, Fenway Park, Longwood, food markets. Charles River jogging, CharlesRiverSailing Club, biking, picnics.","Old world historic feel. Brick brownstones. Boston is a walking city! Ours is a historic neighborhood, all of Back Bay is built upon moist wooden pilings, typical circa 1890. Buildings are brick, several stories, built as single family homes at the turn of the century, nowadays are converted to condos. Non-concierge type buildings, usually owner occupied. I always notice some architectural detail of interest when walking, always something new!  Winding staircases, architectural details in woodwork,windows, small gardens, iron gates, and entrances. Close to several UNIVERSITIES, (BU, Northeastern, Emmanuel, MIT, MIT, Harvard Medical School, and Harvard main campus just across the River), and several HOSPITALS (Dana Farber, Childrens, Longwood, Beth Israel Deaconess). We are located in Back Bay/Charlesgate/Kenmore area, and a 2 minute walk to Kenmore Green Subways and bus shuttles.",https://a0.muscache.com/pictures/ff20d0e5-bd06-44b7-a030-07aa55fb014a.jpg,9529655,https://www.airbnb.com/users/show/9529655,Suzanne,2013-10-20,"Boston, MA","Professional Woman. Social. Friendly, a 'people person',also respect quiet, private time. Well educated, well read. Independent world traveller. Young spirited, mature lady. Knowledgeable @ culture and events in city. Enjoy Symphony, Live Theatre, foreign cinema, and Opera, hospitals, Harvard Med School, MIT, BU, and sailing. All are walkable from this apartment!",within a day,100%,,f,https://a0.muscache.com/im/users/9529655/profile_pic/1437620655/original.jpg?aki_policy=profile_small,https://a0.muscache.com/im/users/9529655/profile_pic/1437620655/original.jpg?aki_policy=profile_x_medium,Fenway/Kenmore,7,9,"['email', 'phone']",t,t,Neighborhood highlights,Fenway,,42.35053,-71.09536,Entire condo,Entire home/apt,1,,1 bath,1.0,,"[""Essentials"", ""Washer"", ""Air conditioning"", ""Smoke alarm"", ""Long term stays allowed"", ""Host greets you"", ""Shampoo"", ""Luggage dropoff allowed"", ""Hair dryer"", ""Fire extinguisher"", ""TV"", ""Dryer"", ""Kitchen"", ""Hot water"", ""Heating"", ""Iron"", ""Wifi"", ""First aid kit"", ""Hangers"", ""Paid parking on premises""]",,91,1124,91,91,1124,1124,91.0,1124.0,,t,27,57,87,362,2025-06-19,1,0,0,193,0,0,,2018-08-15,2018-08-15,5.0,5.0,5.0,5.0,5.0,5.0,5.0,,f,4,4,0,0,0.01
914,27323777,https://www.airbnb.com/rooms/27323777,20250619031426,2025-06-19,city scrape,Vintage Studio in Beacon Hill. Walk Everywhere,"Old historical 19th century home situated in Boston's best neighborhood, Beacon Hill. Unbeatable location with easy access to every tourist spot, all lines of subways, North end, CVS, and Supermarket(Whole Foods) . The apartment layout is narrow and the bathroom ceiling is low,  but it is very spacious for a cozy stay. Please read reviews to get a sense if this is the right place for you.","Beacon Hill is the most picturesque area in Boston. It's a safe neighborhood with many good restaurants and cafes around. Seven minutes walk and you'll hit Charles River where you can have a morning run or walk around to enjoy the city. Easy access to all the main tourist sites, schools, and office buildings.",https://a0.muscache.com/pictures/970f0d62-900e-4299-ad35-6eef2d702881.jpg,95634275,https://www.airbnb.com/users/show/95634275,Sophia,2016-09-18,"Boston, MA","I am an MIT alum and a tech entrepreneur. Having traveled and worked in many cities across continents, I've been an Airbnb host and a guest many times! 

I love to welcome people to one of my favorite cities, Boston, and show them around. Feel free to ask me any questions!",within a day,100%,90%,,https://a0.muscache.com/im/pictures/user/a18fb9a4-5c21-406e-89ad-a555db5c71a5.jpg?aki_policy=profile_small,https://a0.muscache.com/im/pictures/user/a18fb9a4-5c21-406e-89ad-a555db5c71a5.jpg?aki_policy=profile_x_medium,Beacon Hill,34,53,"['email', 'phone', 'work_email']",t,t,Neighborhood highlights,Beacon Hill,,42.35945,-71.06551,Entire rental unit,Entire home/apt,2,1.0,1 bath,1.0,1.0,"[""Essentials"", ""Air conditioning"", ""Smoke alarm"", ""Dedicated workspace"", ""Dishes and silverware"", ""Self check-in"", ""Oven"", ""Room-darkening shades"", ""Long term stays allowed"", ""Carbon monoxide alarm"", ""Bed linens"", ""Microwave"", ""Shampoo"", ""Hair dryer"", ""Refrigerator"", ""Fire extinguisher"", ""Laundromat nearby"", ""Cooking basics"", ""Kitchen"", ""Hot water"", ""Smart lock"", ""Heating"", ""Iron"", ""Wifi"", ""Hangers"", ""Exterior security cameras on property"", ""Stove"", ""Coffee maker""]",$123.00,29,1125,29,29,1125,1125,29.0,1125.0,,t,0,0,17,121,2025-06-19,82,3,0,91,5,174,21402.0,2018-08-05,2024-11-20,4.72,4.8,4.61,4.94,4.96,4.96,4.51,Exempt: This listing is a unit used for furnished institutional or business stays,f,6,2,4,0,0.98
941,28071995,https://www.airbnb.com/rooms/28071995,20250619031426,2025-06-19,city scrape,Lower Mills Guest Suite,"Reopening for Summer season 2025. Cozy private space in Lower Mills area of Dorchester.  Private entrance in back yard. <br /><br />Perfect place for a family or small group to relax after a day full of activities. Quiet neighborhood feel in the city.<br /><br />Newly installed ductless mini split system for our guests heating and cooling comfort. <br /><br />Free and easy street parking. Quick 10 minute walk to T Stop or less than 5 minutes to Bus.<br /><br />2 Bedrooms,  full bathroom and a small kitchen with all the essentials.","The Dorchester-Milton Lower Mills Industrial District is a historic district on both sides of the Neponset River in the Dorchester area of Boston and in the town of Milton, Massachusetts. It encompasses an industrial factory complex, most of which was historically associated with the Walter Baker & Company, the first major maker of chocolate products in the United States. <br /><br />Now home to many restaurants, including Lower Mills Tavern, Yellow Door Taqueria (great margs and tacos), The Bowery (awesome bar and outdoor patio), Sweet Life (delicious brunch), and Steel and Rye.  Flat Black Coffee, Dunkin Donuts and Star Market are also close by.<br /><br />If interested in outdoor activities, the Blue Hill reservation is a 10 minute drive for great hiking trails. Also the Neponset river trail is a flat paved trail that goes through Lower Mills and all the way up to Pope John Paul Park.",https://a0.muscache.com/pictures/fad46274-f1c3-4227-9129-7835be5da78e.jpg,18465514,https://www.airbnb.com/users/show/18465514,Robert E,2014-07-20,"Boston, MA",,within a day,100%,94%,t,https://a0.muscache.com/im/pictures/user/74e794f1-8109-437d-8124-0648047611d4.jpg?aki_policy=profile_small,https://a0.muscache.com/im/pictures/user/74e794f1-8109-437d-8124-0648047611d4.jpg?aki_policy=profile_x_medium,Dorchester,1,1,"['email', 'phone']",t,t,Neighborhood highlights,Mattapan,,42.27595,-71.07805,Entire guest suite,Entire home/apt,4,1.0,1 bath,2.0,3.0,"[""Wine glasses"", ""Essentials"", ""Indoor fireplace: electric"", ""Private entrance"", ""Smoke alarm"", ""50 inch HDTV with Amazon Prime Video, Fire TV, DVD player, Hulu, Netflix, Disney+, standard cable, HBO Max, premium cable, Roku"", ""Dedicated workspace"", ""Dishes and silverware"", ""Hot water kettle"", ""Self check-in"", ""Clothing storage: walk-in closet and closet"", ""Room-darkening shades"", ""Carbon monoxide alarm"", ""Cleaning products"", ""Bed linens"", ""Microwave"", ""Shampoo"", ""Heating - split type ductless system"", ""Game console"", ""Hair dryer"", ""Fast wifi \u2013 84 Mbps"", ""Luggage dropoff allowed"", ""Body soap"", ""Freezer"", ""Refrigerator"", ""Extra pillows and blankets"", ""AC - split type ductless system"", ""Private patio or balcony"", ""Fire extinguisher"", ""Outdoor furniture"", ""Cooking basics"", ""Kitchen"", ""Hot water"", ""Smart lock"", ""Shower gel"", ""Conditioner"", ""Iron"", ""Toaster"", ""First aid kit"", ""Hangers"", ""Exterior security cameras on property"", ""Stove"", ""Portable fans"", ""Coffee maker"", ""Free parking on premises"", ""Free street parking""]",$168.00,2,5,2,2,1125,1125,2.0,1125.0,,t,4,5,5,5,2025-06-19,125,14,1,5,18,84,14112.0,2019-01-19,2025-06-16,4.92,4.9,4.91,4.95,4.93,4.82,4.84,STR-445592,f,1,1,0,0,1.6
946,28298193,https://www.airbnb.com/rooms/28298193,20250619031426,2025-06-19,city scrape,Luxury North End (Waterfront) walk to MGH Subway,Large studio apt on Boston's Waterfront (North End area).      There is a queen mahogany murphy bed so in the day time it is a living room and at night it is a bedroom.  There is a comfortable granite breakfast counter to work from.,"This apartment is located on the Waterfront (North End area) which is Boston's Little Italy.   Numerous italian restaurants within a 1 minute walk.   Walk the Freedom Trail, walk the Waterfront, North End, Faneuil Hall, Beacon Hill, MGH and other hospitals.  VERY fun area.",https://a0.muscache.com/pictures/89da0080-6df9-412e-8beb-3e81fe5ac1e9.jpg,180283497,https://www.airbnb.com/users/show/180283497,Michelle,2018-03-24,,,within a day,65%,24%,f,https://a0.muscache.com/im/pictures/user/80c96d1c-7c58-4116-bc2a-865d49c2e185.jpg?aki_policy=profile_small,https://a0.muscache.com/im/pictures/user/80c96d1c-7c58-4116-bc2a-865d49c2e185.jpg?aki_policy=profile_x_medium,Back Bay,15,18,['phone'],t,t,Neighborhood highlights,North End,,42.36573,-71.05145,Entire condo,Entire home/apt,2,1.0,1 bath,0.0,1.0,"[""Essentials"", ""Air conditioning"", ""Smoke alarm"", ""Dedicated workspace"", ""Elevator"", ""Self check-in"", ""Long term stays allowed"", ""Carbon monoxide alarm"", ""Hair dryer"", ""Refrigerator"", ""Lockbox"", ""Fire extinguisher"", ""TV"", ""Kitchen"", ""Hot water"", ""Heating"", ""Iron"", ""Wifi"", ""Hangers""]",$255.00,30,1125,30,30,1125,1125,30.0,1125.0,,t,29,59,73,210,2025-06-19,0,0,0,73,0,0,0.0,,,,,,,,,,,f,7,7,0,0,
947,28302081,https://www.airbnb.com/rooms/28302081,20250619031426,2025-06-19,city scrape,La Casa Boheme - Upstairs First Bedroom,"Open, sunny living spaces in large classic 19th century mansard Victorian, with a relaxed and stylish vibe.  Situated on a quiet side street in residential area with parking and easy walk to public transport (12 minute walk to subway station Jackson Square, Orange line).  Busses at end of the street. Blue bike rentals nearby. Quick Uber to downtown. <br /><br />(I live here with my fiancée wifein one room, we have our own bathroom and have 2 cats that roam the house :)","The area is pretty residential, but short ride into the city center.  There is a Popeyes, McDonalds, Price Right Grocery Store, Marshall’s, YMCA gym, and Walgreens about 5 minute walk.  As well as some very nice parks in every direction and if you take a walk up into the Fort Hill neighborhood, there is a beautiful park on the top of the hill overlooking the city.",https://a0.muscache.com/pictures/91a591a5-dcfc-4a82-8703-43397c706fcc.jpg,59978794,https://www.airbnb.com/users/show/59978794,Gianni,2016-02-22,"Boston, MA","I'm a chill guy, like my simple things, like my morning espresso, cooking some food, antique hunting, and refurbishing old things.",within a day,100%,86%,t,https://a0.muscache.com/im/pictures/user/f0646564-085d-441c-a398-0225b4bb0a11.jpg?aki_policy=profile_small,https://a0.muscache.com/im/pictures/user/f0646564-085d-441c-a398-0225b4bb0a11.jpg?aki_policy=profile_x_medium,Roxbury,2,3,"['email', 'phone']",t,t,Neighborhood highlights,Roxbury,,42.320481,-71.090593,Private room in home,Private room,1,1.5,1.5 shared baths,1.0,1.0,"[""Wine glasses"", ""Essentials"", ""Barbecue utensils"", ""Hammock"", ""Clothing storage: closet and dresser"", ""Baking sheet"", ""Record player"", ""Smoke alarm"", ""Shared patio or balcony"", ""Dedicated workspace"", ""Fast wifi \u2013 111 Mbps"", ""Dishes and silverware"", ""Bidet"", ""JennAir refrigerator"", ""Hot water kettle"", ""BBQ grill"", ""Dining table"", ""Long term stays allowed"", ""Coffee maker"", ""Fire pit"", ""Carbon monoxide alarm"", ""Cleaning products"", ""Free dryer \u2013 In building"", ""Bed linens"", ""Microwave"", ""Luggage dropoff allowed"", ""Hair dryer"", ""Sun loungers"", ""Freezer"", ""Mini fridge"", ""JennAir gas stove"", ""Free washer \u2013 In building"", ""Extra pillows and blankets"", ""Outdoor furniture"", ""Window AC unit"", ""Fire extinguisher"", ""Lock on bedroom door"", ""Dishwasher"", ""Cooking basics"", ""Kitchen"", ""JennAir stainless steel oven"", ""Hot water"", ""Heating"", ""Iron"", ""Outdoor dining area"", ""Toaster"", ""First aid kit"", ""Hangers"", ""Private backyard \u2013 Not fully fenced"", ""Exterior security cameras on property"", ""Bathtub"", ""Blender"", ""Free street parking""]",$66.00,29,365,29,29,365,365,29.0,365.0,,t,27,57,87,362,2025-06-19,39,4,0,193,5,232,15312.0,2018-10-07,2025-05-11,4.85,4.87,4.69,4.95,4.95,4.56,4.82,STR-398672,f,2,0,2,0,0.48
980,29513275,https://www.airbnb.com/rooms/29513275,20250619031426,2025-06-19,city scrape,Back Bay studio on Marlborough St (91 night min),Front facing Back Bay studio in a brownstone on Marlborough queen mahogany murphy bed.   Located on the corner of Clarendon St.  Close to the subway and close to many attractions.,,https://a0.muscache.com/pictures/77236f74-8b7d-4244-98be-c023faa6ac6d.jpg,180283497,https://www.airbnb.com/users/show/180283497,Michelle,2018-03-24,,,within a day,65%,24%,f,https://a0.muscache.com/im/pictures/user/80c96d1c-7c58-4116-bc2a-865d49c2e185.jpg?aki_policy=profile_small,https://a0.muscache.com/im/pictures/user/80c96d1c-7c58-4116-bc2a-865d49c2e185.jpg?aki_policy=profile_x_medium,Back Bay,15,18,['phone'],t,t,,Back Bay,,42.35198,-71.07777,Entire condo,Entire home/apt,2,1.0,1 bath,0.0,1.0,"[""Essentials"", ""Washer"", ""Air conditioning"", ""Smoke alarm"", ""Dishes and silverware"", ""Self check-in"", ""Long term stays allowed"", ""Carbon monoxide alarm"", ""Shampoo"", ""Hair dryer"", ""Refrigerator"", ""Fire extinguisher"", ""TV"", ""Dryer"", ""Keypad"", ""Kitchen"", ""Hot water"", ""Heating"", ""Iron"", ""Wifi"", ""Hangers"", ""Coffee maker""]",$90.00,91,1125,91,91,1125,1125,91.0,1125.0,,t,29,59,89,364,2025-06-19,1,0,0,195,0,0,0.0,2021-01-31,2021-01-31,5.0,5.0,5.0,5.0,5.0,5.0,5.0,,f,7,7,0,0,0.02
992,29831173,https://www.airbnb.com/rooms/29831173,20250619031426,2025-06-19,city scrape,Rose Room/Harvard Business School/free parking早餐方便,"We are a professional MIT and Harvard family. Networks reach entire MIT and Harvard education resources and supervision to students and scholars. The private rooms are in our new house located in the unbeatable Boston/Brighton-Allston/Cambridge area. Walk a few minutes to bus stops and greenlines easy to get you around the city all attractions and a lot of restaurants. Near Harvard Business School, Boston College, Boston University, Easy to MIT/Kendall/Harvard yard, and Longwood medical center.","There are many MIT and Harvard professional families, and students at BU, BC, Harvard, and MIT live in this area. Safe, quiet,  beautiful environment, near Charles River hiking trails, very nice neighborhoods.",https://a0.muscache.com/pictures/c6a92403-a007-4020-b691-a846f9e155bf.jpg,224379152,https://www.airbnb.com/users/show/224379152,Tingying(Helen),2018-11-05,,,within a day,67%,80%,f,https://a0.muscache.com/im/pictures/user/c631c23f-6119-4e56-a3d4-8c689db8d3cd.jpg?aki_policy=profile_small,https://a0.muscache.com/im/pictures/user/c631c23f-6119-4e56-a3d4-8c689db8d3cd.jpg?aki_policy=profile_x_medium,Allston-Brighton,3,3,"['email', 'phone', 'work_email']",t,f,Neighborhood highlights,Brighton,,42.35188,-71.15245,Private room in home,Private room,1,1.5,1.5 shared baths,1.0,1.0,"[""Essentials"", ""Washer"", ""Air conditioning"", ""Smoke alarm"", ""Dishes and silverware"", ""65 inch HDTV with standard cable"", ""Self check-in"", ""Oven"", ""Room-darkening shades"", ""Breakfast"", ""Carbon monoxide alarm"", ""Cleaning products"", ""Microwave"", ""Shampoo"", ""Hair dryer"", ""Refrigerator"", ""Lock on bedroom door"", ""Dryer"", ""Cooking basics"", ""Kitchen"", ""Keypad"", ""Hot water"", ""Shower gel"", ""Heating"", ""Iron"", ""Wifi"", ""First aid kit"", ""Hangers"", ""Safe"", ""Exterior security cameras on property"", ""Stove"", ""Free street parking""]",$61.00,29,365,29,29,365,365,29.0,365.0,,t,0,1,1,182,2025-06-19,16,3,1,13,3,174,10614.0,2018-11-10,2025-05-31,5.0,5.0,5.0,5.0,4.94,4.75,4.81,,f,3,0,3,0,0.2
995,29878773,https://www.airbnb.com/rooms/29878773,20250619031426,2025-06-19,previous scrape,NONE SMOKING 1:Spacious & clean.SUPER Safe & Quiet,"Quiet & None Smoking inside the room you can smoke on porch fine $100 if break rules.Welcome feel comfortable in your own home.Acess to the DirecTV and fridge with free chocolate,snacks and drink provided offered for each room.The kitchen amenities provided Keurig K cup coffee machine with unlimited Starbucks and Dunkin’ coffee and Lipton tea.Everything is brand new modern and very comfortable.Across Bus 201&202 go to Fields Corner Redline train or you can walk to Ashmont Redline train 0.5miles.",,https://a0.muscache.com/pictures/357da780-0c5a-40b4-9aa6-8a272d4f5944.jpg,165422704,https://www.airbnb.com/users/show/165422704,Mimi,2018-01-02,"Boston, MA",,within a day,50%,100%,f,https://a0.muscache.com/im/pictures/user/7d22d2ca-634a-4fb1-a99c-3f58c0e1b2e9.jpg?aki_policy=profile_small,https://a0.muscache.com/im/pictures/user/7d22d2ca-634a-4fb1-a99c-3f58c0e1b2e9.jpg?aki_policy=profile_x_medium,Dorchester,3,7,"['email', 'phone']",t,t,,Dorchester,,42.28795,-71.05406,Private room in rental unit,Private room,2,,1 shared bath,,,"[""Essentials"", ""Air conditioning"", ""Smoke alarm"", ""Dishes and silverware"", ""Hot water kettle"", ""Self check-in"", ""Oven"", ""Long term stays allowed"", ""Carbon monoxide alarm"", ""Bed linens"", ""Microwave"", ""Shampoo"", ""TV with standard cable"", ""Hair dryer"", ""Luggage dropoff allowed"", ""Refrigerator"", ""Mini fridge"", ""Extra pillows and blankets"", ""Fire extinguisher"", ""Lock on bedroom door"", ""Keypad"", ""Cooking basics"", ""Kitchen"", ""Hot water"", ""Shower gel"", ""Heating"", ""Iron"", ""Wifi"", ""Hangers"", ""Stove"", ""Coffee maker"", ""Free street parking""]",,29,1125,29,29,1125,1125,29.0,1125.0,,t,21,38,58,224,2025-06-19,72,3,0,155,4,174,,2018-11-12,2024-11-27,4.68,4.86,4.69,4.92,4.92,4.82,4.74,STR-439516,t,3,0,3,0,0.9
998,29929936,https://www.airbnb.com/rooms/29929936,20250619031426,2025-06-19,city scrape,Lily Room/Harvard Business School/free parking+早餐,"We are a professional MIT and Harvard family. Networks reach entire MIT and Harvard education resources and supervision to students and scholars. The private Lily room is in our new house located in the unbeatable Boston/Cambridge area. Walk a few minutes to bus stops and greenlines easy to get you around the city all attractions and a lot of restaurants. Near Harvard Business School, Boston College, Boston University, Easy to MIT/Kendall/Harvard yard, and Longwood medical center.","There are many MIT and Harvard professional families, and students at BU, BC, Harvard, and MIT live in this area. Safe, quiet, beautiful environment, near Charles River hiking trails, very nice neighborhoods.",https://a0.muscache.com/pictures/3ef35b05-566c-4e28-a476-c2ab86b8f312.jpg,224379152,https://www.airbnb.com/users/show/224379152,Tingying(Helen),2018-11-05,,,within a day,67%,80%,f,https://a0.muscache.com/im/pictures/user/c631c23f-6119-4e56-a3d4-8c689db8d3cd.jpg?aki_policy=profile_small,https://a0.muscache.com/im/pictures/user/c631c23f-6119-4e56-a3d4-8c689db8d3cd.jpg?aki_policy=profile_x_medium,Allston-Brighton,3,3,"['email', 'phone', 'work_email']",t,f,Neighborhood highlights,Brighton,,42.35398,-71.15464,Private room in home,Private room,1,1.5,1.5 shared baths,1.0,1.0,"[""Essentials"", ""Washer"", ""Baking sheet"", ""Air conditioning"", ""Smoke alarm"", ""Dishes and silverware"", ""Coffee"", ""Hot water kettle"", ""Clothing storage: walk-in closet, closet, and dresser"", ""65 inch HDTV with standard cable"", ""Dining table"", ""Oven"", ""Room-darkening shades"", ""Breakfast"", ""Carbon monoxide alarm"", ""Cleaning products"", ""Microwave"", ""Shampoo"", ""Hair dryer"", ""Body soap"", ""Freezer"", ""Refrigerator"", ""Mini fridge"", ""Fire extinguisher"", ""Lock on bedroom door"", ""Dishwasher"", ""Dryer"", ""Cooking basics"", ""Kitchen"", ""Hot water"", ""Rice maker"", ""Shower gel"", ""Heating"", ""Iron"", ""Wifi"", ""Toaster"", ""First aid kit"", ""Hangers"", ""Safe"", ""Exterior security cameras on property"", ""Stove"", ""Coffee maker"", ""Blender"", ""Free street parking""]",$63.00,29,365,29,29,365,365,29.0,365.0,,t,0,0,0,129,2025-06-19,27,2,0,0,3,116,7308.0,2018-11-11,2024-11-25,4.85,4.96,4.85,4.89,4.81,4.81,4.85,STR-411240,f,3,0,3,0,0.34
999,29931687,https://www.airbnb.com/rooms/29931687,20250619031426,2025-06-19,city scrape,Sunflower Room/Harvard Business School/ Parking+早餐,"We are a professional MIT and Harvard family. Networks reach entire MIT and Harvard education resources and supervision to students and scholars. The Sunflower private room is in our new house located in the unbeatable Boston/Cambridge area. Walk a few minutes to buses stops and greenlines easy to get you around the city all attractions and a lot of restaurants. Near Harvard Business School, Boston College, Boston University, Easy to MIT/Kendall/Harvard yard, and Longwood medical center.","There are many MIT and Harvard professional families, and students at BU, BC, Harvard, and MIT live in this area. Safe, quiet,  beautiful environment, near Charles River hiking trails, very nice neighborhoods.",https://a0.muscache.com/pictures/98ff3c2d-67e9-456d-af71-f10b679eed11.jpg,224379152,https://www.airbnb.com/users/show/224379152,Tingying(Helen),2018-11-05,,,within a day,67%,80%,f,https://a0.muscache.com/im/pictures/user/c631c23f-6119-4e56-a3d4-8c689db8d3cd.jpg?aki_policy=profile_small,https://a0.muscache.com/im/pictures/user/c631c23f-6119-4e56-a3d4-8c689db8d3cd.jpg?aki_policy=profile_x_medium,Allston-Brighton,3,3,"['email', 'phone', 'work_email']",t,f,Neighborhood highlights,Brighton,,42.35227,-71.15464,Private room in home,Private room,1,1.5,1.5 shared baths,1.0,1.0,"[""Essentials"", ""Washer"", ""Baking sheet"", ""Air conditioning"", ""Smoke alarm"", ""Dishes and silverware"", ""Cleaning available during stay"", ""Coffee"", ""Hot water kettle"", ""Clothing storage: walk-in closet, closet, and dresser"", ""65 inch HDTV with standard cable"", ""Self check-in"", ""Dining table"", ""Oven"", ""Room-darkening shades"", ""Long term stays allowed"", ""Breakfast"", ""Carbon monoxide alarm"", ""Cleaning products"", ""Microwave"", ""Shampoo"", ""Luggage dropoff allowed"", ""Hair dryer"", ""Freezer"", ""Refrigerator"", ""Mini fridge"", ""Extra pillows and blankets"", ""Fire extinguisher"", ""Lock on bedroom door"", ""Dishwasher"", ""Dryer"", ""Cooking basics"", ""Kitchen"", ""Keypad"", ""Hot water"", ""Rice maker"", ""Shower gel"", ""Heating"", ""Conditioner"", ""Iron"", ""Wifi"", ""Toaster"", ""First aid kit"", ""Hangers"", ""Safe"", ""Exterior security cameras on property"", ""Stove"", ""Portable fans"", ""Coffee maker"", ""Blender"", ""Free street parking""]",$72.00,29,365,29,29,365,365,29.0,365.0,,t,7,7,32,307,2025-06-19,27,2,0,138,3,116,8352.0,2018-11-11,2024-08-31,4.81,4.89,4.74,4.85,4.85,4.81,4.89,STR-411240,f,3,0,3,0,0.34
1023,30981268,https://www.airbnb.com/rooms/30981268,20250619031426,2025-06-19,city scrape,"BACK BAY walk to Berklee, Northeastern, Newbury St","Back Bay close to the subway.   Includes utilities including basic cable and wireless internet.   Walk to the subway Berklee, Hynes Convention Center, Northeastern University, Newbury Street, Fenway Park and all the Back Bay has to offer.   Apartment has a queen murphy bed.",,https://a0.muscache.com/pictures/3ecf4639-91e0-42a6-a5e3-9ef4e87fd0e0.jpg,180283497,https://www.airbnb.com/users/show/180283497,Michelle,2018-03-24,,,within a day,65%,24%,f,https://a0.muscache.com/im/pictures/user/80c96d1c-7c58-4116-bc2a-865d49c2e185.jpg?aki_policy=profile_small,https://a0.muscache.com/im/pictures/user/80c96d1c-7c58-4116-bc2a-865d49c2e185.jpg?aki_policy=profile_x_medium,Back Bay,15,18,['phone'],t,t,,Fenway,,42.34622,-71.0904,Entire condo,Entire home/apt,2,1.0,1 bath,0.0,1.0,"[""Wine glasses"", ""Essentials"", ""Washer"", ""Clothing storage: closet"", ""Air conditioning"", ""Smoke alarm"", ""Housekeeping available every day - available at extra cost"", ""Dishes and silverware"", ""Elevator"", ""Self check-in"", ""Dining table"", ""Long term stays allowed"", ""Coffee maker"", ""Carbon monoxide alarm"", ""Cleaning products"", ""Bed linens"", ""Microwave"", ""Hair dryer"", ""Body soap"", ""Freezer"", ""Ge stainless steel oven"", ""Refrigerator"", ""Lockbox"", ""TV"", ""Dishwasher"", ""Laundromat nearby"", ""Dryer"", ""Cooking basics"", ""Kitchen"", ""Hot water"", ""Heating"", ""Iron"", ""Wifi"", ""Hangers"", ""Stove"", ""Bathtub""]",$177.00,29,1125,29,29,1125,1125,29.0,1125.0,,t,29,44,58,333,2025-06-19,3,0,0,164,0,0,0.0,2019-01-01,2021-06-14,4.33,5.0,4.67,5.0,5.0,5.0,4.67,,f,7,7,0,0,0.04
1057,32890952,https://www.airbnb.com/rooms/32890952,20250619031426,2025-06-19,city scrape,Quiet Comfort in Boston - Large 2 Bed,"This  is a  renovated, 5 room apartment in a 2 family home. Enjoy Trendy Roslindale Village or West Roxbury’s Village Center.  It is convenient to downtown Boston. As well as close to Arnold Arboretum, parks, varied restaurants , supermarkets , and local Internet cafes.  This urban/suburban community is a great way to explore Boston. There is a  Zipcar at commuter rail parking lot. This unit has a back porch, fenced yard with gardens, and plenty of parking steps from  the door","Positioned between West Roxbury Center and Roslindale Village.  There is a large variety of restaurants of all types.  In the summer months, there is a weekly farmer's market and occasional concerts on the green.  Two libraries and a YMCA are in close proximity. <br /><br />There is a conservation area within walking distance and several very  fine parks: including world-renowned Harvard's Arnold Arboretum, City of Boston Millennium Park, and wooded Brook Farm (former Transcendentalist Community).",https://a0.muscache.com/pictures/miso/Hosting-32890952/original/01ff439c-d831-4877-8fb8-980b02a0b397.jpeg,147256535,https://www.airbnb.com/users/show/147256535,Janice,2017-08-22,"Boston, MA","Welcome.  I am a long time Boston resident with a true love and appreciation for my city.  Need help planning your trip here?  Feel free to reach out.  I will share all my favorite spots.  As for me, I love walks in the woods and parks with my poodle, Frodo.  I am an avid gardener, love Mah Jong,  and am actively involved with my library Friend Group.  ",within a day,100%,75%,t,https://a0.muscache.com/im/pictures/user/45457722-2d52-417f-acda-175fffa61260.jpg?aki_policy=profile_small,https://a0.muscache.com/im/pictures/user/45457722-2d52-417f-acda-175fffa61260.jpg?aki_policy=profile_x_medium,Roslindale,2,3,"['email', 'phone']",t,f,Neighborhood highlights,Roslindale,,42.27855,-71.14064,Entire condo,Entire home/apt,4,1.0,1 bath,2.0,3.0,"[""Wine glasses"", ""Essentials"", ""Private entrance"", ""Clothing storage: closet and dresser"", ""Baking sheet"", ""Smoke alarm"", ""Dedicated workspace"", ""Dishes and silverware"", ""Crib"", ""Coffee maker: Keurig coffee machine, pour-over coffee"", ""Private backyard \u2013 Fully fenced"", ""High chair"", ""Self check-in"", ""BBQ grill"", ""Baby bath"", ""Oven"", ""Long term stays allowed"", ""Carbon monoxide alarm"", ""Free dryer \u2013 In building"", ""Bed linens"", ""Ceiling fan"", ""Microwave"", ""Shampoo"", ""Children\u2019s books and toys"", ""TV with standard cable"", ""Hair dryer"", ""Pack \u2019n play/Travel crib"", ""Body soap"", ""Board games"", ""Freezer"", ""Refrigerator"", ""Free washer \u2013 In building"", ""Pets allowed"", ""Extra pillows and blankets"", ""Private patio or balcony"", ""Window AC unit"", ""Fire extinguisher"", ""Outdoor furniture"", ""Dishwasher"", ""Cooking basics"", ""Kitchen"", ""Hot water"", ""Smart lock"", ""Heating"", ""Conditioner"", ""Iron"", ""Wifi"", ""Toaster"", ""Beach essentials"", ""Hangers"", ""Single level home"", ""Stove"", ""Bathtub"", ""Free street parking""]",$200.00,29,365,29,29,365,365,29.0,365.0,,t,6,36,66,341,2025-06-19,10,1,0,172,1,58,11600.0,2019-05-01,2024-07-31,4.9,4.9,4.9,4.8,4.8,4.9,4.7,,f,2,2,0,0,0.13
1134,36291586,https://www.airbnb.com/rooms/36291586,20250619031426,2025-06-19,city scrape,Luxury Back Bay studio on Prestigious Marlborough,"Back  Bay studio apartment located in a brownstone with bow window.  Walk to subway, Fenway Park, Newbury Street, Hynes Convention Center, Copley Place, numerous restaurants, cafes and shops and much more.",,https://a0.muscache.com/pictures/7b4e2933-fb61-4876-ab9a-3b930435f9cb.jpg,155595193,https://www.airbnb.com/users/show/155595193,Michelle,2017-10-21,"Newburyport, MA",,within a day,60%,27%,f,https://a0.muscache.com/im/pictures/user/6f43c46c-379d-430b-aebf-cf051439e1c9.jpg?aki_policy=profile_small,https://a0.muscache.com/im/pictures/user/6f43c46c-379d-430b-aebf-cf051439e1c9.jpg?aki_policy=profile_x_medium,Back Bay,11,16,['phone'],t,t,,Back Bay,,42.35,-71.08718,Entire condo,Entire home/apt,2,1.0,1 bath,0.0,1.0,"[""Essentials"", ""Clothing storage: closet"", ""Air conditioning"", ""Smoke alarm"", ""Dishes and silverware"", ""Dining table"", ""Long term stays allowed"", ""Carbon monoxide alarm"", ""Cleaning products"", ""Bed linens"", ""Microwave"", ""Hair dryer"", ""Freezer"", ""Refrigerator"", ""Fire extinguisher"", ""TV"", ""Dishwasher"", ""Laundromat nearby"", ""Cooking basics"", ""Indoor fireplace"", ""Kitchen"", ""Hot water"", ""Heating"", ""Iron"", ""Wifi"", ""Hangers"", ""Coffee maker: drip coffee maker"", ""Stove""]",$202.00,32,1125,32,32,1125,1125,32.0,1125.0,,t,2,10,40,315,2025-06-19,0,0,0,146,0,0,0.0,,,,,,,,,,,f,8,8,0,0,
1141,36596382,https://www.airbnb.com/rooms/36596382,20250619031426,2025-06-19,city scrape,"Bright, spacious, home to call home.","The house is bright and inviting from the moment you enter the large front porch and kick off your shoes. Brand new wood floors radiate warmth throughout. Modern furnishings give a clean edged look. Global art and artifacts pique curiousiries. The house is spacious with 3 bedrooms on the 2-floor and 1 on the 3-floor. Around the corner is Roslindale Village, parks and access to commuter rail & T. ""Rozzie"" offers cultural diversity, old beauty and a neighborhood feel that you won’t find elsewhere.","Around the corner from our house is Roslindale Village, parks, restaurants and access to commuter rail & T. ""Rozzie"" offers cultural diversity, old beauty and a neighborhood feel that you won’t find elsewhere. Roslindale residents are proud of their diversity and funky atmosphere. When you have a walk around Roslindale Village you’ll experience it yourself. <br /><br />Roslindale is also adjacent to Brookline, Jamaica Plane and West Roxbury. See our Airbnb Guidebook for great local walks, views and restaurants.",https://a0.muscache.com/pictures/58a9bd8d-e45e-4b91-9942-826d10b2447b.jpg,29342116,https://www.airbnb.com/users/show/29342116,Brian,2015-03-14,"Washington, DC",I work internationally on global development issues. So I’ve traveled the world a lot and cherish getting to know other cultures. I’m an Airbnb Host and regular guest at Airbnbs globally. I respect people’s properties as I would my own and ask others to do the same. ,within a day,50%,83%,f,https://a0.muscache.com/im/pictures/user/178af480-dc98-42f1-aa1a-8f8db6c61bbe.jpg?aki_policy=profile_small,https://a0.muscache.com/im/pictures/user/178af480-dc98-42f1-aa1a-8f8db6c61bbe.jpg?aki_policy=profile_x_medium,Roslindale,3,4,"['email', 'phone', 'work_email']",t,t,Neighborhood highlights,Roslindale,,42.28767,-71.14229,Entire home,Entire home/apt,6,1.5,1.5 baths,4.0,4.0,"[""Essentials"", ""Private entrance"", ""Washer"", ""Smoke alarm"", ""Shared patio or balcony"", ""Dedicated workspace"", ""Dishes and silverware"", ""Private backyard \u2013 Fully fenced"", ""HDTV with Amazon Prime Video, Netflix, Disney+"", ""Self check-in"", ""BBQ grill"", ""Free dryer \u2013 In unit"", ""Oven"", ""Carbon monoxide alarm"", ""Microwave"", ""Shampoo"", ""Hair dryer"", ""Refrigerator"", ""Lockbox"", ""Window AC unit"", ""Fire extinguisher"", ""Dishwasher"", ""Cooking basics"", ""Kitchen"", ""Hot water"", ""Heating"", ""Iron"", ""Wifi"", ""Outdoor dining area"", ""First aid kit"", ""Hangers"", ""Stove"", ""Coffee maker"", ""Free parking on premises"", ""Free street parking""]",$251.00,29,1125,29,29,1125,1125,29.0,1125.0,,t,0,0,5,95,2025-06-19,5,0,0,95,0,0,0.0,2019-12-23,2022-10-17,5.0,5.0,5.0,5.0,5.0,5.0,5.0,STR-416681,f,1,1,0,0,0.07
1213,39281476,https://www.airbnb.com/rooms/39281476,20250619031426,2025-06-19,city scrape,"One Bedroom , Top Floor","A cozy One Bedroom Apartment, privately, and separately accessed by you. Your own place of peace, with your own Bedroom, and Bathroom. Across from beautiful Highland Park. Within 1 mile (as the crow flies) from downtown Boston. Attached Brick Brownstone. Free on street Parking. Ten minute walk to the Train. Ten minutes to most of the major Hospitals in the Longwood Medical area. Ten Minutes to the Museum of Fine Art.",ts a pretty quite neighborhood. Most of the surrounding Brownstones are either Landlord occupied like myself or converted to Condominiums.,https://a0.muscache.com/pictures/pro_photo_tool/Hosting-39281476-unapproved/original/ca228ccf-52f3-4454-9e05-286787112503.JPEG,122568097,https://www.airbnb.com/users/show/122568097,Nick,2017-03-25,"Boston, MA","I'm From Boston, I love this city, and all it  has to offer. The arts, music, medical, and tech advantages, this city offers. Its amazing History, its charm, and on, and on.",within a day,100%,0%,f,https://a0.muscache.com/im/pictures/user/5179d2a0-3513-4982-a7f1-ae47183e7f87.jpg?aki_policy=profile_small,https://a0.muscache.com/im/pictures/user/5179d2a0-3513-4982-a7f1-ae47183e7f87.jpg?aki_policy=profile_x_medium,Roxbury,4,5,"['email', 'phone']",t,t,Neighborhood highlights,Roxbury,,42.32603,-71.09549,Entire rental unit,Entire home/apt,2,1.0,1 bath,1.0,1.0,"[""Kitchen"", ""Carbon monoxide alarm"", ""Private entrance"", ""Heating"", ""Iron"", ""Smoke alarm"", ""Wifi"", ""Hangers"", ""Fire extinguisher"", ""Exterior security cameras on property"", ""Smoking allowed"", ""TV"", ""Free parking on premises"", ""Shampoo"", ""Hair dryer""]",$175.00,91,180,91,91,1125,1125,91.0,1125.0,,t,30,60,90,270,2025-06-19,0,0,0,196,0,0,0.0,,,,,,,,,,,f,4,4,0,0,
1219,39686073,https://www.airbnb.com/rooms/39686073,20250619031426,2025-06-19,city scrape,Luxury Beacon Hill Condo With Private Patio/Garden,"Beautiful, huge (1050 sf) 1 bedroom, 1 1/2 bath  floor-through with private entrance and exceptional private outdoor space. Located on the desirable flat of the hill, the property is just minutes away from the Esplanade on the Charles (walking, biking, boating, Hatch Shell concerts), the Boston Public Garden,  and the gourmet restaurants, galleries & boutique shopping on Charles and  Newbury Streets. An easy walk to Mass General Hospital & three subway stops (Charles St, Park St, Arlington).",,https://a0.muscache.com/pictures/32988518-74c9-42b0-8ce0-ddebc2d7e549.jpg,305017623,https://www.airbnb.com/users/show/305017623,Sean,2019-10-28,,,within a day,70%,83%,f,https://a0.muscache.com/im/pictures/user/cba788ea-82e1-4fc5-a714-9d08fed7b964.jpg?aki_policy=profile_small,https://a0.muscache.com/im/pictures/user/cba788ea-82e1-4fc5-a714-9d08fed7b964.jpg?aki_policy=profile_x_medium,Beacon Hill,2,2,"['email', 'phone']",t,f,,Beacon Hill,,42.35847,-71.07298,Entire condo,Entire home/apt,2,1.5,1.5 baths,1.0,1.0,"[""Wine glasses"", ""Essentials"", ""Barbecue utensils"", ""Washer"", ""Private entrance"", ""Paid parking garage off premises"", ""Baking sheet"", ""Air conditioning"", ""Smoke alarm"", ""Dedicated workspace"", ""Dishes and silverware"", ""Private backyard \u2013 Fully fenced"", ""Coffee"", ""Clothing storage: walk-in closet, closet, and dresser"", ""BBQ grill"", ""Dining table"", ""Oven"", ""Long term stays allowed"", ""Coffee maker"", ""Carbon monoxide alarm"", ""Cleaning products"", ""Bed linens"", ""Microwave"", ""Shampoo"", ""TV with standard cable"", ""Hair dryer"", ""Luggage dropoff allowed"", ""Body soap"", ""Refrigerator"", ""Pets allowed"", ""Extra pillows and blankets"", ""Private patio or balcony"", ""Outdoor furniture"", ""Fire extinguisher"", ""Dishwasher"", ""Dryer"", ""Cooking basics"", ""Indoor fireplace"", ""Kitchen"", ""Hot water"", ""Shower gel"", ""Heating"", ""Conditioner"", ""Iron"", ""Wifi"", ""Toaster"", ""First aid kit"", ""Hangers"", ""Outdoor dining area"", ""Stove"", ""Bathtub"", ""Blender"", ""Free street parking""]",$225.00,32,365,32,32,365,365,32.0,365.0,,t,27,49,49,269,2025-06-19,4,3,0,100,2,192,43200.0,2023-11-19,2025-05-03,5.0,5.0,5.0,5.0,5.0,5.0,5.0,,f,1,1,0,0,0.21
1253,41186382,https://www.airbnb.com/rooms/41186382,20250619031426,2025-06-19,city scrape,Cozy Room in Beacon Hill/MIT/MGH. Walk Everywhere!,"The house is a simple, historical 19th century home, situated in Boston's best neighborhood, Beacon Hill. Unbeatable location with easy access to every tourist spot. You will be sharing the house with potentially two other guests in a typical Beacon Hill townhouse (with lots of characters). Decent size of space with everything you need for a good sleep. Great for those who are looking for a comfy stay in the heart of the city.","Beacon Hill is the most picturesque area in Boston. It's a safe neighborhood  (John Kerry lives here!) with many good restaurants and cafes around. Seven minutes walk and you'll hit Charles River where you can have a morning run or walk around to enjoy the city. Easy access to all the main tourist sites, schools, and office buildings.",https://a0.muscache.com/pictures/miso/Hosting-41186382/original/12ec404a-1330-430c-89f5-e6c5a27114cc.jpeg,95634275,https://www.airbnb.com/users/show/95634275,Sophia,2016-09-18,"Boston, MA","I am an MIT alum and a tech entrepreneur. Having traveled and worked in many cities across continents, I've been an Airbnb host and a guest many times! 

I love to welcome people to one of my favorite cities, Boston, and show them around. Feel free to ask me any questions!",within a day,100%,90%,,https://a0.muscache.com/im/pictures/user/a18fb9a4-5c21-406e-89ad-a555db5c71a5.jpg?aki_policy=profile_small,https://a0.muscache.com/im/pictures/user/a18fb9a4-5c21-406e-89ad-a555db5c71a5.jpg?aki_policy=profile_x_medium,Beacon Hill,34,53,"['email', 'phone', 'work_email']",t,t,Neighborhood highlights,West End,,42.36145,-71.06411,Private room in townhouse,Private room,1,1.0,1 shared bath,1.0,1.0,"[""Cooking basics"", ""Essentials"", ""Kitchen"", ""Smart lock"", ""Refrigerator"", ""Self check-in"", ""Heating"", ""Iron"", ""Air conditioning"", ""Smoke alarm"", ""Wifi"", ""Hangers"", ""Dedicated workspace"", ""Fire extinguisher"", ""Lock on bedroom door"", ""Coffee maker"", ""Shampoo"", ""Hair dryer""]",$88.00,30,1125,30,30,1125,1125,30.0,1125.0,,t,0,0,19,93,2025-06-19,11,2,0,81,3,120,10560.0,2022-09-10,2024-09-21,4.27,4.18,3.91,4.82,4.91,4.64,3.82,Exempt: This listing is a unit used for furnished institutional or business stays,f,6,2,4,0,0.33
1329,43994299,https://www.airbnb.com/rooms/43994299,20250619031426,2025-06-19,city scrape,Cozy Bedroom for you!,,"Great location!  Walk to restaurants and shopping .. walk to the North End and the Bunkerhill Monument, freedom trail.",https://a0.muscache.com/pictures/1be4f99d-bb0c-4885-b771-c6084271d242.jpg,887148,https://www.airbnb.com/users/show/887148,Dawn,2011-07-29,"Boston, MA","Hello!

Thanks for checking out my properties!  

My name is Dawn and I have been living in beautiful historical Charlestown for the last 16 years. My property is near and dear to my heart as this was my grandparents home that I pretty much grew up in and that I bought after they passed away. I recently decided to turn my beautiful peice of property into a place where visitors can come and enjoy all this wonderful city has to offer while staying in a place of history vs a hotel!  You will enjoy staying here and all this city has to offer_ I will make sure of it!  :) 
 
Thank you and I look forward to meeting you!  

Dawn",within a day,60%,14%,f,https://z1.muscache.cn/im/pictures/user/5d84506f-b9c6-4de6-960d-dad8adeb0502.jpg?aki_policy=profile_small,https://z1.muscache.cn/im/pictures/user/5d84506f-b9c6-4de6-960d-dad8adeb0502.jpg?aki_policy=profile_x_medium,Charlestown,11,19,"['email', 'phone']",t,t,Neighborhood highlights,Charlestown,,42.38318,-71.07211,Private room in rental unit,Private room,3,2.0,2 baths,1.0,1.0,"[""Essentials"", ""Indoor fireplace"", ""Washer"", ""Hot water"", ""Kitchen"", ""Heating"", ""Iron"", ""Air conditioning"", ""Smoke alarm"", ""Wifi"", ""Dedicated workspace"", ""Fire extinguisher"", ""TV with standard cable"", ""Dryer""]",$99.00,29,200,29,29,200,200,29.0,200.0,,t,30,60,90,365,2025-06-19,1,0,0,196,0,0,0.0,2022-06-18,2022-06-18,5.0,5.0,5.0,5.0,5.0,4.0,3.0,STR-431107,f,3,2,1,0,0.03
1330,44014524,https://www.airbnb.com/rooms/44014524,20250619031426,2025-06-19,city scrape,MODERN DOWNTOWN STUDIO,,,https://a0.muscache.com/pictures/4d3bd975-ae3e-48d7-9bc4-f556622c1b3d.jpg,56359408,https://www.airbnb.com/users/show/56359408,Billy,2016-01-27,"Boston, MA",,within a day,88%,86%,t,https://a0.muscache.com/im/pictures/user/e758d4a9-7c83-4887-ac64-39974a883a7c.jpg?aki_policy=profile_small,https://a0.muscache.com/im/pictures/user/e758d4a9-7c83-4887-ac64-39974a883a7c.jpg?aki_policy=profile_x_medium,Theater District,3,7,"['email', 'phone']",t,t,,Downtown,,42.35055,-71.06486,Entire rental unit,Entire home/apt,2,1.0,1 bath,0.0,2.0,"[""Essentials"", ""Air conditioning"", ""Smoke alarm"", ""Dedicated workspace"", ""Dishes and silverware"", ""Coffee maker"", ""Carbon monoxide alarm"", ""Cleaning products"", ""Bed linens"", ""Microwave"", ""Shampoo"", ""Hair dryer"", ""Single oven"", ""TV"", ""Cooking basics"", ""Kitchen"", ""Hot water"", ""Heating"", ""Iron"", ""Wifi"", ""Hangers"", ""Bathtub""]",$216.00,91,365,91,91,365,365,91.0,365.0,,t,0,0,10,285,2025-06-19,1,0,0,116,0,0,0.0,2023-09-17,2023-09-17,2.0,1.0,1.0,5.0,5.0,4.0,2.0,,f,3,3,0,0,0.05
1339,44261204,https://www.airbnb.com/rooms/44261204,20250619031426,2025-06-19,city scrape,ONE Bedroom in the Back Bay on Commonwealth Ave,"ONE bedroom in the Back Bay area of Boston on Commonwealth Ave.  One street over from Newbury St. Walk to the subway, numerous restaurants cafes and shops",,https://a0.muscache.com/pictures/de510fc2-fdfa-4dc3-b7ea-936d6560e257.jpg,180283497,https://www.airbnb.com/users/show/180283497,Michelle,2018-03-24,,,within a day,65%,24%,f,https://a0.muscache.com/im/pictures/user/80c96d1c-7c58-4116-bc2a-865d49c2e185.jpg?aki_policy=profile_small,https://a0.muscache.com/im/pictures/user/80c96d1c-7c58-4116-bc2a-865d49c2e185.jpg?aki_policy=profile_x_medium,Back Bay,15,18,['phone'],t,t,,Back Bay,,42.35155,-71.08738,Entire condo,Entire home/apt,2,1.0,1 bath,0.0,1.0,"[""Wine glasses"", ""Essentials"", ""Ge profile  oven"", ""Washer"", ""Baking sheet"", ""Air conditioning"", ""Smoke alarm"", ""Housekeeping available every day - available at extra cost"", ""Dedicated workspace"", ""Dishes and silverware"", ""Elevator"", ""Dining table"", ""Long term stays allowed"", ""Coffee maker"", ""Carbon monoxide alarm"", ""Bed linens"", ""Microwave"", ""Shampoo"", ""Hair dryer"", ""GE stove"", ""Freezer"", ""Refrigerator"", ""Extra pillows and blankets"", ""Fire extinguisher"", ""TV"", ""Dishwasher"", ""Dryer"", ""Cooking basics"", ""Indoor fireplace"", ""Kitchen"", ""Hot water"", ""Heating"", ""Iron"", ""Wifi"", ""Toaster"", ""Hangers"", ""Bathtub""]",$173.00,32,730,32,32,730,730,32.0,730.0,,t,30,60,90,365,2025-06-19,0,0,0,196,0,0,0.0,,,,,,,,,,,f,7,7,0,0,
1347,44820346,https://www.airbnb.com/rooms/44820346,20250619031426,2025-06-19,city scrape,NONE SMOKING ROOM K:Spacious & SUPER SAFE & QUIET,,,https://a0.muscache.com/pictures/2dbf6982-673c-470d-a2de-095cf1e6e87e.jpg,165422704,https://www.airbnb.com/users/show/165422704,Mimi,2018-01-02,"Boston, MA",,within a day,50%,100%,f,https://a0.muscache.com/im/pictures/user/7d22d2ca-634a-4fb1-a99c-3f58c0e1b2e9.jpg?aki_policy=profile_small,https://a0.muscache.com/im/pictures/user/7d22d2ca-634a-4fb1-a99c-3f58c0e1b2e9.jpg?aki_policy=profile_x_medium,Dorchester,3,7,"['email', 'phone']",t,t,,Dorchester,,42.28658,-71.05386,Private room in rental unit,Private room,2,0.0,0 shared baths,1.0,0.0,"[""Essentials"", ""Carbon monoxide alarm"", ""Hot water"", ""Kitchen"", ""Heating"", ""Iron"", ""Air conditioning"", ""Smoke alarm"", ""Wifi"", ""TV"", ""Shampoo"", ""Lock on bedroom door"", ""Hair dryer""]",$55.00,29,1125,29,29,1125,1125,29.0,1125.0,,t,24,52,82,262,2025-06-19,4,0,0,188,0,0,0.0,2020-09-06,2020-10-25,5.0,5.0,5.0,5.0,5.0,5.0,5.0,STR-439516,t,3,0,3,0,0.07
1348,44821182,https://www.airbnb.com/rooms/44821182,20250619031426,2025-06-19,city scrape,Non smoking Room S:Specious Super Safe QuietClean,,A lot restaurant bar around and McDonald’s look library across bus stop right house can go train or can walk 10 minutes,https://a0.muscache.com/pictures/14d1600a-9795-4df8-963d-4e219a1939f5.jpg,165422704,https://www.airbnb.com/users/show/165422704,Mimi,2018-01-02,"Boston, MA",,within a day,50%,100%,f,https://a0.muscache.com/im/pictures/user/7d22d2ca-634a-4fb1-a99c-3f58c0e1b2e9.jpg?aki_policy=profile_small,https://a0.muscache.com/im/pictures/user/7d22d2ca-634a-4fb1-a99c-3f58c0e1b2e9.jpg?aki_policy=profile_x_medium,Dorchester,3,7,"['email', 'phone']",t,t,Neighborhood highlights,Dorchester,,42.28583,-71.05558,Private room in rental unit,Private room,2,1.0,1 shared bath,1.0,1.0,"[""Essentials"", ""Kitchen"", ""Hot water"", ""Heating"", ""Iron"", ""Air conditioning"", ""Wifi"", ""TV"", ""Shampoo"", ""Lock on bedroom door"", ""Hair dryer""]",$47.00,29,1125,29,29,1125,1125,29.0,1125.0,,t,0,0,0,262,2025-06-19,17,2,0,93,2,116,5452.0,2020-08-19,2024-10-23,4.71,4.76,4.88,5.0,4.94,4.47,4.71,STR-439516,t,3,0,3,0,0.29
1450,47137042,https://www.airbnb.com/rooms/47137042,20250619031426,2025-06-19,city scrape,Charming 2br in hip neighborhood w Private Deck,"Wake up with the sun in this bright, two bedroom apartment. Private terrace to enjoy coffee, steps to Arboretum, and 12 minutes by train to Back Bay.<br />Second floor apartment in quiet two-family home. Apartment is completely private, with a shared entrance. Laundry on site, and ample on street parking",,https://a0.muscache.com/pictures/miso/Hosting-47137042/original/f3aae184-133f-4649-a2bf-db67bc8600ed.jpeg,9658771,https://www.airbnb.com/users/show/9658771,Anthony,2013-10-27,"Boston, MA","As a Program Director for Viking Cruises,  I love travel!  And am happy to provide guests to the Boston area a comfortable and quiet place to call home. Feel free to write with any questions or inquiries, I am happy to help!

",within a day,60%,0%,f,https://a0.muscache.com/im/pictures/user/8113ec23-65af-42dc-8be3-ae7fe6329814.jpg?aki_policy=profile_small,https://a0.muscache.com/im/pictures/user/8113ec23-65af-42dc-8be3-ae7fe6329814.jpg?aki_policy=profile_x_medium,Roslindale,2,2,"['email', 'phone']",t,t,,Roslindale,,42.28834,-71.13646,Entire rental unit,Entire home/apt,2,1.0,1 bath,2.0,1.0,"[""Essentials"", ""Indoor fireplace"", ""Washer"", ""Hot water"", ""Kitchen"", ""Free street parking"", ""Heating"", ""Pets allowed"", ""Smoke alarm"", ""Wifi"", ""First aid kit"", ""Hangers"", ""Private patio or balcony"", ""Fire extinguisher"", ""Carbon monoxide alarm"", ""Dryer""]",$124.00,29,90,29,29,90,90,29.0,90.0,,t,2,31,61,336,2025-06-19,9,0,0,167,0,0,0.0,2021-02-06,2023-03-20,4.67,4.78,4.67,5.0,5.0,4.89,4.56,STR-443288,f,2,2,0,0,0.17
1455,47355116,https://www.airbnb.com/rooms/47355116,20250619031426,2025-06-19,city scrape,Updated 1-Bed - near Harvard w/ pkg and laundry!,"Perfectly located a short walk to Harvard Square and the Harvard Business School campus, this spacious  and renovated 1st floor 1-bedroom has all you'll need for your visit to Boston or Cambridge.",,https://a0.muscache.com/pictures/hosting/Hosting-U3RheVN1cHBseUxpc3Rpbmc6NDczNTUxMTY=/original/a1ec4fe8-b113-4199-8d66-76fd6aea871c.jpeg,4111092,https://www.airbnb.com/users/show/4111092,Holden,2012-11-10,"Boston, MA","Hi, I'm Holden!  

I spent the bulk of my twenties traveling as a musician and was a guest in homes throughout Europe, Central America, Northern Africa, & Asia. Between tours, I lived in and around Boston. I've since settled into a cozy neighborhood home outside the city and now enjoy welcoming guests of my own. 

In addition to music, I have a passion for all things nautical - sailing, scuba diving, swimming, & seafood. I make the most of Boston's proximity to the beach, as well as it's local restaurants and venues. 

I look forward to sharing my home (and offering recommendations for the city's best tastes and sounds!) with you soon. 

Safe travels!",within a day,100%,93%,t,https://a0.muscache.com/im/pictures/user/f4c0a034-9de1-418f-b779-1d3f3bfd0e09.jpg?aki_policy=profile_small,https://a0.muscache.com/im/pictures/user/f4c0a034-9de1-418f-b779-1d3f3bfd0e09.jpg?aki_policy=profile_x_medium,Allston,1,5,"['email', 'phone', 'work_email']",t,t,,Allston,,42.36014,-71.12829,Entire rental unit,Entire home/apt,4,1.0,1 bath,1.0,2.0,"[""Wine glasses"", ""Essentials"", ""Private entrance"", ""Baking sheet"", ""Smoke alarm"", ""Dedicated workspace"", ""Blomberg refrigerator"", ""Dishes and silverware"", ""Cleaning available during stay"", ""Clothing storage: wardrobe"", ""Self check-in"", ""Dining table"", ""Long term stays allowed"", ""Carbon monoxide alarm"", ""Free dryer \u2013 In building"", ""Bed linens"", ""Microwave"", ""Shampoo"", ""Magic Chef stainless steel single oven"", ""Hair dryer"", ""Luggage dropoff allowed"", ""Body soap"", ""Freezer"", ""Free washer \u2013 In building"", ""Pets allowed"", ""Extra pillows and blankets"", ""Fire extinguisher"", ""Free driveway parking on premises \u2013 1 space"", ""TV"", ""Pack \u2019n play/Travel crib - available upon request"", ""Dishwasher"", ""Laundromat nearby"", ""Keypad"", ""Cooking basics"", ""Kitchen"", ""Other stainless steel gas stove"", ""Hot water"", ""Backyard"", ""Iron"", ""Wifi"", ""Toaster"", ""First aid kit"", ""Hangers"", ""Single level home"", ""Central heating"", ""Coffee maker: drip coffee maker"", ""Bathtub"", ""Central air conditioning""]",$157.00,3,1125,3,3,1125,1125,3.0,1125.0,,t,0,0,0,23,2025-06-19,10,8,1,23,4,48,7536.0,2021-01-02,2025-05-25,4.7,4.7,4.7,5.0,4.6,4.9,4.6,STR-443485,f,1,1,0,0,0.18
1554,48997821,https://www.airbnb.com/rooms/48997821,20250619031426,2025-06-19,city scrape,"6 Room, 2+ Bedroom: Sunny Quintessential Boston","Experience quintessential Boston living in a standard stack two family circa 1920. This penthouse unit (aka 2nd floor), features 6 rooms, 3 Bedrooms, 1 bath, open living-dining room, and exclusive front & back porches.  The unit is fully furnished and equipped, basement washer-dryer & all utilities included.  Located in residential neighborhood with convenient distances to public transport, conservation land and both Roslindale & West Roxbury Village centers.","Positioned between West Roxbury Center and Roslindale Village. There is a large variety of restaurants of all types. In the summer months, there is a weekly farmer's market and occasional concerts on the green. Two libraries and a YMCA are in close proximity.<br /><br />There is a conservation area within walking distance and several very fine parks: including world-renowned Harvard's Arnold Arboretum, City of Boston Millennium Park, and wooded Brook Farm (former Transcendentalist Community).",https://a0.muscache.com/pictures/93c6af07-f4ad-4f50-96e9-07c7932b6177.jpg,147256535,https://www.airbnb.com/users/show/147256535,Janice,2017-08-22,"Boston, MA","Welcome.  I am a long time Boston resident with a true love and appreciation for my city.  Need help planning your trip here?  Feel free to reach out.  I will share all my favorite spots.  As for me, I love walks in the woods and parks with my poodle, Frodo.  I am an avid gardener, love Mah Jong,  and am actively involved with my library Friend Group.  ",within a day,100%,75%,t,https://a0.muscache.com/im/pictures/user/45457722-2d52-417f-acda-175fffa61260.jpg?aki_policy=profile_small,https://a0.muscache.com/im/pictures/user/45457722-2d52-417f-acda-175fffa61260.jpg?aki_policy=profile_x_medium,Roslindale,2,3,"['email', 'phone']",t,f,Neighborhood highlights,Roslindale,,42.27832,-71.14076,Entire condo,Entire home/apt,4,1.0,1 bath,3.0,4.0,"[""Wine glasses"", ""Essentials"", ""Private entrance"", ""Baking sheet"", ""Smoke alarm"", ""Dedicated workspace"", ""Dishes and silverware"", ""Crib"", ""Books and reading material"", ""Clothing storage"", ""High chair"", ""Self check-in"", ""BBQ grill"", ""Baby bath"", ""Dining table"", ""Oven"", ""Long term stays allowed"", ""Coffee maker"", ""Carbon monoxide alarm"", ""Free dryer \u2013 In building"", ""Bed linens"", ""Microwave"", ""Shampoo"", ""Hair dryer"", ""Pack \u2019n play/Travel crib"", ""Body soap"", ""Board games"", ""Freezer"", ""Garden view"", ""Refrigerator"", ""Free washer \u2013 In building"", ""Pets allowed"", ""Extra pillows and blankets"", ""Private patio or balcony"", ""Window AC unit"", ""Fire extinguisher"", ""Outdoor furniture"", ""Lockbox"", ""Dishwasher"", ""Cooking basics"", ""Kitchen"", ""Hot water"", ""HDTV with standard cable"", ""Rice maker"", ""Shared backyard \u2013 Fully fenced"", ""Heating"", ""Conditioner"", ""Iron"", ""Wifi"", ""Toaster"", ""First aid kit"", ""Hangers"", ""Beach essentials"", ""Stove"", ""Bathtub"", ""Free street parking""]",$206.00,29,365,29,29,365,365,29.0,365.0,,t,29,59,89,364,2025-06-19,7,1,0,195,1,58,11948.0,2021-09-01,2024-08-20,5.0,5.0,4.86,4.86,5.0,4.86,4.43,,f,2,2,0,0,0.15
1574,49484066,https://www.airbnb.com/rooms/49484066,20250619031426,2025-06-19,city scrape,private room in a 1 family home.,the bedroom is bright spacious great flowing natural air or ac on hot days.  prior guests have raved about how good they slept there. it is convenient to public transportation not far from the downtown area close to colleges and universities. also bostons beloved fenway park baseball park.,,https://a0.muscache.com/pictures/18698922/994fd87e_original.jpg,3765817,https://www.airbnb.com/users/show/3765817,Francis Edward JR,2012-10-05,"Boston, MA","I'm retired and I enjoy fishing, golfing and antique car shows. I'm born and raised in Boston so I know the city pretty well.",within a day,75%,86%,t,https://a0.muscache.com/im/users/3765817/profile_pic/1369170881/original.jpg?aki_policy=profile_small,https://a0.muscache.com/im/users/3765817/profile_pic/1369170881/original.jpg?aki_policy=profile_x_medium,Brighton,1,1,"['email', 'phone']",t,t,,Brighton,,42.35308,-71.16926,Private room in home,Private room,2,1.0,1 shared bath,1.0,2.0,"[""Essentials"", ""Carbon monoxide alarm"", ""Hot water"", ""Heating"", ""Mini fridge"", ""Air conditioning"", ""Smoke alarm"", ""Wifi"", ""Hangers"", ""Extra pillows and blankets"", ""Lock on bedroom door"", ""Host greets you"", ""Shampoo"", ""Free street parking""]",$133.00,1,3,1,1,3,3,1.0,3.0,,t,30,60,90,364,2025-06-19,172,20,1,195,16,120,15960.0,2021-05-03,2025-05-25,4.87,4.92,4.8,4.9,4.89,4.85,4.8,STR-552948,f,1,0,1,0,3.42
1580,49567991,https://www.airbnb.com/rooms/49567991,20250619031426,2025-06-19,city scrape,1 mile to Downtown Boston Cozy Studio Apartment,A cozy studio apartment privately accessed by you. Your own place of peace. Across from beautifull Highland Park in Historic Fort Hill. Within 1 mile (as the crow flies) from downtown Boston. About a 20 minute walk to Fenway Park and 15 minute walk to Museum of Fine Art. Attached Brick Brownstone. Free on street parking. 7 minute walk to the train.,It's great if not even magical neighborhood. Its becoming full of families and basically a working class or professional class of all types of people. A very diverse neighborhood.,https://a0.muscache.com/pictures/44b5d1ca-c2cd-4d36-ae1b-300de928308b.jpg,122568097,https://www.airbnb.com/users/show/122568097,Nick,2017-03-25,"Boston, MA","I'm From Boston, I love this city, and all it  has to offer. The arts, music, medical, and tech advantages, this city offers. Its amazing History, its charm, and on, and on.",within a day,100%,0%,f,https://a0.muscache.com/im/pictures/user/5179d2a0-3513-4982-a7f1-ae47183e7f87.jpg?aki_policy=profile_small,https://a0.muscache.com/im/pictures/user/5179d2a0-3513-4982-a7f1-ae47183e7f87.jpg?aki_policy=profile_x_medium,Roxbury,4,5,"['email', 'phone']",t,t,Neighborhood highlights,Roxbury,,42.32585,-71.09502,Entire rental unit,Entire home/apt,2,1.0,1 bath,1.0,1.0,"[""Essentials"", ""Private entrance"", ""Washer"", ""Smoke alarm"", ""Dedicated workspace"", ""Dishes and silverware"", ""Coffee"", ""Hot water kettle"", ""Dining table"", ""Oven"", ""Long term stays allowed"", ""Coffee maker"", ""Carbon monoxide alarm"", ""Bed linens"", ""Microwave"", ""Host greets you"", ""Shampoo"", ""Luggage dropoff allowed"", ""Hair dryer"", ""Body soap"", ""Freezer"", ""Refrigerator"", ""Mini fridge"", ""Extra pillows and blankets"", ""Window AC unit"", ""Fire extinguisher"", ""Laundromat nearby"", ""Dryer"", ""Cooking basics"", ""Kitchen"", ""Hot water"", ""TV with Netflix, Hulu"", ""Heating"", ""Iron"", ""Wifi"", ""Hangers"", ""Exterior security cameras on property"", ""Stove"", ""Bathtub"", ""Free street parking""]",$167.00,29,160,29,29,160,160,29.0,160.0,,t,23,53,83,83,2025-06-19,69,0,0,83,0,0,0.0,2021-06-20,2023-01-18,4.3,4.28,3.84,4.71,4.8,4.62,4.28,str-446257,f,4,4,0,0,1.42
1645,50721021,https://www.airbnb.com/rooms/50721021,20250619031426,2025-06-19,city scrape,La Casa Boheme - Upstairs Back Bedroom,"Great big Mansard style Victorian from 1873, consisting of 4 bedrooms and 2.5 baths, I live here with my fiancée as well as rent sublet rooms, the other roommates are fantastic, very nice vibe in the house. The house is stylish, and homey, comfortable, and everyone is very respectful of others privacy and cleanliness. It is a quick walk to the subway, Orange Line, Jackson Square stop, 12 minute walk. Buses are everywhere, bikes to rent down the street, and a quick Uber away from the city.","Neighborhood is pretty residential.  There is a Popeyes, YMCA gym, Marshalls, PriceRight Supermarket, and McDonalds, about a 5 minute walk.  Buses at end of street either way, bike rentals nearby, subway Orange Line Jackson Square station about a 12 minute walk with everything else you’d need nearby there.",https://a0.muscache.com/pictures/hosting/Hosting-50721021/original/2c390e4f-9bdb-4c3f-8fd9-ca0861ddf6e1.jpeg,59978794,https://www.airbnb.com/users/show/59978794,Gianni,2016-02-22,"Boston, MA","I'm a chill guy, like my simple things, like my morning espresso, cooking some food, antique hunting, and refurbishing old things.",within a day,100%,86%,t,https://a0.muscache.com/im/pictures/user/f0646564-085d-441c-a398-0225b4bb0a11.jpg?aki_policy=profile_small,https://a0.muscache.com/im/pictures/user/f0646564-085d-441c-a398-0225b4bb0a11.jpg?aki_policy=profile_x_medium,Roxbury,2,3,"['email', 'phone']",t,t,Neighborhood highlights,Roxbury,,42.319327861470235,-71.09013210682868,Private room in home,Private room,1,1.5,1.5 shared baths,1.0,1.0,"[""Wine glasses"", ""Essentials"", ""Barbecue utensils"", ""Hammock"", ""Baking sheet"", ""Smoke alarm"", ""Shared patio or balcony"", ""Dedicated workspace"", ""Dishes and silverware"", ""Fast wifi \u2013 61 Mbps"", ""Hot water kettle"", ""BBQ grill"", ""Oven"", ""Long term stays allowed"", ""Fire pit"", ""Carbon monoxide alarm"", ""Free dryer \u2013 In building"", ""Bed linens"", ""Microwave"", ""Host greets you"", ""Luggage dropoff allowed"", ""Hair dryer"", ""Freezer"", ""Refrigerator"", ""Mini fridge"", ""Free washer \u2013 In building"", ""Extra pillows and blankets"", ""Outdoor furniture"", ""Window AC unit"", ""Lock on bedroom door"", ""Dishwasher"", ""Cooking basics"", ""Kitchen"", ""Hot water"", ""Heating"", ""Iron"", ""Outdoor dining area"", ""Toaster"", ""First aid kit"", ""Hangers"", ""Private backyard \u2013 Not fully fenced"", ""Exterior security cameras on property"", ""Stove"", ""Coffee maker"", ""Blender"", ""Free street parking""]",$68.00,29,1125,29,29,1125,1125,29.0,1125.0,,t,27,56,86,176,2025-06-19,9,4,0,176,3,232,15776.0,2022-07-01,2025-01-27,5.0,5.0,5.0,5.0,5.0,4.67,4.67,,f,2,0,2,0,0.25
1662,51143502,https://www.airbnb.com/rooms/51143502,20250619031426,2025-06-19,city scrape,Cozy and Clean Ashmont Apartment,"Kick back and relax in this peaceful sanctuary, with easy access to all of Boston.  This apartment is the entire third floor of our home, and has a separate entrance for maximum privacy. Enjoy amenities like a king sized bed, air conditioning, smart TV loaded with Netflix and Hulu, a washer/dryer, and a full kitchen (including a dishwasher). The location is just a couple blocks from two red-line T (subway) stations, where you can get to downtown Boston in less than 20 minutes.","This apartment is located in the Dorchester neighborhood of Boston, close to the Ashmont T station.  The more specific neighborhood is called Ashmont Hill.  It is quiet and residential, but still very close to public transportation and plenty of shops and restaurants within walking distance.",https://a0.muscache.com/pictures/miso/Hosting-51143502/original/6b8705d6-cd0b-4712-bd8b-64b7a42463b1.jpeg,24873679,https://www.airbnb.com/users/show/24873679,Michaela,2014-12-15,"Boston, MA",,within a day,100%,100%,t,https://a0.muscache.com/im/pictures/user/72b54044-28f3-4270-a244-727984192432.jpg?aki_policy=profile_small,https://a0.muscache.com/im/pictures/user/72b54044-28f3-4270-a244-727984192432.jpg?aki_policy=profile_x_medium,Dorchester,1,1,"['email', 'phone']",t,t,Neighborhood highlights,Dorchester,,42.28914,-71.07021,Entire guest suite,Entire home/apt,4,1.0,1 bath,1.0,2.0,"[""Essentials"", ""Private entrance"", ""Washer"", ""Baking sheet"", ""Air conditioning"", ""Smoke alarm"", ""Dedicated workspace"", ""Dishes and silverware"", ""Coffee"", ""Hot water kettle"", ""Free dryer \u2013 In unit"", ""Dining table"", ""Oven"", ""Room-darkening shades"", ""Long term stays allowed"", ""Carbon monoxide alarm"", ""Cleaning products"", ""Bed linens"", ""Microwave"", ""Shampoo"", ""Hair dryer"", ""Body soap"", ""Freezer"", ""Refrigerator"", ""Pets allowed"", ""Extra pillows and blankets"", ""Fire extinguisher"", ""TV"", ""Dishwasher"", ""Cooking basics"", ""Kitchen"", ""Hot water"", ""Conditioner"", ""Wifi"", ""Toaster"", ""First aid kit"", ""Hangers"", ""Central heating"", ""Coffee maker: drip coffee maker"", ""Stove"", ""Portable fans"", ""Free street parking""]",$145.00,2,365,2,2,365,365,2.0,365.0,,t,0,0,11,246,2025-06-19,71,20,3,77,22,120,17400.0,2022-01-09,2025-06-16,4.97,5.0,4.96,4.97,5.0,4.76,4.85,STR-536216,f,1,1,0,0,1.69
1664,51154191,https://www.airbnb.com/rooms/51154191,20250619031426,2025-06-19,previous scrape,★ PRIVATE Condo in Prime Location ★,"Cozy studio with a private entrance in Boston's historic North End. Located on the Freedom Trail and near many great Italian restaurants and bakeries, yet still quiet and residential. Just off of the waterfront and close to public transportation.","Great Italian restaurants, diners and bakeries, historical sites on the Freedom Trail, water taxis and a vibrant atmosphere!",https://a0.muscache.com/pictures/miso/Hosting-51154191/original/6246b05e-5caf-4af5-a9e4-13efacb277ab.png,175943692,https://www.airbnb.com/users/show/175943692,Michael,2018-02-28,,,within a day,70%,90%,f,https://a0.muscache.com/im/pictures/user/4167b2aa-e2ac-472f-abc3-41bce46e640a.jpg?aki_policy=profile_small,https://a0.muscache.com/im/pictures/user/4167b2aa-e2ac-472f-abc3-41bce46e640a.jpg?aki_policy=profile_x_medium,North End,1,1,['phone'],t,t,Neighborhood highlights,North End,,42.36781,-71.05559,Entire condo,Entire home/apt,2,,1 bath,,,"[""Essentials"", ""Private entrance"", ""Clothing storage: closet"", ""Air conditioning"", ""Smoke alarm"", ""Dedicated workspace"", ""Dishes and silverware"", ""Electric stove"", ""Coffee"", ""Hot water kettle"", ""Self check-in"", ""Dining table"", ""Carbon monoxide alarm"", ""Cleaning products"", ""Bed linens"", ""Microwave"", ""Hair dryer"", ""Body soap"", ""Freezer"", ""Mini fridge"", ""Lockbox"", ""Fire extinguisher"", ""TV"", ""Cooking basics"", ""Kitchen"", ""Hot water"", ""Coffee maker: Keurig coffee machine"", ""Iron"", ""Wifi"", ""First aid kit"", ""Hangers"", ""Radiant heating"", ""Paid parking on premises"", ""Waterfront""]",,1,12,1,2,1125,1125,1.1,1125.0,,t,0,0,0,51,2025-06-19,337,69,0,0,84,255,,2021-07-25,2025-04-29,4.74,4.82,4.74,4.86,4.81,4.95,4.61,STR-539253,f,1,1,0,0,7.09
1754,52883886,https://www.airbnb.com/rooms/52883886,20250619031426,2025-06-19,city scrape,Spectacular views in a spacious Beacon Hill 2bd2ba,"Enjoy a panoramic view of Boston with an intimate eye-level view of the historic State House and a dynamic view of the skyline. Perched atop Beacon Hill on the the top floor of the historic Bellevue building, this 2bd2ba condo overlooks the Boston Common/Public Garden with easy access to the Park Street T.  The building is professionally managed and comes with concierge and elevators.","Top of historic and charming Beacon Hill, short walk to MGH, Newbury, downtown, Seaport, and Cambridge. Easily accessible by T to all Boston metro locations. This is a walker's paradise scoring 99/100 on walking score and 100/100 on public transport score (walkscore.com). Enjoy the best of city living and get to know Boston better than most locals!",https://a0.muscache.com/pictures/miso/Hosting-52883886/original/922c6cc0-2324-4fe2-8f92-13bcc4c91ed7.jpeg,28741809,https://www.airbnb.com/users/show/28741809,Darlene,2015-03-04,"Swampscott, MA",,within a day,100%,100%,t,https://a0.muscache.com/im/pictures/user/6cee5b7c-4ce1-4f6b-9cb9-dcb7e85251d4.jpg?aki_policy=profile_small,https://a0.muscache.com/im/pictures/user/6cee5b7c-4ce1-4f6b-9cb9-dcb7e85251d4.jpg?aki_policy=profile_x_medium,Beacon Hill,1,1,"['email', 'phone']",t,t,Neighborhood highlights,Downtown,,42.35819625854492,-71.06234741210938,Entire condo,Entire home/apt,4,2.0,2 baths,2.0,2.0,"[""Wine glasses"", ""Essentials"", ""Baking sheet"", ""Blender"", ""Smoke alarm"", ""55 inch HDTV with Hulu, Netflix"", ""Dedicated workspace"", ""Dishes and silverware"", ""Elevator"", ""Coffee"", ""Paid washer \u2013 In building"", ""Hot water kettle"", ""Clothing storage: walk-in closet, closet, and dresser"", ""City skyline view"", ""Self check-in"", ""Paid dryer \u2013 In building"", ""Dining table"", ""Oven"", ""Room-darkening shades"", ""River view"", ""Long term stays allowed"", ""Building staff"", ""Carbon monoxide alarm"", ""Cleaning products"", ""Portable air conditioning"", ""Bed linens"", ""Ceiling fan"", ""Microwave"", ""Shampoo"", ""Hair dryer"", ""Body soap"", ""Freezer"", ""Refrigerator"", ""Pets allowed"", ""Sound system with Bluetooth and aux"", ""Extra pillows and blankets"", ""Outdoor furniture"", ""Fire extinguisher"", ""Ethernet connection"", ""Dishwasher"", ""Cooking basics"", ""Kitchen"", ""Hot water"", ""Shower gel"", ""Conditioner"", ""Iron"", ""Wifi"", ""Toaster"", ""First aid kit"", ""Hangers"", ""Single level home"", ""Central heating"", ""Exterior security cameras on property"", ""Stove"", ""Bathtub"", ""Coffee maker: drip coffee maker, french press, Nespresso"", ""Park view""]",$350.00,29,120,29,29,1125,1125,29.0,1125.0,,t,0,0,28,303,2025-06-19,11,3,0,134,3,174,60900.0,2021-12-19,2024-12-14,5.0,5.0,5.0,5.0,5.0,5.0,4.73,,f,1,1,0,0,0.26
1759,53010917,https://www.airbnb.com/rooms/53010917,20250619031426,2025-06-19,city scrape,Private bedroom located in family-owned apartment,"This ubiquitous triple-decker can be found throughout many of Boston's historical neighborhoods.<br /><br />Our apartment is NOT in Downtown. But 3.5 miles from Downtown/15-minutes by Uber.<br /><br />Apartment is a (3) bedroom, (1) bathroom, with a comfy television room and large eat-in kitchen.  Perfect for person on business OR solo traveler.  <br /><br />Guest are welcome to make use of any of the common areas, outside of their front bedroom. Again, you will be renting a PRIVATE single bedroom in an apartment.<br />STR-553034","**As a note: this apartment is located in the neighborhood of Dorchester close to Savin Hill. This apartment is not in Downtown Boston.**<br /><br />Dorchester is an easy 15-minute train ride into the center of the city.  Within the neighborhood of Dorchester itself, there is a small grocery store in Savin Hill as well as a coffee shop called Honey Comb. Then on the main drag: Dorchester Avenue, you can find a few bars, pizza shops, and a coffee shop all within walking distance.  If you are looking to venture into the center of the city, the apartment is less than a 10 minute walk to the JFK/Umass Redline stop (near Colombia Road) which is an easy train ride into Downtown Boston. Also located closely to Dorchester is Quincy for travelers looking to go further south of the city.",https://a0.muscache.com/pictures/96b23479-df36-4db8-b377-b11333a57b70.jpg,52562048,https://www.airbnb.com/users/show/52562048,Zipporah,2015-12-28,"Boston, MA",Boston resident that enjoys traveling and yoga.,within a day,100%,78%,f,https://a0.muscache.com/im/pictures/user/d0cf9e26-5bcd-4320-8c9a-f9e76b40cd50.jpg?aki_policy=profile_small,https://a0.muscache.com/im/pictures/user/d0cf9e26-5bcd-4320-8c9a-f9e76b40cd50.jpg?aki_policy=profile_x_medium,Dorchester,1,3,"['email', 'phone', 'work_email']",t,t,Neighborhood highlights,Dorchester,,42.31656,-71.05445,Private room in rental unit,Private room,2,1.0,1 shared bath,1.0,1.0,"[""Essentials"", ""Smoke alarm"", ""Shared patio or balcony"", ""Dishes and silverware"", ""Self check-in"", ""Carbon monoxide alarm"", ""Cleaning products"", ""Bed linens"", ""Shampoo"", ""Hair dryer"", ""Refrigerator"", ""Lockbox"", ""Window AC unit"", ""Lock on bedroom door"", ""Cooking basics"", ""Kitchen"", ""Conditioner"", ""Iron"", ""Wifi"", ""Radiant heating"", ""Bathtub"", ""Free street parking""]",$90.00,2,8,2,2,8,8,2.0,8.0,,t,30,60,90,364,2025-06-19,73,8,4,196,2,48,4320.0,2022-03-22,2025-06-01,4.82,4.93,4.89,4.88,4.89,4.59,4.66,STR-553034,f,1,0,1,0,1.85
1782,53184370,https://www.airbnb.com/rooms/53184370,20250619031426,2025-06-19,city scrape,Lovely 420 friendly home,Forget your worries in this spacious and serene space.,,https://a0.muscache.com/pictures/miso/Hosting-53184370/original/c38b85cd-8c10-45bf-9d93-31277b1ae31b.jpeg,41645684,https://www.airbnb.com/users/show/41645684,Kensley,2015-08-16,,,within a day,50%,0%,f,https://a0.muscache.com/im/users/41645684/profile_pic/1439753881/original.jpg?aki_policy=profile_small,https://a0.muscache.com/im/users/41645684/profile_pic/1439753881/original.jpg?aki_policy=profile_x_medium,Dorchester,2,3,['phone'],t,t,,Dorchester,,42.2875,-71.06909,Private room in rental unit,Private room,4,2.0,2 shared baths,1.0,1.0,"[""Indoor fireplace"", ""Kitchen"", ""Washer"", ""Refrigerator"", ""Pool table"", ""Smoke alarm"", ""Wifi"", ""First aid kit"", ""TV"", ""Carbon monoxide alarm""]",$72.00,91,365,91,91,365,365,91.0,365.0,,t,0,0,0,230,2025-06-19,0,0,0,61,0,0,0.0,,,,,,,,,,,f,2,0,2,0,
1826,53898789,https://www.airbnb.com/rooms/53898789,20250619031426,2025-06-19,city scrape,Piano 1 bed facing Beacon St,"Fantastic location in historic Beacon Hill! This concierge building is located beside the State House and the Boston Common. It is convenient to transportation, the Financal District and Government Centre. This 1 bed faces Beacon Street, has parquet wood floors  and has an updated compact kitchen with an oven and electric cooktop. There is laundry on each floor and a common roofdeck overlooking the downtown.","Historic Beacon Hill has shops, restaurants and is convenient to transportation.",https://a0.muscache.com/pictures/miso/Hosting-53898789/original/28f0df1e-9f81-4c75-9a8a-02750bb4ed2c.jpeg,26988,https://www.airbnb.com/users/show/26988,Anne,2009-07-22,"Boston, MA","I manage a number of furnished units around Boston and Brookline with my business partner Joseph Morrissey.  I am a Realtor with Unlimited Sotheby's  and do sales/rentals in the greater Boston market.  I also manage a sculpture school/studio with my husband, sculptor Morris Norvin.  Stonybrook Fine Arts, is located in the Boston neighborhood Jamaica Plain across the street from the famous Sam Adams Brewery.  We offer a variety of one day workshops on our calendar including welding, jewelry and metal casting.   Longer classes are available and meet one time each week including the options above as well as mold making, live figure modeling and foundry.  Custom workshops are available for small groups, birthday parties, bachelorette parties, make your own wedding bands, create an engagement ring and team building.  We are happy to arrange a tour of Sam Adams after a daytime workshop not occurring on Sunday.  Contact us for more details to set up your custom event!

",within a day,70%,38%,t,https://a0.muscache.com/im/pictures/user/d7d71322-db4f-45f8-92f7-ec27a50d5773.jpg?aki_policy=profile_small,https://a0.muscache.com/im/pictures/user/d7d71322-db4f-45f8-92f7-ec27a50d5773.jpg?aki_policy=profile_x_medium,Beacon Hill,12,32,"['email', 'phone']",t,t,Neighborhood highlights,Downtown,,42.35919210551046,-71.06117817828259,Entire rental unit,Entire home/apt,1,1.0,1 bath,1.0,1.0,"[""Essentials"", ""Patio or balcony"", ""Clothing storage: closet and dresser"", ""Smoke alarm"", ""Dedicated workspace"", ""Dishes and silverware"", ""Paid parking off premises"", ""Electric stove"", ""Elevator"", ""Paid washer \u2013 In building"", ""City skyline view"", ""Paid dryer \u2013 In building"", ""Dining table"", ""Long term stays allowed"", ""Coffee maker"", ""Carbon monoxide alarm"", ""Cleaning products"", ""Bed linens"", ""Microwave"", ""TV with standard cable"", ""Hair dryer"", ""Refrigerator"", ""Single oven"", ""Extra pillows and blankets"", ""Window AC unit"", ""Fire extinguisher"", ""Ethernet connection"", ""Cooking basics"", ""Kitchen"", ""Hot water"", ""Heating"", ""Iron"", ""Wifi"", ""Hangers"", ""Bathtub""]",$161.00,91,365,91,91,365,365,91.0,365.0,,t,0,0,16,291,2025-06-19,2,2,0,122,1,255,41055.0,2024-08-11,2025-05-17,5.0,5.0,4.5,5.0,5.0,5.0,5.0,,f,8,8,0,0,0.19
1838,54105912,https://www.airbnb.com/rooms/54105912,20250619031426,2025-06-19,city scrape,Chic Renovated Suite w/ King Bed & Private Porch,"A short walk from Roslindale Village's shops and restaurants, this newly built one-bedroom suite is located in the charming Peter’s Hill neighborhood of Boston. Features include a full kitchen, efficient bathroom, and screened-in porch with private entry. Take advantage of the nearby Arnold Arboretum or all the rest the city has to offer. Perfect for romantic weekend getaways, working or rest retreats, or visiting relatives!",,https://a0.muscache.com/pictures/miso/Hosting-54105912/original/c1729cd9-fff8-4d66-b407-f3da70f501be.jpeg,2186786,https://www.airbnb.com/users/show/2186786,Hilary,2012-04-20,"Massachusetts, United States","My partner Greg and I have lovingly restored our 1910 home, including adding a guest suite so that more people can enjoy the Roslindale neighborhood. We think traveling is so essential for a good life, and for sharing sweet times with family and friends. ",within a day,50%,,f,https://a0.muscache.com/im/pictures/user/0baa311c-ea5b-4b6e-9be8-0f248badc85e.jpg?aki_policy=profile_small,https://a0.muscache.com/im/pictures/user/0baa311c-ea5b-4b6e-9be8-0f248badc85e.jpg?aki_policy=profile_x_medium,Roslindale,1,1,"['email', 'phone', 'work_email']",t,t,,Roslindale,,42.29047,-71.13168,Entire guest suite,Entire home/apt,2,1.0,1 bath,1.0,1.0,"[""Essentials"", ""Private entrance"", ""Drying rack for clothing"", ""Clothing storage: closet and dresser"", ""Smoke alarm"", ""Empava induction stove"", ""Dedicated workspace"", ""Dishes and silverware"", ""Eco by Green Culture conditioner"", ""Eco by Green Culture shampoo"", ""Eco by Green Culture body soap"", ""Books and reading material"", ""Coffee"", ""Hot water kettle"", ""Self check-in"", ""32 inch HDTV with Apple TV, Disney+, Netflix, Roku"", ""Dining table"", ""Oven"", ""Room-darkening shades"", ""Carbon monoxide alarm"", ""Cleaning products"", ""GE refrigerator"", ""Bed linens"", ""Microwave"", ""Heating - split type ductless system"", ""Hair dryer"", ""Luggage dropoff allowed"", ""Freezer"", ""Extra pillows and blankets"", ""AC - split type ductless system"", ""Private patio or balcony"", ""Fire extinguisher"", ""Outdoor furniture"", ""Dishwasher"", ""Laundromat nearby"", ""Keypad"", ""Cooking basics"", ""Kitchen"", ""Hot water"", ""Backyard"", ""Iron"", ""Wifi"", ""Outdoor dining area"", ""Toaster"", ""First aid kit"", ""Hangers"", ""Coffee maker: drip coffee maker"", ""Free street parking""]",$174.00,29,65,29,29,65,65,29.0,65.0,,t,28,58,88,88,2025-06-19,44,0,0,88,0,0,0.0,2022-04-24,2023-11-26,4.98,5.0,5.0,5.0,5.0,4.95,5.0,STR-544910,f,1,1,0,0,1.14
1887,564514494379318685,https://www.airbnb.com/rooms/564514494379318685,20250619031426,2025-06-19,city scrape,City Studio Suite,Enjoy a stylish experience at this centrally-located studio Apt in Boston’s North End.,,https://a0.muscache.com/pictures/hosting/Hosting-564514494379318685/original/5c0016da-9de1-4e55-bcf3-ce3a4a3497f7.jpeg,70199947,https://www.airbnb.com/users/show/70199947,Jenelle,2016-05-03,"Boston, MA",,within a day,100%,100%,t,https://a0.muscache.com/im/pictures/user/User/original/ebcda0a6-41b2-4668-87f3-232392beed67.jpeg?aki_policy=profile_small,https://a0.muscache.com/im/pictures/user/User/original/ebcda0a6-41b2-4668-87f3-232392beed67.jpeg?aki_policy=profile_x_medium,North End,2,2,"['email', 'phone']",t,t,,North End,,42.36790986627192,-71.05250598747773,Entire rental unit,Entire home/apt,2,1.5,1.5 baths,0.0,1.0,"[""Smoke alarm"", ""Wifi"", ""First aid kit"", ""Dedicated workspace"", ""Fire extinguisher"", ""Exterior security cameras on property"", ""Carbon monoxide alarm"", ""TV""]","$1,300.00",120,365,120,120,365,365,120.0,365.0,,t,28,58,88,268,2025-06-19,0,0,0,194,0,0,0.0,,,,,,,,,,,f,1,1,0,0,
1959,595621385126373803,https://www.airbnb.com/rooms/595621385126373803,20250619031426,2025-06-19,city scrape,Lovely two bedroom apartment on a 2 floor unit.,Get comfortable and enjoy plenty of extra room at this spacious place.,"A very diverse and very inclusive neighborhood,  friendly and very community focus.",https://a0.muscache.com/pictures/miso/Hosting-595621385126373803/original/21b6a4c7-f790-4197-beff-3f226e5c6422.jpeg,8898973,https://www.airbnb.com/users/show/8898973,Gianni,2013-09-17,"Boston, MA","Friendly,responsible and profesional.",within a day,80%,67%,f,https://a0.muscache.com/im/users/8898973/profile_pic/1380147848/original.jpg?aki_policy=profile_small,https://a0.muscache.com/im/users/8898973/profile_pic/1380147848/original.jpg?aki_policy=profile_x_medium,Roxbury,4,4,"['email', 'phone']",t,t,Neighborhood highlights,Roxbury,,42.32745,-71.0943,Entire rental unit,Entire home/apt,4,1.5,1.5 baths,2.0,2.0,"[""Wine glasses"", ""Essentials"", ""Private entrance"", ""Clothing storage: closet and dresser"", ""Air conditioning"", ""Smoke alarm"", ""Blender"", ""Dishes and silverware"", ""50 inch HDTV with Apple TV, Chromecast, Disney+, Fire TV, HBO Max, Hulu, Netflix, premium cable"", ""Hot water kettle"", ""City skyline view"", ""Free dryer \u2013 In unit"", ""Dining table"", ""Oven"", ""Room-darkening shades"", ""Long term stays allowed"", ""Carbon monoxide alarm"", ""Cleaning products"", ""Bed linens"", ""Microwave"", ""Shampoo"", ""Outdoor playground"", ""Hair dryer"", ""Body soap"", ""Freezer"", ""Free washer \u2013 In unit"", ""Garden view"", ""Refrigerator"", ""Extra pillows and blankets"", ""Private patio or balcony"", ""Outdoor furniture"", ""Fire extinguisher"", ""Dishwasher"", ""Laundromat nearby"", ""Cooking basics"", ""Kitchen"", ""Hot water"", ""Mosquito net"", ""Shower gel"", ""Conditioner"", ""Iron"", ""Wifi"", ""Toaster"", ""Outdoor dining area"", ""Hangers"", ""Central heating"", ""Coffee maker: drip coffee maker"", ""Stove"", ""Bathtub"", ""Park view"", ""Free street parking""]",$115.00,91,365,91,91,365,365,91.0,365.0,,t,0,0,2,219,2025-06-19,5,1,0,108,0,182,20930.0,2022-05-27,2025-04-27,5.0,5.0,4.8,5.0,5.0,4.6,4.6,,f,4,4,0,0,0.13
2025,638924072026713547,https://www.airbnb.com/rooms/638924072026713547,20250619031426,2025-06-19,previous scrape,"Back Bay Cute Studio, Walk to Prudential & Newbury","Walk to Hynes Convention/Newbury/ Prudential<br /><br />Prime location with easy access to most of the attractions Boston can offer. This lovely garden-level studio offers a quiet stay in the center of Boston. <br /><br />The studio comes with a private entrance for your ultimate privacy. Small space with everything you need when you're in town for business or a short visit. Although I can accommodate two (with a guest fee), this is best suited for a single traveler.",,https://a0.muscache.com/pictures/miso/Hosting-638908178647698696/original/58038905-f20b-449c-8123-c6a9afc0c38e.jpeg,95634275,https://www.airbnb.com/users/show/95634275,Sophia,2016-09-18,"Boston, MA","I am an MIT alum and a tech entrepreneur. Having traveled and worked in many cities across continents, I've been an Airbnb host and a guest many times! 

I love to welcome people to one of my favorite cities, Boston, and show them around. Feel free to ask me any questions!",within a day,100%,90%,,https://a0.muscache.com/im/pictures/user/a18fb9a4-5c21-406e-89ad-a555db5c71a5.jpg?aki_policy=profile_small,https://a0.muscache.com/im/pictures/user/a18fb9a4-5c21-406e-89ad-a555db5c71a5.jpg?aki_policy=profile_x_medium,Beacon Hill,34,53,"['email', 'phone', 'work_email']",t,t,,Back Bay,,42.35221,-71.08263,Entire condo,Entire home/apt,2,,1 bath,1.0,,"[""Essentials"", ""Air conditioning"", ""Smoke alarm"", ""Dedicated workspace"", ""Dishes and silverware"", ""Electric stove"", ""Self check-in"", ""Oven"", ""Carbon monoxide alarm"", ""Cleaning products"", ""Bed linens"", ""Microwave"", ""Shampoo"", ""Hair dryer"", ""Refrigerator"", ""Fire extinguisher"", ""TV"", ""Cooking basics"", ""Kitchen"", ""Hot water"", ""Smart lock"", ""Shower gel"", ""Heating"", ""Conditioner"", ""Iron"", ""Wifi"", ""Hangers"", ""Exterior security cameras on property"", ""Coffee maker""]",,29,90,29,29,90,90,29.0,90.0,,t,0,6,16,21,2025-06-19,99,22,0,21,38,255,,2022-08-28,2025-01-01,4.69,4.72,4.67,4.87,4.93,4.99,4.58,STR-480630,f,6,2,4,0,2.89
2035,642948081362358926,https://www.airbnb.com/rooms/642948081362358926,20250619031426,2025-06-19,city scrape,"Cozy Top floor apt by St Elizabeth, BU, BC w/ Park",Cozy and newly renovated (2022) 2 Bedroom/1 Bath Guest suite occupying top floor of a multi-family in a peaceful Brighton/Boston neighborhood. Includes easy and private on-site parking.<br /><br />Place is only available for minimum 30 days. <br /><br />Closest T Top (Warren Green Line / 12 minute walk)<br /><br />St. Elizabeth Medical Center - 0.3 miles (7 minute walk)<br />Auerbach Center - 0.5 miles (11 minute walk)<br /><br />Downtown Boston - 7 Miles away (20-30 min drive)<br />Fenway Park - 3 Miles away,,https://a0.muscache.com/pictures/miso/Hosting-642948081362358926/original/bc2113df-94d2-4fcb-b4f2-a81f5790fb1b.jpeg,306329570,https://www.airbnb.com/users/show/306329570,Jonathan,2019-11-02,"Cambridge, MA","Hello! I'm Jon and thank you for checking out our listings

Amy & I have hosted/co-hosted short term rentals and b&bs around the Boston area since 2008. We enjoy hosting people from all backgrounds and walks of life and are always happy to lend a hand. 

Please don't hesitate to reach out if you have any questions or are unsure of anything!

",within a day,90%,87%,,https://a0.muscache.com/im/pictures/user/User/original/d1a1418f-3de5-4e37-b11b-3ce584d11309.jpeg?aki_policy=profile_small,https://a0.muscache.com/im/pictures/user/User/original/d1a1418f-3de5-4e37-b11b-3ce584d11309.jpeg?aki_policy=profile_x_medium,Brighton,12,14,"['email', 'phone']",t,t,,Brighton,,42.352,-71.14877,Entire condo,Entire home/apt,3,1.0,1 bath,2.0,2.0,"[""Essentials"", ""Washer"", ""Smoke alarm"", ""Dedicated workspace"", ""Dishes and silverware"", ""Clothing storage"", ""Hot water kettle"", ""Self check-in"", ""Free dryer \u2013 In unit"", ""Dining table"", ""HDTV with Roku"", ""Room-darkening shades"", ""Oven"", ""Coffee maker"", ""Long term stays allowed"", ""Carbon monoxide alarm"", ""Cleaning products"", ""Bed linens"", ""Ceiling fan"", ""Microwave"", ""Shampoo"", ""Hair dryer"", ""Body soap"", ""Freezer"", ""Refrigerator"", ""Extra pillows and blankets"", ""Window AC unit"", ""Fire extinguisher"", ""Dishwasher"", ""Keypad"", ""Cooking basics"", ""Kitchen"", ""Hot water"", ""Shower gel"", ""Heating"", ""Conditioner"", ""Iron"", ""Wifi"", ""Toaster"", ""Hangers"", ""Stove"", ""Portable fans"", ""Bathtub"", ""Free parking on premises""]",$160.00,30,365,3,30,365,365,27.2,365.0,,t,4,4,21,127,2025-06-19,21,13,3,127,8,255,40800.0,2022-08-08,2025-06-15,4.9,5.0,4.86,5.0,4.95,4.86,4.76,STR-530905,f,4,4,0,0,0.6
2036,644007536145129443,https://www.airbnb.com/rooms/644007536145129443,20250619031426,2025-06-19,city scrape,New Modern Apt in Boston (3 Bedroom),"Create memories in our newly renovated apartment – new furnishing and appliances for your short or long-term stay! Our unit is well maintained and extremely clean. Only a 3 minute walk to the bus stop where the 23 brings you to Ashmont Station (Redline) which takes you directly to Downtown Boston, South Station, UMass, Harvard, Kendall Square/MIT. Nearby we have local restaurants you can enjoy coffee, breakfast/brunch and dinner. I will provide Yelp link to all the neighborhood favorites.",Our apartment is located minutes away from Franklin Park Zoo and William J. Devine Golf Course. The neighborhood a great place to go for a walk after dinner where you'll find a playground up the street with some beautiful murals.,https://a0.muscache.com/pictures/miso/Hosting-644007536145129443/original/1ff80659-3b95-4cf8-af69-f39a2938a723.jpeg,80808278,https://www.airbnb.com/users/show/80808278,Aundre,2016-06-29,"Boston, MA",,within a day,67%,67%,f,https://a0.muscache.com/im/pictures/user/9fd91e71-11bd-45c1-b983-55ada6e45642.jpg?aki_policy=profile_small,https://a0.muscache.com/im/pictures/user/9fd91e71-11bd-45c1-b983-55ada6e45642.jpg?aki_policy=profile_x_medium,Dorchester,1,2,"['email', 'phone']",t,t,Neighborhood highlights,Dorchester,,42.30009,-71.07765,Entire rental unit,Entire home/apt,5,1.0,1 bath,3.0,3.0,"[""Wine glasses"", ""Essentials"", ""Baking sheet"", ""Clothing storage: closet"", ""Smoke alarm"", ""Dedicated workspace"", ""Dishes and silverware"", ""Books and reading material"", ""Coffee"", ""Stainless steel oven"", ""Hot water kettle"", ""Self check-in"", ""Frigidaire stainless steel gas stove"", ""Dining table"", ""Room-darkening shades"", ""Long term stays allowed"", ""Carbon monoxide alarm"", ""Cleaning products"", ""Bed linens"", ""Microwave"", ""Shampoo"", ""Hair dryer"", ""Body soap"", ""Board games"", ""Freezer"", ""Refrigerator"", ""Window AC unit"", ""Fire extinguisher"", ""Free driveway parking on premises \u2013 1 space"", ""TV"", ""Dishwasher"", ""Laundromat nearby"", ""Keypad"", ""Cooking basics"", ""Kitchen"", ""Hot water"", ""Shared backyard \u2013 Fully fenced"", ""Coffee maker: Keurig coffee machine"", ""Shower gel"", ""Iron"", ""Wifi"", ""First aid kit"", ""Hangers"", ""Single level home"", ""Central heating"", ""Exterior security cameras on property"", ""Bathtub"", ""Free street parking""]",$138.00,29,1125,29,29,1125,1125,29.0,1125.0,,t,0,15,45,320,2025-06-19,20,3,0,151,2,174,24012.0,2022-10-03,2025-04-22,4.7,4.8,4.95,4.9,4.9,4.25,4.55,STR-482642,f,1,1,0,0,0.61
2069,667602141602929811,https://www.airbnb.com/rooms/667602141602929811,20250619031426,2025-06-19,city scrape,Luxury apt for monthly rental.,"Cozy modern junior 1-bedroom in the heart of Brighton with views of the city skyline! <br /><br />Unit includes:<br />- Queen bed w brand new Tempurpedic mattress<br />- Wifi, cable TV<br />- Full kitchen w dishwasher, microwave, refrigerator, and toaster/oven<br />- In-unit laundry<br /><br />Enjoy access to numerous amenities the building has to offer, including fitness center, sauna, conference room, pool table, outdoor grills, and roof deck!<br /><br />Convenient access to downtown Boston, Kenmore, Fenway, and Longwood Medical area.",,https://a0.muscache.com/pictures/miso/Hosting-667602141602929811/original/8f76c720-ff4b-444d-8915-41f2b191a7a5.jpeg,452744272,https://www.airbnb.com/users/show/452744272,Mick,2022-04-04,,,within a day,100%,,f,https://a0.muscache.com/im/pictures/user/User/original/57712aa1-ed04-4544-97bb-15209875ff4a.jpeg?aki_policy=profile_small,https://a0.muscache.com/im/pictures/user/User/original/57712aa1-ed04-4544-97bb-15209875ff4a.jpeg?aki_policy=profile_x_medium,St. Elizabeth's,1,1,"['email', 'phone']",t,f,,Brighton,,42.34872175421694,-71.14571596482669,Entire condo,Entire home/apt,2,1.0,1 bath,1.0,1.0,"[""Kitchen"", ""Washer"", ""Exercise equipment"", ""Pool table"", ""Air conditioning"", ""Smoke alarm"", ""Wifi"", ""Outdoor dining area"", ""BBQ grill"", ""Dedicated workspace"", ""Fire extinguisher"", ""Fire pit"", ""TV"", ""Host greets you"", ""Carbon monoxide alarm""]",$149.00,91,365,91,91,365,365,91.0,365.0,,t,29,59,89,364,2025-06-19,0,0,0,195,0,0,0.0,,,,,,,,,,,f,1,1,0,0,
2070,668818916257742515,https://www.airbnb.com/rooms/668818916257742515,20250619031426,2025-06-19,previous scrape,Bright & Cozy Studio w/free Parking and Wifi,"Bright and cozy studio in a quiet neighborhood on dead end street. This spacious studio is located in the basement of our family home. It has a very comfortable full size Murphy bed, a private bathroom, a kitchenette and private laundry. Within walking distance of public transportation and convenience stores as well 30 minutes away from downtown Boston.","The home is located on a quiet, safe, and friendly residential street with very easy access to public transportation.",https://a0.muscache.com/pictures/hosting/Hosting-U3RheVN1cHBseUxpc3Rpbmc6NjY4ODE4OTE2MjU3NzQyNTE1/original/109382be-6353-452f-bdba-63f77f28be68.jpeg,468915585,https://www.airbnb.com/users/show/468915585,Rosa,2022-07-11,,I've been a teacher for the last 25 years.   I enjoy outdoor walking as well as Zumba classes. I also love to spend time in my garden during summer time.  I enjoy meeting people and learning new cultures. ,within a day,100%,100%,t,https://a0.muscache.com/im/pictures/user/User-468915585/original/5e237b43-5c72-4e63-aef4-71bb82af8c7c.jpeg?aki_policy=profile_small,https://a0.muscache.com/im/pictures/user/User-468915585/original/5e237b43-5c72-4e63-aef4-71bb82af8c7c.jpeg?aki_policy=profile_x_medium,Hyde Park,1,1,"['email', 'phone']",t,t,Neighborhood highlights,Hyde Park,,42.2678,-71.12603,Private room in rental unit,Private room,2,,1 private bath,,,"[""Wine glasses"", ""Essentials"", ""Private entrance"", ""Smoke alarm"", ""Shared patio or balcony"", ""Dishes and silverware"", ""Free dryer \u2013 In unit"", ""Dining table"", ""Room-darkening shades"", ""Long term stays allowed"", ""Carbon monoxide alarm"", ""Cleaning products"", ""Bed linens"", ""Microwave"", ""Shampoo"", ""Hair dryer"", ""Body soap"", ""Freezer"", ""Free washer \u2013 In unit"", ""Refrigerator"", ""58 inch HDTV"", ""Extra pillows and blankets"", ""Fire extinguisher"", ""Free driveway parking on premises \u2013 1 space"", ""Private living room"", ""Kitchen"", ""Hot water"", ""Rice maker"", ""Shared backyard \u2013 Fully fenced"", ""Conditioner"", ""Iron"", ""Wifi"", ""Toaster"", ""First aid kit"", ""Hangers"", ""Safe"", ""Central heating"", ""Coffee maker: drip coffee maker"", ""Blender"", ""Central air conditioning"", ""Free street parking""]",,29,90,29,29,1125,1125,29.0,1125.0,,t,0,0,0,70,2025-06-19,5,2,0,0,2,116,,2022-10-10,2024-12-01,5.0,5.0,5.0,5.0,5.0,5.0,5.0,,f,1,0,1,0,0.15
2212,723597701376842186,https://www.airbnb.com/rooms/723597701376842186,20250619031426,2025-06-19,city scrape,Lovely 420 friendly home,Forget your worries in this spacious and serene space.,,https://a0.muscache.com/pictures/miso/Hosting-53184370/original/c38b85cd-8c10-45bf-9d93-31277b1ae31b.jpeg,41645684,https://www.airbnb.com/users/show/41645684,Kensley,2015-08-16,,,within a day,50%,0%,f,https://a0.muscache.com/im/users/41645684/profile_pic/1439753881/original.jpg?aki_policy=profile_small,https://a0.muscache.com/im/users/41645684/profile_pic/1439753881/original.jpg?aki_policy=profile_x_medium,Dorchester,2,3,['phone'],t,t,,Dorchester,,42.28767,-71.07114,Private room in rental unit,Private room,4,2.0,2 shared baths,1.0,1.0,"[""Indoor fireplace"", ""Kitchen"", ""Washer"", ""Refrigerator"", ""Pool table"", ""Smoke alarm"", ""Wifi"", ""First aid kit"", ""TV"", ""Carbon monoxide alarm""]",$73.00,91,365,91,91,365,365,91.0,365.0,,t,30,60,90,365,2025-06-19,0,0,0,196,0,0,0.0,,,,,,,,,,,f,2,0,2,0,
2238,741919382755118639,https://www.airbnb.com/rooms/741919382755118639,20250619031426,2025-06-19,city scrape,Cheerful 2-bedroom house,Prime Location just off Monument Square in charming Charlestown walking distance to all the city has to offer.,,https://a0.muscache.com/pictures/miso/Hosting-741919382755118639/original/f563c993-bc26-4d04-b357-23c1dd56ad56.jpeg,3717713,https://www.airbnb.com/users/show/3717713,Ashley,2012-09-30,,"I am a young professional from Boston living in NYC.  I enjoy spending time with my family & friends, traveling, cooking, reading, and staying active.",within a day,100%,,f,https://a0.muscache.com/im/users/3717713/profile_pic/1349034120/original.jpg?aki_policy=profile_small,https://a0.muscache.com/im/users/3717713/profile_pic/1349034120/original.jpg?aki_policy=profile_x_medium,Charlestown,1,1,['phone'],t,t,,Charlestown,,42.3775,-71.05864,Entire home,Entire home/apt,4,1.5,1.5 baths,2.0,2.0,"[""Essentials"", ""Air conditioning"", ""Smoke alarm"", ""Dishes and silverware"", ""Bidet"", ""Stainless steel oven"", ""Baby bath - available upon request"", ""Carbon monoxide alarm"", ""Heating - split type ductless system"", ""Hair dryer"", ""Luggage dropoff allowed"", ""Refrigerator"", ""Fire extinguisher"", ""TV"", ""Pack \u2019n play/Travel crib - available upon request"", ""Dishwasher"", ""Kitchen"", ""Hot water"", ""Outdoor dining area"", ""Wifi"", ""Baby monitor - available upon request"", ""First aid kit"", ""Paid parking on premises"", ""Bathtub"", ""Private backyard""]",$299.00,29,365,29,29,365,365,29.0,365.0,,t,0,18,48,228,2025-06-19,0,0,0,154,0,0,0.0,,,,,,,,,,STR-511544,f,1,1,0,0,
2323,776676483327846870,https://www.airbnb.com/rooms/776676483327846870,20250619031426,2025-06-19,city scrape,Beautiful Fully Renovated Monthly Rental Furnished,"Welcome to our warm, newly renovated and happy home. Fully furnished, this gorgeous bi-level 3 bed 2 bath in historical Eagle Hill East Boston offers hardwood floor throughout, completely modernized kitchen, bonus cozy office space, remodeled private enclosed porch, along with a spacious backyard and laundry in unit. Minutes to T station, restaurants, parks, airport, and downtown!","East Boston, nicknamed Eastie, is a neighborhood of Boston, Massachusetts. People from around the northeast come for the Italian food, South American food and beautiful views of Boston Harbor. It is separated from downtown Boston by Boston Harbor. John F. Kennedy's great-grandfather was one of many Irish people to immigrate to East Boston. Logan n International Airport is located in East Boston, connecting Boston to domestic and international locations.",https://a0.muscache.com/pictures/miso/Hosting-776676483327846870/original/f141ca5e-64ab-4732-9294-eabaf82491f2.jpeg,1755506,https://www.airbnb.com/users/show/1755506,Edward,2012-02-15,"Boston, MA","Jed & Nancy are Airbnb hosts that love to travel. Between the two of us, we've been to over 35 countries. We're both clean, courteous, friendly, and fun - we look forward to meeting you!  We both work in Boston working in the technology sector.",within a day,100%,100%,t,https://a0.muscache.com/im/pictures/user/2d9c00ea-fe32-4de2-964b-4e6a89094c1d.jpg?aki_policy=profile_small,https://a0.muscache.com/im/pictures/user/2d9c00ea-fe32-4de2-964b-4e6a89094c1d.jpg?aki_policy=profile_x_medium,East Boston,1,3,"['email', 'phone']",t,t,Neighborhood highlights,East Boston,,42.37886659999999,-71.03279979999999,Entire rental unit,Entire home/apt,4,2.0,2 baths,3.0,3.0,"[""Essentials"", ""Patio or balcony"", ""Clothing storage: closet and dresser"", ""Air conditioning"", ""Smoke alarm"", ""Dedicated workspace"", ""Dishes and silverware"", ""40 inch HDTV with Chromecast"", ""Free dryer \u2013 In unit"", ""Carbon monoxide alarm"", ""Cleaning products"", ""Bed linens"", ""Shampoo"", ""Heating - split type ductless system"", ""Hair dryer"", ""Body soap"", ""Free washer \u2013 In unit"", ""Refrigerator"", ""Cooking basics"", ""Kitchen"", ""Hot water"", ""Shower gel"", ""Conditioner"", ""Wifi"", ""Bathtub""]",$160.00,90,365,90,120,365,365,111.1,365.0,,t,0,2,32,307,2025-06-19,2,0,0,138,1,0,0.0,2023-09-03,2024-05-12,5.0,5.0,5.0,5.0,5.0,5.0,5.0,,f,1,1,0,0,0.09
2331,780711147103807485,https://www.airbnb.com/rooms/780711147103807485,20250619031426,2025-06-19,city scrape,Fort Hill/Highland Park Townhome,"Near downtown Boston, the Boston Seaport, restaurants, near Brigham & Women’s Hospital, Children’s Hospital, Beth Israel Deaconess Medical & New England Baptist Hospital.  Visit Fenway Park for a game or tour, Museum of Fine Arts, Isabella Stewart Gardner Museum, enjoy a movie at Regal Fenway, fun shopping at Prudential Center and Newbury Street. Franklin Park Zoo, Franklin Park Golf course less than a mile away.  Visit colleges and universities - Northeastern University, Boston University.",,https://a0.muscache.com/pictures/miso/Hosting-780711147103807485/original/b09f0b58-e3a1-475c-a5b9-34eeec5088c2.jpeg,153109836,https://www.airbnb.com/users/show/153109836,Ponce De Leon Jr,2017-10-03,,,within a day,100%,33%,f,https://a0.muscache.com/im/pictures/user/555be909-7144-4448-bbc7-de3cb7f7df60.jpg?aki_policy=profile_small,https://a0.muscache.com/im/pictures/user/555be909-7144-4448-bbc7-de3cb7f7df60.jpg?aki_policy=profile_x_medium,Roxbury,1,4,"['email', 'phone']",t,t,,Roxbury,,42.322700702865255,-71.09304891117581,Entire home,Entire home/apt,9,2.5,2.5 baths,3.0,5.0,"[""Wine glasses"", ""Essentials"", ""Outlet covers"", ""Washer"", ""Private entrance"", ""Drying rack for clothing"", ""Baking sheet"", ""Air conditioning"", ""Smoke alarm"", ""Children\u2019s dinnerware"", ""Dedicated workspace"", ""Dishes and silverware"", ""Cleaning available during stay"", ""Coffee"", ""Stainless steel oven"", ""Hot water kettle"", ""Clothing storage: walk-in closet, closet, and dresser"", ""Free dryer \u2013 In unit"", ""Baby bath"", ""Long term stays allowed"", ""Coffee maker"", ""Carbon monoxide alarm"", ""Cleaning products"", ""Bed linens"", ""Ceiling fan"", ""Microwave"", ""Shampoo"", ""Heating - split type ductless system"", ""Hair dryer"", ""Shared backyard"", ""Luggage dropoff allowed"", ""Pack \u2019n play/Travel crib"", ""Body soap"", ""Freezer"", ""Refrigerator"", ""Extra pillows and blankets"", ""Private patio or balcony"", ""Fire extinguisher"", ""TV"", ""Baby safety gates"", ""Dishwasher"", ""Laundromat nearby"", ""Cooking basics"", ""Kitchen"", ""Hot water"", ""Gas stove"", ""Shower gel"", ""Conditioner"", ""Iron"", ""Wifi"", ""Toaster"", ""Baby monitor"", ""Hangers"", ""First aid kit"", ""Central heating"", ""Exterior security cameras on property"", ""Bathtub"", ""Free street parking""]",$300.00,29,365,29,29,365,365,29.0,365.0,,t,29,59,89,269,2025-06-19,39,0,0,195,0,0,0.0,2023-01-12,2023-09-26,4.64,4.69,4.87,4.85,4.85,4.26,4.69,STR-539410,f,1,1,0,0,1.31
2340,788431140364663238,https://www.airbnb.com/rooms/788431140364663238,20250619031426,2025-06-19,city scrape,Renovated 3Br/1.5baths. Parking. Great location.,"Centrally-located and spacious first floor apartment on a quiet dead end street. All new paint, floors, bathroom vanities and kitchen cabinets and stove. I am a frequent traveler and am furnishing my own properties as I’d like as a guest. All my places feature a functional workspace,  have new premium foam mattresses, set up for pour overs to get your coffee right, and good water pressure for showers.  There will be fast wifi for work or streaming on the televisions.","18-20 mins from the airport and downtown using the Mass Pike. Walkability: This is less than one block walk from Brighton Center. Tons of restaurants and cafes to the left and St Elizabeth’s to the right once you get to the end of Winship St. Allston, Newton and Upper Commonwealth Ave nearby. 15 mins to Back Bay. Close to Harvard, MIT, BC, BU, Northeastern. Not far from Bentley, Babson and Wellesley. 12 minute walk to Greenline train stop. Bus stops short walk away. 5 minute drive to Boston College.",https://a0.muscache.com/pictures/27d227c7-2ff8-40f4-b6e8-38b47183674e.jpg,49383,https://www.airbnb.com/users/show/49383,Tom,2009-10-29,"Austin, TX","Hosts and guests register online at FurnishedHousingNetwork for month+ furnished stays. I am a professional investor and travel regularly. I enjoy basketball, pickleball,  paddle boarding and comedy.",within a day,100%,50%,t,https://a0.muscache.com/im/pictures/user/aeac7945-2887-4c17-8fb5-a3fb54af2d40.jpg?aki_policy=profile_small,https://a0.muscache.com/im/pictures/user/aeac7945-2887-4c17-8fb5-a3fb54af2d40.jpg?aki_policy=profile_x_medium,Sun Bay South,2,5,"['email', 'phone', 'work_email']",t,t,Neighborhood highlights,Brighton,,42.346708771466666,-71.15158382803202,Entire rental unit,Entire home/apt,6,1.5,1.5 baths,3.0,3.0,"[""Essentials"", ""Private entrance"", ""Air conditioning"", ""Smoke alarm"", ""Dedicated workspace"", ""Dishes and silverware"", ""Coffee"", ""Hot water kettle"", ""Self check-in"", ""Oven"", ""Room-darkening shades"", ""Coffee maker"", ""Fire pit"", ""Free dryer \u2013 In building"", ""Bed linens"", ""Microwave"", ""Hair dryer"", ""Refrigerator"", ""Free washer \u2013 In building"", ""Pets allowed"", ""Outdoor furniture"", ""Private patio or balcony"", ""Lockbox"", ""Fire extinguisher"", ""TV"", ""Cooking basics"", ""Kitchen"", ""Hot water"", ""Heating"", ""Iron"", ""Wifi"", ""Hangers"", ""Bathtub"", ""Free parking on premises""]",$217.00,91,365,91,91,365,365,91.0,365.0,,t,18,48,55,224,2025-06-19,3,1,0,55,1,182,39494.0,2023-08-31,2024-12-15,5.0,5.0,4.67,5.0,5.0,5.0,5.0,,f,1,1,0,0,0.14
2420,832012838280777118,https://www.airbnb.com/rooms/832012838280777118,20250619031426,2025-06-19,city scrape,Renovated 2 BR Condo + Parking in Brighton/Boston,"Newly updated (2023) and spacious condo that occupies the first floor of a multi family home. Home is located on a peaceful residential street just a five minute walk to St. Elizabeth Hospital and Brighton Center, where you’ll find great restaurants, cafes and bars. <br /><br />The place is ideal for monthly/extended stays in the Boston/Brighton/Allston area. There is a fully equipped kitchen, on-site parking, dryer/washer in unit, fast mesh Wi-Fi throughout property and most essentials are provided.",,https://a0.muscache.com/pictures/airflow/Hosting-832012838280777118/original/6a85241a-312c-4b62-8260-b4b3aff326e8.jpg,306329570,https://www.airbnb.com/users/show/306329570,Jonathan,2019-11-02,"Cambridge, MA","Hello! I'm Jon and thank you for checking out our listings

Amy & I have hosted/co-hosted short term rentals and b&bs around the Boston area since 2008. We enjoy hosting people from all backgrounds and walks of life and are always happy to lend a hand. 

Please don't hesitate to reach out if you have any questions or are unsure of anything!

",within a day,90%,87%,,https://a0.muscache.com/im/pictures/user/User/original/d1a1418f-3de5-4e37-b11b-3ce584d11309.jpeg?aki_policy=profile_small,https://a0.muscache.com/im/pictures/user/User/original/d1a1418f-3de5-4e37-b11b-3ce584d11309.jpeg?aki_policy=profile_x_medium,Brighton,12,14,"['email', 'phone']",t,t,,Brighton,,42.35044,-71.14829,Entire condo,Entire home/apt,4,1.0,1 bath,2.0,3.0,"[""Essentials"", ""Washer"", ""Patio or balcony"", ""Clothing storage: closet and dresser"", ""Smoke alarm"", ""Dedicated workspace"", ""Dishes and silverware"", ""Stainless steel single oven"", ""Hot water kettle"", ""Self check-in"", ""Free dryer \u2013 In unit"", ""Dining table"", ""Room-darkening shades"", ""Carbon monoxide alarm"", ""Cleaning products"", ""Microwave"", ""Shampoo"", ""Luggage dropoff allowed"", ""Hair dryer"", ""Body soap"", ""Refrigerator"", ""Extra pillows and blankets"", ""Window AC unit"", ""Fire extinguisher"", ""TV"", ""Dishwasher"", ""Cooking basics"", ""Kitchen"", ""Hot water"", ""Induction stove"", ""Rice maker"", ""Smart lock"", ""Shower gel"", ""Conditioner"", ""Iron"", ""Wifi"", ""Toaster"", ""Hangers"", ""Radiant heating"", ""Coffee maker"", ""Free parking on premises""]",$256.00,5,365,3,6,365,365,5.6,365.0,,t,0,13,35,215,2025-06-19,40,20,2,141,24,200,51200.0,2023-04-14,2025-06-09,4.93,4.95,4.83,5.0,4.95,4.9,4.73,STR-530905,f,4,4,0,0,1.5
2428,835025572264984872,https://www.airbnb.com/rooms/835025572264984872,20250619031426,2025-06-19,city scrape,"Free garage parking, private bed+bath, Central ""T""","This is my 3br, condo, that I own and live in the Master bedroom of with my dog! It was built in 2021 and I've been the only occupant. I like it because it's extremely accessible to Boston via car, public transport, or a mix thereof, but has a more chill vibe as it is along the Neponsett River with a long ""riverwalk"" that I enjoy with my dog daily! <br /><br />(The Walk: ""Neponset River Greenway"" on Traillink)",,https://a0.muscache.com/pictures/hosting/Hosting-U3RheVN1cHBseUxpc3Rpbmc6ODM1MDI1NTcyMjY0OTg0ODcy/original/d26ff3b0-48a3-4e31-9541-9573353b028a.jpeg,9137247,https://www.airbnb.com/users/show/9137247,Stephanie,2013-09-30,"Boston, MA","I am an American Expat who lived abroad for the past 10 years and recently moved back to the US. I have traveled all over Asia, Europe, and Australia and love diving, books, movies, and music (like pretty much everyone else on Airbnb). My style of hosting on Air BnB is pretty hands off at this time, but I always make myself available to my guests. ",within a day,86%,60%,f,https://a0.muscache.com/im/users/9137247/profile_pic/1380542281/original.jpg?aki_policy=profile_small,https://a0.muscache.com/im/users/9137247/profile_pic/1380542281/original.jpg?aki_policy=profile_x_medium,Mattapan,1,1,"['email', 'phone']",t,t,,Mattapan,,42.2716784,-71.0727197,Private room in rental unit,Private room,1,1.0,1 private bath,1.0,1.0,"[""Wine glasses"", ""Washer"", ""Patio or balcony"", ""Baking sheet"", ""Air conditioning"", ""Dishes and silverware"", ""Bikes"", ""Books and reading material"", ""Elevator"", ""Clothing storage"", ""Coffee"", ""Hot water kettle"", ""Self check-in"", ""Dining table"", ""Oven"", ""Room-darkening shades"", ""Long term stays allowed"", ""Coffee maker"", ""Bed linens"", ""Microwave"", ""Body soap"", ""Board games"", ""Freezer"", ""Refrigerator"", ""Extra pillows and blankets"", ""Outdoor furniture"", ""Lockbox"", ""Ethernet connection"", ""Sound system"", ""TV"", ""Dishwasher"", ""Dryer"", ""Cooking basics"", ""Kitchen"", ""Hot water"", ""Exercise equipment"", ""Heating"", ""Iron"", ""Wifi"", ""Toaster"", ""Hangers"", ""Stove"", ""Bathtub"", ""Free parking on premises""]",$72.00,1,60,1,9,60,60,1.3,60.0,,t,16,17,17,186,2025-06-19,0,0,0,17,0,0,0.0,,,,,,,,,,STR-597756,f,1,0,1,0,
2482,860163719347640584,https://www.airbnb.com/rooms/860163719347640584,20250619031426,2025-06-19,city scrape,Mystic River House,"This stylish place to stay is perfect for group trips. Steps from the Bunker Hill Monument and the Freedom trail, come explore all of Boston and rest easy at night with plenty of space!",,https://a0.muscache.com/pictures/miso/Hosting-860163719347640584/original/f36e6fb4-5604-42f6-ad21-44fd888d19f1.jpeg,206544913,https://www.airbnb.com/users/show/206544913,Nicole,2018-07-31,"Boston, MA",,within a day,75%,55%,t,https://a0.muscache.com/im/pictures/user/5e47fe3c-edfb-4f7a-ac6b-f6fa61803100.jpg?aki_policy=profile_small,https://a0.muscache.com/im/pictures/user/5e47fe3c-edfb-4f7a-ac6b-f6fa61803100.jpg?aki_policy=profile_x_medium,Charlestown,2,2,"['email', 'phone']",t,t,,Charlestown,,42.37930140632935,-71.06538013831026,Entire home,Entire home/apt,8,3.0,3 baths,4.0,5.0,"[""Indoor fireplace"", ""Kitchen"", ""Washer"", ""Free parking on premises"", ""Exercise equipment"", ""Air conditioning"", ""Smoke alarm"", ""Wifi"", ""First aid kit"", ""Dedicated workspace"", ""Fire extinguisher"", ""TV"", ""Noise decibel monitors on property"", ""Carbon monoxide alarm""]",$700.00,29,365,29,29,365,365,29.0,365.0,,t,28,58,88,88,2025-06-19,1,0,0,88,0,0,0.0,2023-07-19,2023-07-19,5.0,5.0,5.0,5.0,5.0,5.0,5.0,STR-525162,f,1,1,0,0,0.04
2532,886281829949013984,https://www.airbnb.com/rooms/886281829949013984,20250619031426,2025-06-19,city scrape,Charming New England Artist House,"Have fun with the whole family at this stylish, spacious  and unique house. Colorful and fun artist's 3-story home with 3 private bedrooms, 2 bathrooms and ample living room, dining room and kitchen, along with a huge backyard in the Jamaica Plain/Egleston Square neighborhood in Boston. The 1850's era private house is about an 8-10 minute walk to the train station (orange line to the Stonybrook stop), walking distance to great cafes, restaurants and 3 minutes to glorious Franklin Park.","Our area is the Jamaica Plain/Roxbury neighborhood also known as Egleston Square. We are about a block and a half to Franklin Park (part of Olmsteads emerald necklace) a five minute walk to the Franklin Park zoo, an 8-10 minute walk to the Stonybrook T stop (Boston’s subway) along with a 5 minute walk to Ula Cafe and the famous Sam Adams brewery. <br /><br />Please note that while our house is somewhat suburban—-we live in an urban area. Please use your caution walking late at night as you would in any city. Our neighbors look out for each other and this is a tight knit block. You might feel like you’re in the country as the backyard is super private and there are flowers and plants galore —(and the street is super quiet as it dead ends to a community garden) but Boston is a city and you should use your street smarts. The neighborhood is constantly changing and we feel lucky to live here.",https://a0.muscache.com/pictures/faaa71b5-af50-4621-be59-ea47718d36ea.jpg,186813303,https://www.airbnb.com/users/show/186813303,Maya,2018-04-28,"Boston, MA","Animators, artists, and local professors. We have an animation studio called Goose and Hummingbird. Check us out: www.gooseandhummingbird.com",within a day,100%,19%,f,https://a0.muscache.com/im/pictures/user/ed43cdf1-c31a-464a-9cba-916b0d4c7a45.jpg?aki_policy=profile_small,https://a0.muscache.com/im/pictures/user/ed43cdf1-c31a-464a-9cba-916b0d4c7a45.jpg?aki_policy=profile_x_medium,Jamaica Plain,1,2,"['email', 'phone']",t,t,Neighborhood highlights,Jamaica Plain,,42.31445,-71.09751,Entire home,Entire home/apt,5,2.0,2 baths,3.0,3.0,"[""Hammock"", ""Essentials"", ""Record player"", ""Smoke alarm"", ""Children\u2019s dinnerware"", ""Dedicated workspace"", ""Dishes and silverware"", ""Private backyard \u2013 Fully fenced"", ""Self check-in"", ""Changing table"", ""BBQ grill"", ""Room-darkening shades"", ""Coffee maker"", ""Fire pit"", ""Carbon monoxide alarm"", ""Cleaning products"", ""Free dryer \u2013 In building"", ""Bed linens"", ""Children\u2019s books and toys"", ""Hair dryer"", ""Outdoor playground"", ""Body soap"", ""Board games"", ""Garden view"", ""Refrigerator"", ""Free washer \u2013 In building"", ""Pets allowed"", ""Extra pillows and blankets"", ""Outdoor furniture"", ""Window AC unit"", ""Fire extinguisher"", ""Lockbox"", ""TV"", ""Cooking basics"", ""Kitchen"", ""Hot water"", ""Iron"", ""Wifi"", ""Children's playroom"", ""Outdoor dining area"", ""First aid kit"", ""Hangers"", ""Radiant heating"", ""Climbing wall"", ""Bathtub"", ""Free parking on premises""]",$250.00,2,7,2,2,7,7,2.0,7.0,,t,25,51,78,353,2025-06-19,10,3,0,184,4,18,4500.0,2023-06-15,2025-05-18,5.0,5.0,4.5,5.0,5.0,4.7,4.8,STR-528400,f,1,1,0,0,0.41
2538,891295191097700705,https://www.airbnb.com/rooms/891295191097700705,20250619031426,2025-06-19,city scrape,Amazing 3BR w/ Private Rooftop,"Beautiful 3 Bedroom apartment with private rooftop providing stunning views of Boston Skyline and excellent location. Second private and quiet terrace towards the back. 5 min drive from Logan Airport and 10 min drive from Boston downtown, perfectly connected via Airport T-station (6 min walk), only 3 stations to Government Center.<br /><br />5 min walk from large grocery store & pharmacies, small shops across the street<br /><br />2 Full baths w/ shower & bathtub<br /><br />For families: Toddler seat for kitchencounter",,https://a0.muscache.com/pictures/miso/Hosting-891295191097700705/original/cc648f18-8369-40d2-abad-cd0294f71902.jpeg,133683011,https://www.airbnb.com/users/show/133683011,Pascal,2017-06-06,"Boston, MA",,within a day,100%,100%,f,https://a0.muscache.com/im/pictures/user/2d90cde7-6367-47fd-813f-b1417af73a0b.jpg?aki_policy=profile_small,https://a0.muscache.com/im/pictures/user/2d90cde7-6367-47fd-813f-b1417af73a0b.jpg?aki_policy=profile_x_medium,East Boston,1,1,"['email', 'phone']",t,t,,East Boston,,42.3766504,-71.0346948,Entire rental unit,Entire home/apt,7,2.0,2 baths,2.0,3.0,"[""Wine glasses"", ""Essentials"", ""Private entrance"", ""Washer"", ""Patio or balcony"", ""Drying rack for clothing"", ""Air conditioning"", ""Smoke alarm"", ""Dishes and silverware"", ""Crib"", ""Free dryer \u2013 In unit"", ""Room-darkening shades"", ""Long term stays allowed"", ""Cleaning products"", ""GE refrigerator"", ""Bed linens"", ""Body soap"", ""Extra pillows and blankets"", ""Head & Shoulder shampoo"", ""TV"", ""Cooking basics"", ""Kitchen"", ""Hot water"", ""Gas stove"", ""Shower gel"", ""Iron"", ""Wifi"", ""Toaster"", ""Central heating"", ""Bathtub"", ""Free street parking""]",$210.00,29,365,29,29,365,365,29.0,365.0,,t,2,19,49,229,2025-06-19,3,1,0,155,1,58,12180.0,2023-05-28,2024-08-03,4.33,4.33,4.0,5.0,5.0,4.0,3.67,STR-528743,f,1,1,0,0,0.12
2553,898508242331312550,https://www.airbnb.com/rooms/898508242331312550,20250619031426,2025-06-19,city scrape,Tranquil Allston Condo w/ Parking by Harvard/BU/BC,"Updated condo of a two family home. <br /><br />Located on a peaceful tree-lined street tucked away in bustling Allston. We are just a few minutes walk to a wide variety of unique restaurants, bars and shops. (93 Walk Store)<br /><br />The green line T (Allston St.) and major bus routes are also just a 5 minute walk away, allowing easy access to  Boston/Cambridge and surrounding area<br /><br />Close to Harvard/MIT, Harvard Business school, downtown. One parking spot available.<br /><br />Only able to take 30 Day minimum bookings.",,https://a0.muscache.com/pictures/airflow/Hosting-898508242331312550/original/2bb924b9-292e-41be-a473-c8874a1c6d94.jpg,306329570,https://www.airbnb.com/users/show/306329570,Jonathan,2019-11-02,"Cambridge, MA","Hello! I'm Jon and thank you for checking out our listings

Amy & I have hosted/co-hosted short term rentals and b&bs around the Boston area since 2008. We enjoy hosting people from all backgrounds and walks of life and are always happy to lend a hand. 

Please don't hesitate to reach out if you have any questions or are unsure of anything!

",within a day,90%,87%,,https://a0.muscache.com/im/pictures/user/User/original/d1a1418f-3de5-4e37-b11b-3ce584d11309.jpeg?aki_policy=profile_small,https://a0.muscache.com/im/pictures/user/User/original/d1a1418f-3de5-4e37-b11b-3ce584d11309.jpeg?aki_policy=profile_x_medium,Brighton,12,14,"['email', 'phone']",t,t,,Allston,,42.3515002,-71.1408802,Entire home,Entire home/apt,5,1.0,1 bath,2.0,2.0,"[""Essentials"", ""Washer"", ""Smoke alarm"", ""Dedicated workspace"", ""Coffee maker: pour-over coffee"", ""Dishes and silverware"", ""Clothing storage"", ""Self check-in"", ""Free dryer \u2013 In unit"", ""Dining table"", ""Oven"", ""Room-darkening shades"", ""Long term stays allowed"", ""Carbon monoxide alarm"", ""Cleaning products"", ""Bed linens"", ""Ceiling fan"", ""Microwave"", ""Shampoo"", ""Luggage dropoff allowed"", ""Hair dryer"", ""Body soap"", ""Refrigerator"", ""65 inch HDTV"", ""Extra pillows and blankets"", ""Window AC unit"", ""Fire extinguisher"", ""Dishwasher"", ""Cooking basics"", ""Kitchen"", ""Hot water"", ""Smart lock"", ""Gas stove"", ""Shower gel"", ""Conditioner"", ""Iron"", ""Wifi"", ""First aid kit"", ""Hangers"", ""Radiant heating"", ""Single level home"", ""Bathtub"", ""Free parking on premises""]",$186.00,29,365,29,60,365,365,55.3,365.0,,t,9,17,47,322,2025-06-19,18,6,0,153,15,255,47430.0,2023-10-02,2025-04-13,4.89,4.94,4.83,4.94,4.83,4.72,4.72,STR-569381,f,4,4,0,0,0.86
2632,929106971328657953,https://www.airbnb.com/rooms/929106971328657953,20250619031426,2025-06-19,city scrape,Luxury Ocean View Condo w/ Roof Top Deck,"Paradise on the East Side of South Boston, just two blocks from the beach.<br /><br />Enjoy the private roof deck with ocean/city skyline views, outdoor tv and fire pit. The main floor offers high-end appliances/furnishings, full bathroom and living room leading to your nano doors and deck for an indoor/outdoor living experience. Second floor of living boasts a bright master suite and 2nd bedroom/office.",South Boston. Two blocks from the beach. Minutes from Castle Island and the Seaport area.,https://a0.muscache.com/pictures/miso/Hosting-929106971328657953/original/acd02cee-634c-4fa1-a27c-7dcb32737ce8.jpeg,164838101,https://www.airbnb.com/users/show/164838101,Taylor,2017-12-29,"Boston, MA",,within a day,100%,,f,https://a0.muscache.com/im/pictures/user/9c0239be-706f-45d4-9ae1-664e052df507.jpg?aki_policy=profile_small,https://a0.muscache.com/im/pictures/user/9c0239be-706f-45d4-9ae1-664e052df507.jpg?aki_policy=profile_x_medium,South Boston,1,1,"['email', 'phone']",t,t,Neighborhood highlights,South Boston,,42.33395,-71.0286,Entire rental unit,Entire home/apt,4,2.0,2 baths,2.0,2.0,"[""Wine glasses"", ""Essentials"", ""Barbecue utensils"", ""Private entrance"", ""Drying rack for clothing"", ""Indoor fireplace: gas"", ""Baking sheet"", ""Smoke alarm"", ""Dishes and silverware"", ""Cleaning available during stay"", ""Beach view"", ""Stainless steel oven"", ""Ocean view"", ""Clothing storage: walk-in closet, closet, and dresser"", ""City skyline view"", ""Beach access \u2013 Beachfront"", ""BBQ grill"", ""Free dryer \u2013 In unit"", ""Room-darkening shades"", ""Long term stays allowed"", ""Fire pit"", ""Carbon monoxide alarm"", ""Cleaning products"", ""Trash compactor"", ""Bed linens"", ""Microwave"", ""Luggage dropoff allowed"", ""Sun loungers"", ""Freezer"", ""Free washer \u2013 In unit"", ""Refrigerator"", ""Mini fridge"", ""Pets allowed"", ""Extra pillows and blankets"", ""Private patio or balcony"", ""Outdoor furniture"", ""TV"", ""Dishwasher"", ""Cooking basics"", ""Kitchen"", ""Stainless steel gas stove"", ""Hot water"", ""Iron"", ""Wifi"", ""Outdoor dining area"", ""Toaster"", ""Hangers"", ""Central heating"", ""Exterior security cameras on property"", ""Coffee maker: drip coffee maker"", ""Bluetooth sound system"", ""Central air conditioning"", ""Free street parking""]",$199.00,91,365,91,91,365,365,91.0,365.0,,t,0,0,2,122,2025-06-19,0,0,0,17,0,0,0.0,,,,,,,,,,,f,1,1,0,0,
2678,937183131999021153,https://www.airbnb.com/rooms/937183131999021153,20250619031426,2025-06-19,city scrape,Private Queen Bedroom in city,"Quiet private queen bedroom in the center of Boston. 15-20 minutes away from MGH, Beth Israel, BWH, BMC,etc. <br />Clean, all utilities included in pricing including tv’s & wifi, street parking, laundry unit in basement, walking distance to local transit that takes you to downtown Boston in 15 minutes. Local stores, shopping malls, eateries in 5-10 walking minutes.","Quiet, convenient, close to transit, walkable neighborhood with many resources",https://a0.muscache.com/pictures/00983c2d-2748-4502-8933-de55003320df.jpg,474189195,https://www.airbnb.com/users/show/474189195,Patrice,2022-08-09,"Boston, MA","Hi!
I love traveling, eating & laying in the sun! 

Looking forward to hosting & providing you with an enjoyable experience!",within a day,67%,11%,f,https://a0.muscache.com/im/pictures/user/2f8d3b82-b232-4027-8ce7-b2a5e4f1645a.jpg?aki_policy=profile_small,https://a0.muscache.com/im/pictures/user/2f8d3b82-b232-4027-8ce7-b2a5e4f1645a.jpg?aki_policy=profile_x_medium,Dorchester,2,6,"['email', 'phone']",t,t,Neighborhood highlights,Dorchester,,42.30451,-71.06783,Private room in rental unit,Private room,1,1.0,1 shared bath,1.0,1.0,"[""Wine glasses"", ""Essentials"", ""Washer"", ""Patio or balcony"", ""Baking sheet"", ""Air conditioning"", ""Smoke alarm"", ""Dishes and silverware"", ""Books and reading material"", ""Clothing storage"", ""Coffee"", ""Dining table"", ""Oven"", ""Room-darkening shades"", ""Long term stays allowed"", ""Coffee maker"", ""Carbon monoxide alarm"", ""Cleaning products"", ""Bed linens"", ""Ceiling fan"", ""Microwave"", ""Host greets you"", ""Body soap"", ""Freezer"", ""Refrigerator"", ""Extra pillows and blankets"", ""Fire extinguisher"", ""TV"", ""Lock on bedroom door"", ""Laundromat nearby"", ""Dryer"", ""Cooking basics"", ""Kitchen"", ""Hot water"", ""Backyard"", ""Shower gel"", ""Heating"", ""Iron"", ""Wifi"", ""Toaster"", ""First aid kit"", ""Hangers"", ""Exterior security cameras on property"", ""Stove"", ""Bathtub"", ""Free parking on premises"", ""Blender"", ""Free street parking""]",$65.00,31,365,31,31,365,365,31.0,365.0,,t,27,57,87,267,2025-06-19,1,0,0,193,0,0,0.0,2023-10-21,2023-10-21,5.0,4.0,4.0,5.0,5.0,5.0,5.0,,f,2,0,2,0,0.05
2705,947048477211720567,https://www.airbnb.com/rooms/947048477211720567,20250619031426,2025-06-19,previous scrape,Modern Condo in Beacon Hill,"Welcome home!<br /><br />A unique 2-bed, 2-bath home in the heart of Beacon Hill. We recently gut-renovated it with modern fixtures and appliances while maintaining the historic charm. We prioritized multi-functional spaces, ample kitchen space with updated appliances, open concept living, storage space, and comfort. <br /><br />The home is centrally located—two blocks from Flour Bakery, Whole Foods, and MGH, 6 min walk to Boston Common, 15 walk to the North End and near to the Red, Blue, and Green T lines.","This is in the heart of Beacon Hill. We are a block from Flour Bakery, the Vilna Shul, the Myrtle Street Park, and Mass General Hospital. We are 5 min walk from Boston Common, the Esplanade, the red line and the blue line.",https://a0.muscache.com/pictures/miso/Hosting-947048477211720567/original/fcf9c590-f69e-4f52-8b01-90c9afa9050f.jpeg,1921132,https://www.airbnb.com/users/show/1921132,Matthew,2012-03-14,"Boston, MA","Hi.

I'm Matt Bartek and I'm a husband, dad, surgeon, and health services researcher. I grew up in the Boston area, lived in Washington DC, San Juan del Sur - Nicaragua, Lima - Peru and Seattle - Washington, and I've moved (back) to Boston with my family.

I look forward to meeting you!",within a day,100%,0%,f,https://a0.muscache.com/im/pictures/user/7c4da275-8c64-4dca-9fe7-5e8c50e1be62.jpg?aki_policy=profile_small,https://a0.muscache.com/im/pictures/user/7c4da275-8c64-4dca-9fe7-5e8c50e1be62.jpg?aki_policy=profile_x_medium,Beacon Hill,1,3,"['email', 'phone']",t,t,Neighborhood highlights,Beacon Hill,,42.3600668,-71.0667461,Entire rental unit,Entire home/apt,4,,2 baths,2.0,,"[""Wine glasses"", ""Essentials"", ""Private entrance"", ""Paid parking garage off premises"", ""Drying rack for clothing"", ""Clothing storage: closet and dresser"", ""Baking sheet"", ""Smoke alarm"", ""Dedicated workspace"", ""Dove shampoo"", ""Dishes and silverware"", ""Fast wifi \u2013 229 Mbps"", ""Dove body soap"", ""Thermador stainless steel single oven"", ""Private backyard \u2013 Fully fenced"", ""Books and reading material"", ""Cleaning available during stay"", ""Coffee"", ""Changing table - always at the listing"", ""Self check-in"", ""Free dryer \u2013 In unit"", ""Dining table"", ""Dove conditioner"", ""Room-darkening shades"", ""Long term stays allowed"", ""Coffee maker"", ""Indoor fireplace: wood-burning"", ""Carbon monoxide alarm"", ""Cleaning products"", ""Bed linens"", ""Microwave"", ""Freezer"", ""Free washer \u2013 In unit"", ""Thermador gas stove"", ""Miele refrigerator"", ""Extra pillows and blankets"", ""Private patio or balcony"", ""Outdoor furniture"", ""Fire extinguisher"", ""Lockbox"", ""TV"", ""Dishwasher"", ""Laundromat nearby"", ""Cooking basics"", ""Kitchen"", ""Hot water"", ""Shower gel"", ""Outdoor dining area"", ""Hangers"", ""Safe"", ""Central heating"", ""Bathtub"", ""Central air conditioning""]",,365,365,365,365,365,365,365.0,365.0,,t,18,48,78,353,2025-06-19,2,0,0,184,0,0,,2023-08-11,2023-12-23,5.0,5.0,5.0,5.0,5.0,5.0,4.5,Exempt: This listing is a unit used for furnished institutional or business stays,f,1,1,0,0,0.09
2757,965769862121915466,https://www.airbnb.com/rooms/965769862121915466,20250619031426,2025-06-19,city scrape,Beautiful Two Bedroom Apartment,This stylish place to stay is perfect for group trips.,,https://a0.muscache.com/pictures/miso/Hosting-965769862121915466/original/e81f44ce-b2d3-407c-b725-dcaebecd6a9f.png,8898973,https://www.airbnb.com/users/show/8898973,Gianni,2013-09-17,"Boston, MA","Friendly,responsible and profesional.",within a day,80%,67%,f,https://a0.muscache.com/im/users/8898973/profile_pic/1380147848/original.jpg?aki_policy=profile_small,https://a0.muscache.com/im/users/8898973/profile_pic/1380147848/original.jpg?aki_policy=profile_x_medium,Roxbury,4,4,"['email', 'phone']",t,t,,Roxbury,,42.3240913,-71.0907016,Entire rental unit,Entire home/apt,2,2.0,2 baths,2.0,2.0,"[""Wine glasses"", ""Essentials"", ""Private entrance"", ""Washer"", ""Clothing storage: closet and dresser"", ""Smoke alarm"", ""Dishes and silverware"", ""Stainless steel single oven"", ""Hot water kettle"", ""Self check-in"", ""Long term stays allowed"", ""Carbon monoxide alarm"", ""Bed linens"", ""Ceiling fan"", ""Microwave"", ""Shampoo"", ""Hair dryer"", ""Freezer"", ""Refrigerator"", ""Lockbox"", ""Fire extinguisher"", ""Free driveway parking on premises \u2013 1 space"", ""TV"", ""Dishwasher"", ""Dryer"", ""Cooking basics"", ""Kitchen"", ""Hot water"", ""Gas stove"", ""Shower gel"", ""Iron"", ""Wifi"", ""Toaster"", ""Hangers"", ""Single level home"", ""Central heating"", ""Coffee maker: drip coffee maker"", ""Central air conditioning"", ""Free street parking""]",$115.00,91,365,91,91,365,365,91.0,365.0,,t,0,0,17,197,2025-06-19,1,0,0,123,1,0,0.0,2024-06-15,2024-06-15,5.0,5.0,5.0,5.0,5.0,5.0,5.0,Exempt: This listing is a unit used for furnished institutional or business stays,f,4,4,0,0,0.08
2825,979127995487134262,https://www.airbnb.com/rooms/979127995487134262,20250619031426,2025-06-19,city scrape,"Convenient, Brand new,Comfy!","You will enjoy easy access to everything from this centrally located place. 2 subway stops within 10 mins walking distance. Uber to North end restaurants will take 5 mins. Super market 3 min walk, close to the water and the newly opened restaurants along the east boston waterfront.",,https://a0.muscache.com/pictures/4d1dc8ef-eb7f-40bc-a116-1016b4dc8bb2.jpg,53168234,https://www.airbnb.com/users/show/53168234,John,2016-01-03,"Boston, MA",,within a day,67%,47%,f,https://a0.muscache.com/im/pictures/user/8a360233-9cc0-4428-931a-147b64d6c2a6.jpg?aki_policy=profile_small,https://a0.muscache.com/im/pictures/user/8a360233-9cc0-4428-931a-147b64d6c2a6.jpg?aki_policy=profile_x_medium,East Boston,1,3,"['email', 'phone']",t,t,,East Boston,,42.3751160129216,-71.03648402799509,Private room in rental unit,Private room,1,2.0,2 baths,1.0,1.0,"[""Wine glasses"", ""Essentials"", ""Washer"", ""Air conditioning"", ""Smoke alarm"", ""Dedicated workspace"", ""Dishes and silverware"", ""Elevator"", ""Hot water kettle"", ""Self check-in"", ""Free dryer \u2013 In unit"", ""Dining table"", ""Oven"", ""Long term stays allowed"", ""Carbon monoxide alarm"", ""Bed linens"", ""Microwave"", ""Shampoo"", ""Hair dryer"", ""Freezer"", ""Refrigerator"", ""Pets allowed"", ""Fire extinguisher"", ""TV"", ""Lock on bedroom door"", ""Dishwasher"", ""Laundromat nearby"", ""Keypad"", ""Cooking basics"", ""Kitchen"", ""Gas stove"", ""Conditioner"", ""Iron"", ""Wifi"", ""Toaster"", ""First aid kit"", ""Outdoor dining area"", ""Central heating"", ""Bathtub"", ""Waterfront"", ""Free parking on premises"", ""Blender""]",$190.00,1,1125,1,1,1125,1125,1.0,1125.0,,t,29,59,89,268,2025-06-19,18,9,0,195,14,54,10260.0,2023-10-14,2025-04-22,4.94,5.0,5.0,4.83,4.94,4.94,4.83,STR-539781,f,1,0,1,0,0.88
2841,985499257021530456,https://www.airbnb.com/rooms/985499257021530456,20250619031426,2025-06-19,city scrape,Hidden Oasis in Trendy Boston Neighborhood,"Country living in the city!  The space is a very large and sunny guest suite on the first floor with a detached bathroom in a historic house in the heart of Jamaica Plain neighborhood.  You will be steps from shops, restaurants, parks, and public transportation.<br /><br />FRAGRANCE FREE: please note that we are sensitive to perfumes. If you wear highly scented products, our home will not be a good fit :)","Jamaica Plain is a trendy neighborhood with lots of great dining and shopping options, host to a local art and music scene, and many City of Boston green spaces, all at walking distance from the rental unit. We are located off of JP's Center Street, which is lined with shops and restaurants. Some of Boston's most treasured green spaces -  the Arnold Arboretum and Jamaica Plain Pond, are nearby. <br /><br />For those hoping to explore the rest of Boston via public transportation, the 39 bus stops at the bottom of our street and gets you to Back Bay in 15 minutes. Green Street Station, on the orange line, is a 10 minute walk from the rental unit and a short 15-minute ride to downtown Boston.",https://a0.muscache.com/pictures/miso/Hosting-985499257021530456/original/09406aaf-88ae-4d45-ba7a-6a32af1e5c24.jpeg,12795084,https://www.airbnb.com/users/show/12795084,Lynne,2014-03-04,"Boston, MA","I am a college instructor, writer, avid cook, and gardener.  My research interests include the intersections between culture, language, food rituals, and questions of identity. My favorite pastime is to share a leisurely meal with friends and family.",within a day,100%,81%,t,https://a0.muscache.com/im/pictures/user/5623ea7b-0096-4837-8fae-9fdc62bb3d39.jpg?aki_policy=profile_small,https://a0.muscache.com/im/pictures/user/5623ea7b-0096-4837-8fae-9fdc62bb3d39.jpg?aki_policy=profile_x_medium,Jamaica Plain,2,4,"['email', 'phone']",t,t,Neighborhood highlights,Jamaica Plain,,42.31500761298455,-71.11426414828182,Private room in home,Private room,1,1.0,1 private bath,1.0,1.0,"[""Essentials"", ""Hot water"", ""Body soap"", ""Outdoor dining area"", ""Smoke alarm"", ""Wifi"", ""First aid kit"", ""Hangers"", ""Extra pillows and blankets"", ""Dedicated workspace"", ""Central heating"", ""Fire extinguisher"", ""Carbon monoxide alarm"", ""Portable fans"", ""Microwave"", ""Host greets you"", ""Clothing storage: wardrobe"", ""Hair dryer""]",$110.00,1,4,1,1,4,4,1.0,4.0,,t,1,6,33,33,2025-06-19,38,18,4,33,19,108,11880.0,2023-09-29,2025-06-05,4.97,4.97,5.0,4.97,5.0,4.95,4.92,STR-538357,f,1,0,1,0,1.81
2849,990560533488615867,https://www.airbnb.com/rooms/990560533488615867,20250619031426,2025-06-19,city scrape,Newly renovated penthouse 1 bed,"Convenient to the Longwood Medical Area, downtown and the Green Brigham Circle T stop.  Newly renovated penthouse 1 bed with views of downtown Boston from the skylights. This 4th floor walk-up has refinished, reclaimed wood floors, new kitchen with white quartz counters, freshly painted and new central air. There is free laundry in the basement.","Mission Hill is a walkable neighborhood convenient to the Longwood Medical Area, restaurants, groceries and transportation.",https://a0.muscache.com/pictures/miso/Hosting-990560533488615867/original/5b9a0196-9377-4077-ac6c-1fb4abed6ab1.jpeg,26988,https://www.airbnb.com/users/show/26988,Anne,2009-07-22,"Boston, MA","I manage a number of furnished units around Boston and Brookline with my business partner Joseph Morrissey.  I am a Realtor with Unlimited Sotheby's  and do sales/rentals in the greater Boston market.  I also manage a sculpture school/studio with my husband, sculptor Morris Norvin.  Stonybrook Fine Arts, is located in the Boston neighborhood Jamaica Plain across the street from the famous Sam Adams Brewery.  We offer a variety of one day workshops on our calendar including welding, jewelry and metal casting.   Longer classes are available and meet one time each week including the options above as well as mold making, live figure modeling and foundry.  Custom workshops are available for small groups, birthday parties, bachelorette parties, make your own wedding bands, create an engagement ring and team building.  We are happy to arrange a tour of Sam Adams after a daytime workshop not occurring on Sunday.  Contact us for more details to set up your custom event!

",within a day,70%,38%,t,https://a0.muscache.com/im/pictures/user/d7d71322-db4f-45f8-92f7-ec27a50d5773.jpg?aki_policy=profile_small,https://a0.muscache.com/im/pictures/user/d7d71322-db4f-45f8-92f7-ec27a50d5773.jpg?aki_policy=profile_x_medium,Beacon Hill,12,32,"['email', 'phone']",t,t,Neighborhood highlights,Mission Hill,,42.33164437541686,-71.10437449827246,Entire rental unit,Entire home/apt,2,1.0,1 bath,1.0,1.0,"[""Kitchen"", ""Washer"", ""Refrigerator"", ""Air conditioning"", ""Wifi"", ""Dedicated workspace"", ""TV""]",$76.00,91,365,91,91,365,365,91.0,365.0,,t,0,0,0,230,2025-06-19,0,0,0,61,0,0,0.0,,,,,,,,,,,t,8,8,0,0,
2894,1008752304965918963,https://www.airbnb.com/rooms/1008752304965918963,20250619031426,2025-06-19,city scrape,Peaceful 3BR Home w/ Park & close to Harvard/BC/BU,"Renovated 3BR condo which occupies the 2nd floor of a two-family brick home. <br /><br />Located on a peaceful tree-lined street tucked away in bustling Allston. We are just a few minutes walk to a wide variety of unique restaurants, bars and shops. (93 Walk Store)<br /><br />The green line T (Allston St.) and major bus routes are also just a 5 minute walk away, allowing easy access to  Boston/Cambridge and surrounding area<br /><br />Close to Harvard/MIT, Harvard Business school, downtown. One off street parking incl.",,https://a0.muscache.com/pictures/miso/Hosting-1008752304965918963/original/eb638919-4dfd-4602-8649-a266e1966711.jpeg,306329570,https://www.airbnb.com/users/show/306329570,Jonathan,2019-11-02,"Cambridge, MA","Hello! I'm Jon and thank you for checking out our listings

Amy & I have hosted/co-hosted short term rentals and b&bs around the Boston area since 2008. We enjoy hosting people from all backgrounds and walks of life and are always happy to lend a hand. 

Please don't hesitate to reach out if you have any questions or are unsure of anything!

",within a day,90%,87%,,https://a0.muscache.com/im/pictures/user/User/original/d1a1418f-3de5-4e37-b11b-3ce584d11309.jpeg?aki_policy=profile_small,https://a0.muscache.com/im/pictures/user/User/original/d1a1418f-3de5-4e37-b11b-3ce584d11309.jpeg?aki_policy=profile_x_medium,Brighton,12,14,"['email', 'phone']",t,t,,Allston,,42.3515002,-71.1408802,Entire home,Entire home/apt,6,1.0,1 bath,3.0,3.0,"[""Essentials"", ""Private entrance"", ""Washer"", ""Air conditioning"", ""Smoke alarm"", ""Shared patio or balcony"", ""Dedicated workspace"", ""Dishes and silverware"", ""Clothing storage"", ""Hot water kettle"", ""Dining table"", ""Oven"", ""Room-darkening shades"", ""Long term stays allowed"", ""Coffee maker"", ""Carbon monoxide alarm"", ""Cleaning products"", ""Bed linens"", ""Ceiling fan"", ""Microwave"", ""Shampoo"", ""Hair dryer"", ""Body soap"", ""Freezer"", ""Refrigerator"", ""Extra pillows and blankets"", ""Fire extinguisher"", ""Ethernet connection"", ""TV"", ""Dishwasher"", ""Dryer"", ""Cooking basics"", ""Kitchen"", ""Hot water"", ""Rice maker"", ""Gas stove"", ""Shower gel"", ""Conditioner"", ""Iron"", ""Wifi"", ""Toaster"", ""First aid kit"", ""Hangers"", ""Safe"", ""Radiant heating"", ""Single level home"", ""Bathtub"", ""Free parking on premises""]",$250.00,29,365,45,45,365,365,45.0,365.0,,t,11,35,65,168,2025-06-19,12,6,0,94,11,255,63750.0,2024-02-27,2025-05-07,4.92,5.0,4.67,5.0,4.83,4.92,4.75,Exempt: This listing is a unit used for furnished institutional or business stays,f,4,4,0,0,0.75
2909,1013809941350572051,https://www.airbnb.com/rooms/1013809941350572051,20250619031426,2025-06-19,city scrape,Beautiful rooms near red line!,"We are excited to host you! We are only taking weekend reservations at this time. You will have a beautiful room to yourself with an air mattress,  have a shared bathroom, and will have access to all shared amenities. We have 2 small children and a dog and are looking for someone who is family friendly and easy going. We are a two block walk from the Fields Corner Train stop on the Red Line, 20 minutes (by car, train, or bike) to downtown. We are 1 block away from a Target with a grocery store.",,https://a0.muscache.com/pictures/miso/Hosting-1013809941350572051/original/8ff810c4-f3eb-48b0-959c-3b02b24793b9.png,13160153,https://www.airbnb.com/users/show/13160153,Rachel,2014-03-15,"Boston, MA",,within a day,100%,33%,f,https://a0.muscache.com/im/pictures/user/654dfbb9-9167-40d8-8d16-1d50a7f20b03.jpg?aki_policy=profile_small,https://a0.muscache.com/im/pictures/user/654dfbb9-9167-40d8-8d16-1d50a7f20b03.jpg?aki_policy=profile_x_medium,Dorchester,1,3,"['email', 'phone']",t,f,,Dorchester,,42.29889,-71.06402,Private room in home,Private room,1,1.5,1.5 baths,1.0,1.0,"[""Kitchen"", ""Washer"", ""Air conditioning"", ""Smoke alarm"", ""Wifi"", ""Outdoor dining area"", ""BBQ grill"", ""Dedicated workspace"", ""Fire extinguisher"", ""Fire pit"", ""Lock on bedroom door"", ""TV"", ""Free parking on premises"", ""Carbon monoxide alarm""]",$150.00,1,365,1,1,365,365,1.0,365.0,,t,23,53,83,263,2025-06-19,1,1,0,189,0,6,900.0,2025-04-22,2025-04-22,5.0,4.0,5.0,5.0,5.0,5.0,4.0,STR-582651,f,1,0,1,0,0.51
3041,1034145517976170721,https://www.airbnb.com/rooms/1034145517976170721,20250619031426,2025-06-19,city scrape,Private room & bathroom at West Roxbury near MBTA,"Private room with dedicated bathroom at West Roxbury :<br />1)It's a 15-minute walk to the MBTA West Roxbury train station, and it takes 45 minutes by train to reach South Station<br />2) Good commuting to 95 free way.<br />3) Arboretum of Harvard 5 mins by car.<br />4) Millennium park 5 mins walking distance.<br />5) 15 mins walking distance to a Star Market.<br />6)I speak Spanish, English and a bit of Russian<br />7)Smoking and alcohol consumption are not permitted.<br />8)The room has a lock<br />9)YMCA Gym at 15 min walking distance",,https://a0.muscache.com/pictures/hosting/Hosting-1034145517976170721/original/03a29e5b-10c1-42f8-9b0c-6977392580b8.jpeg,12102465,https://www.airbnb.com/users/show/12102465,Jorge E,2014-02-10,"Boston, MA",Eager traveler that enjoy small things,within a day,67%,80%,t,https://a0.muscache.com/im/pictures/user/User/original/71d6edf3-ba6b-44f7-8588-5674cb00303e.jpeg?aki_policy=profile_small,https://a0.muscache.com/im/pictures/user/User/original/71d6edf3-ba6b-44f7-8588-5674cb00303e.jpeg?aki_policy=profile_x_medium,West Roxbury,1,3,"['email', 'phone', 'work_email']",t,t,,West Roxbury,,42.2784006874308,-71.17125314973755,Private room in rental unit,Private room,1,4.0,4 baths,1.0,0.0,"[""Washer"", ""Drying rack for clothing"", ""Dedicated workspace"", ""Clothing storage"", ""Dining table"", ""Long term stays allowed"", ""Carbon monoxide alarm"", ""Microwave"", ""Free dryer"", ""Freezer"", ""Refrigerator"", ""TV"", ""Cooking basics"", ""Kitchen"", ""Hot water"", ""Gas stove"", ""Heating"", ""Wifi"", ""Toaster"", ""First aid kit"", ""Hangers"", ""Free parking on premises""]",$74.00,7,270,5,5,270,270,5.0,270.0,,t,10,31,31,201,2025-06-19,8,6,0,128,6,84,6216.0,2024-04-16,2025-04-25,5.0,5.0,5.0,5.0,5.0,5.0,5.0,STR-548111,f,1,0,1,0,0.56
3062,1039000774691192703,https://www.airbnb.com/rooms/1039000774691192703,20250619031426,2025-06-19,city scrape,Beautiful Room Newly Renovated,"Kick back and relax in this calm, stylish space. The property is clean, well maintained and very quiet.  The are 6 rooms available spanning 2 floors.  2 of the rooms have a private bath and parking included.  All the appliances are brand new and the kitchen is very clean.  All doors to the bedrooms have electronic locks for optimal privacy. The entrance is equipped with the ring doorbell and the entry door lock is a WIFI enabled lock.",,https://a0.muscache.com/pictures/hosting/Hosting-1039000774691192703/original/a75a446f-4790-4f0a-ac67-cbf77a3a755c.jpeg,23860721,https://www.airbnb.com/users/show/23860721,Lenie,2014-11-17,"Alpharetta, GA",,within a day,92%,98%,f,https://a0.muscache.com/im/users/23860721/profile_pic/1416429509/original.jpg?aki_policy=profile_small,https://a0.muscache.com/im/users/23860721/profile_pic/1416429509/original.jpg?aki_policy=profile_x_medium,Dorchester,2,2,"['email', 'phone']",t,t,,Dorchester,,42.28523,-71.08062,Private room in rental unit,Private room,2,1.0,1 bath,1.0,1.0,"[""Essentials"", ""Baking sheet"", ""Smoke alarm"", ""Dedicated workspace"", ""Dishes and silverware"", ""Samsung stainless steel single oven"", ""Self check-in"", ""Coffee maker: espresso machine"", ""Dining table"", ""Long term stays allowed"", ""Carbon monoxide alarm"", ""Cleaning products"", ""Free dryer \u2013 In building"", ""Ceiling fan"", ""Microwave"", ""Hair dryer"", ""Body soap"", ""Free washer \u2013 In building"", ""Pets allowed"", ""Extra pillows and blankets"", ""TV"", ""Lock on bedroom door"", ""Kitchen"", ""Hot water"", ""Smart lock"", ""Iron"", ""Wifi"", ""First aid kit"", ""Hangers"", ""Central heating"", ""Exterior security cameras on property"", ""Bathtub"", ""Free parking on premises"", ""Central air conditioning"", ""Free street parking""]",$77.00,5,1125,5,5,1125,1125,5.0,1125.0,,t,11,25,31,261,2025-06-19,30,17,2,92,25,170,13090.0,2024-01-20,2025-06-08,4.97,5.0,4.97,5.0,4.9,4.53,4.93,STR-546512,t,2,0,2,0,1.74
3118,1051006846560102369,https://www.airbnb.com/rooms/1051006846560102369,20250619031426,2025-06-19,city scrape,Close to major hospitals,,Residential neighborhood flanked by bus routes that are a short walk away 5min or less.,https://a0.muscache.com/pictures/miso/Hosting-1051006846560102369/original/ceae84c8-870f-4376-a9f8-f9a46b150973.png,70329765,https://www.airbnb.com/users/show/70329765,Nadine,2016-05-04,"Boston, MA","Mom
Educator
PhD",within a day,50%,0%,f,https://a0.muscache.com/im/pictures/user/43d0dd33-3dce-4b53-9d91-5661e93f3ad1.jpg?aki_policy=profile_small,https://a0.muscache.com/im/pictures/user/43d0dd33-3dce-4b53-9d91-5661e93f3ad1.jpg?aki_policy=profile_x_medium,Roxbury,1,1,"['email', 'phone', 'work_email']",t,f,Neighborhood highlights,Roxbury,,42.320108757690704,-71.0785428252252,Entire rental unit,Entire home/apt,2,1.0,1 bath,1.0,1.0,"[""Kitchen"", ""Washer"", ""Air conditioning"", ""Smoke alarm"", ""Wifi"", ""BBQ grill"", ""First aid kit"", ""Dedicated workspace"", ""Pets allowed"", ""Carbon monoxide alarm"", ""TV"", ""Free parking on premises""]",$110.00,91,365,91,91,365,365,91.0,365.0,,,0,0,0,106,2025-06-19,0,0,0,32,0,0,0.0,,,,,,,,,,,f,1,1,0,0,
3131,1062775867625765163,https://www.airbnb.com/rooms/1062775867625765163,20250619031426,2025-06-19,city scrape,Private Queen Bedroom in Boston,"For bookings between 30-90 days please book through my other listings, this listing is for 90 days or more. <br /><br /><br />Quiet private queen bedroom in the center of Boston. 15-20 minutes away from MGH, Beth Israel, BWH, BMC,etc. <br />Clean, all utilities included in pricing including tv’s & wifi, street parking, laundry unit in basement, walking distance to local transit that takes you to downtown Boston in 15 minutes. Local stores, shopping malls, eateries in 5-10 walking minutes.",,https://a0.muscache.com/pictures/b3d13640-5e50-462a-aa06-60e500468f49.jpg,474189195,https://www.airbnb.com/users/show/474189195,Patrice,2022-08-09,"Boston, MA","Hi!
I love traveling, eating & laying in the sun! 

Looking forward to hosting & providing you with an enjoyable experience!",within a day,67%,11%,f,https://a0.muscache.com/im/pictures/user/2f8d3b82-b232-4027-8ce7-b2a5e4f1645a.jpg?aki_policy=profile_small,https://a0.muscache.com/im/pictures/user/2f8d3b82-b232-4027-8ce7-b2a5e4f1645a.jpg?aki_policy=profile_x_medium,Dorchester,2,6,"['email', 'phone']",t,t,,Dorchester,,42.30239,-71.06824,Private room in rental unit,Private room,1,1.0,1 shared bath,1.0,1.0,"[""Wine glasses"", ""Essentials"", ""Washer"", ""Patio or balcony"", ""Baking sheet"", ""Air conditioning"", ""Smoke alarm"", ""Kitchenette"", ""Dishes and silverware"", ""Books and reading material"", ""Clothing storage"", ""Coffee"", ""Dining table"", ""Oven"", ""Room-darkening shades"", ""Long term stays allowed"", ""Coffee maker"", ""Carbon monoxide alarm"", ""Cleaning products"", ""Bed linens"", ""Ceiling fan"", ""Microwave"", ""Host greets you"", ""Body soap"", ""Freezer"", ""Refrigerator"", ""Extra pillows and blankets"", ""Lock on bedroom door"", ""Laundromat nearby"", ""Dryer"", ""Cooking basics"", ""Hot water"", ""Backyard"", ""Shower gel"", ""Heating"", ""Iron"", ""Toaster"", ""Hangers"", ""Stove"", ""Bathtub"", ""Blender"", ""Free street parking""]",$58.00,91,365,91,91,365,365,91.0,365.0,,t,29,59,89,269,2025-06-19,1,1,0,195,1,182,10556.0,2024-12-14,2024-12-14,5.0,5.0,4.0,5.0,5.0,3.0,5.0,,f,2,0,2,0,0.16
3221,1092092772949307191,https://www.airbnb.com/rooms/1092092772949307191,20250619031426,2025-06-19,city scrape,Cozy East Boston Apt with Patio,"Cozy and spacious apartment with a fenced private patio is a perfect oasis in the city. Views of Chelsea Creek and a park and playground are just steps away.  <br /><br />Enjoy a wide variety of dining options, entertainment, community events, parks, and beaches, all with the commuter convenience of the Wood Island T stop (.4 mi) and easy access to Logan airport and 90/93/Rt1 highways.",,https://a0.muscache.com/pictures/miso/Hosting-1092092772949307191/original/c7db1bbc-1225-47f2-9bd8-3277d4a50828.jpeg,17894854,https://www.airbnb.com/users/show/17894854,Jay,2016-05-17,"Malden, MA",,within a day,67%,0%,f,https://a0.muscache.com/im/pictures/user/f33c038c-10ab-41ca-9e10-f802bff39325.jpg?aki_policy=profile_small,https://a0.muscache.com/im/pictures/user/f33c038c-10ab-41ca-9e10-f802bff39325.jpg?aki_policy=profile_x_medium,East Boston,1,1,"['email', 'phone', 'work_email']",t,f,,East Boston,,42.38246231733909,-71.03013849666957,Entire rental unit,Entire home/apt,4,1.5,1.5 baths,3.0,3.0,"[""Wine glasses"", ""Essentials"", ""Private entrance"", ""Patio or balcony"", ""Clothing storage: closet and dresser"", ""Baking sheet"", ""Smoke alarm"", ""Dedicated workspace"", ""Dishes and silverware"", ""Stainless steel single oven"", ""Books and reading material"", ""Coffee"", ""Hot water kettle"", ""Free dryer \u2013 In unit"", ""Dining table"", ""Room-darkening shades"", ""Long term stays allowed"", ""Carbon monoxide alarm"", ""Cleaning products"", ""Bed linens"", ""Ceiling fan"", ""Microwave"", ""Shampoo"", ""Outdoor playground"", ""Hair dryer"", ""Housekeeping - available at extra cost"", ""Freezer"", ""Board games"", ""Free washer \u2013 In unit"", ""Refrigerator"", ""Extra pillows and blankets"", ""AC - split type ductless system"", ""Outdoor furniture"", ""Fire extinguisher"", ""TV"", ""Dishwasher"", ""Cooking basics"", ""Kitchen"", ""Hot water"", ""Shower gel"", ""Heating"", ""Conditioner"", ""Iron"", ""Wifi"", ""Stainless steel electric stove"", ""First aid kit"", ""Hangers"", ""Toaster"", ""Coffee maker: drip coffee maker"", ""Bathtub"", ""Blender"", ""Free street parking""]",$179.00,30,365,30,30,365,365,30.0,365.0,,t,27,57,87,362,2025-06-19,0,0,0,193,0,0,0.0,,,,,,,,,,,f,1,1,0,0,
3280,1110247883520872149,https://www.airbnb.com/rooms/1110247883520872149,20250619031426,2025-06-19,city scrape,Spacious Private Brownstone Apt,Get comfortable and enjoy plenty of extra room at this spacious place.,,https://a0.muscache.com/pictures/miso/Hosting-1110247883520872149/original/7e3a13f0-55a2-40bf-bbaa-09b0cf3354c9.png,174771378,https://www.airbnb.com/users/show/174771378,Solomon,2018-02-22,"Boston, MA","Nigerian born American, avid city biker, budding horticulturalist and neophyte high school Science Teacher, seeks everyone wishing to experience a minimalistically soothing environment in a private apartment large enough for four and close enough to the best Boston has to offer. All are Welcome to enjoy.",within a day,79%,71%,f,https://a0.muscache.com/im/pictures/user/User-174771378/original/076302ba-b1f1-4e37-b261-8635937ed59b.jpeg?aki_policy=profile_small,https://a0.muscache.com/im/pictures/user/User-174771378/original/076302ba-b1f1-4e37-b261-8635937ed59b.jpeg?aki_policy=profile_x_medium,Roxbury,2,3,"['email', 'phone']",t,t,,Roxbury,,42.32231,-71.07877,Private room in rental unit,Private room,1,1.0,1 shared bath,1.0,1.0,"[""Wine glasses"", ""Essentials"", ""Coffee maker: drip coffee maker, french press"", ""Smoke alarm"", ""Dishes and silverware"", ""Stainless steel single oven"", ""Hot water kettle"", ""Dining table"", ""Carbon monoxide alarm"", ""Portable air conditioning"", ""Cleaning products"", ""Microwave"", ""Shampoo"", ""Hair dryer"", ""Body soap"", ""Freezer"", ""Window AC unit"", ""Fire extinguisher"", ""Lock on bedroom door"", ""Cooking basics"", ""Kitchen"", ""Hot water"", ""Shower gel"", ""Wifi"", ""Radiant heating"", ""Exterior security cameras on property"", ""Bathtub"", ""Free street parking""]",$82.00,91,365,91,91,1125,1125,91.0,1125.0,,t,24,34,64,338,2025-06-19,0,0,0,170,0,0,0.0,,,,,,,,,,,f,2,0,2,0,
3464,1163838163158035608,https://www.airbnb.com/rooms/1163838163158035608,20250619031426,2025-06-19,city scrape,Spacious Modern Short Term,Forget your worries in this spacious and serene space.,,https://a0.muscache.com/pictures/miso/Hosting-1110247883520872149/original/7e3a13f0-55a2-40bf-bbaa-09b0cf3354c9.png,174771378,https://www.airbnb.com/users/show/174771378,Solomon,2018-02-22,"Boston, MA","Nigerian born American, avid city biker, budding horticulturalist and neophyte high school Science Teacher, seeks everyone wishing to experience a minimalistically soothing environment in a private apartment large enough for four and close enough to the best Boston has to offer. All are Welcome to enjoy.",within a day,79%,71%,f,https://a0.muscache.com/im/pictures/user/User-174771378/original/076302ba-b1f1-4e37-b261-8635937ed59b.jpeg?aki_policy=profile_small,https://a0.muscache.com/im/pictures/user/User-174771378/original/076302ba-b1f1-4e37-b261-8635937ed59b.jpeg?aki_policy=profile_x_medium,Roxbury,2,3,"['email', 'phone']",t,t,,Roxbury,,42.323288815010145,-71.07725998317578,Private room in rental unit,Private room,2,1.0,1 bath,1.0,1.0,"[""Wine glasses"", ""Essentials"", ""Clothing storage: closet and dresser"", ""Coffee maker: drip coffee maker, french press"", ""Smoke alarm"", ""Dishes and silverware"", ""Stainless steel single oven"", ""Electric stove"", ""Hot water kettle"", ""Dining table"", ""Carbon monoxide alarm"", ""Portable air conditioning"", ""Bed linens"", ""Microwave"", ""Ceiling fan"", ""Freezer"", ""Refrigerator"", ""Extra pillows and blankets"", ""Window AC unit"", ""Fire extinguisher"", ""Ethernet connection"", ""Lock on bedroom door"", ""Cooking basics"", ""Kitchen"", ""Iron"", ""Wifi"", ""Central heating"", ""Exterior security cameras on property"", ""Free street parking""]",$63.00,2,365,1,2,365,365,2.0,365.0,,t,12,20,21,21,2025-06-19,0,0,0,21,0,0,0.0,,,,,,,,,,STR-597568,f,2,0,2,0,
3468,1164607570865561615,https://www.airbnb.com/rooms/1164607570865561615,20250619031426,2025-06-19,city scrape,Convenient 2 br near Bus/Train,"Your family will be close to everything when you stay at this centrally-located place. It is a walking distant away from bus and train stops. This apartment is near the University of Massachusetts Boston. It is easy access to Downtown, Cambridge, Harvard, MIT and Logan airport by the red line train. The apartment is comfortable and clean with 2 bedrooms and 3 beds. Washer and dryer are available.",,https://a0.muscache.com/pictures/miso/Hosting-1164607570865561615/original/a0e2c396-b583-4ac4-872c-64d7b40e22b0.jpeg,579619676,https://www.airbnb.com/users/show/579619676,Thinh,2024-05-25,"Boston, MA",,within a day,60%,97%,f,https://a0.muscache.com/im/pictures/user/User-579619676/original/8bbca6ab-256e-4350-b9b3-198ff390d105.jpeg?aki_policy=profile_small,https://a0.muscache.com/im/pictures/user/User-579619676/original/8bbca6ab-256e-4350-b9b3-198ff390d105.jpeg?aki_policy=profile_x_medium,Dorchester,1,1,"['email', 'phone']",t,t,,Dorchester,,42.31695371700309,-71.05492891181542,Entire rental unit,Entire home/apt,5,1.0,1 bath,2.0,3.0,"[""Essentials"", ""Carbon monoxide alarm"", ""Washer"", ""Hot water"", ""Kitchen"", ""Self check-in"", ""Shower gel"", ""Air conditioning"", ""Smoke alarm"", ""Wifi"", ""Lockbox"", ""TV"", ""Bathtub"", ""Free parking on premises"", ""Shampoo""]",$197.00,2,365,2,2,365,365,2.0,365.0,,t,6,18,41,282,2025-06-19,47,47,3,129,28,255,50235.0,2024-07-14,2025-06-02,4.66,4.72,4.7,4.89,4.85,4.79,4.55,STR-564145,f,1,1,0,0,4.13
3495,1175980636500386344,https://www.airbnb.com/rooms/1175980636500386344,20250619031426,2025-06-19,previous scrape,Stylish 1 bedroom condo in Boston near waterfront,,,https://a0.muscache.com/pictures/hosting/Hosting-1175980636500386344/original/78bcaed9-bf03-4be5-9b98-f657edd14feb.jpeg,23265965,https://www.airbnb.com/users/show/23265965,Stacey,2014-11-02,"Boston, MA",,within a day,100%,0%,f,https://a0.muscache.com/im/pictures/user/b3fc467c-fefe-43d3-86a7-e868b0938302.jpg?aki_policy=profile_small,https://a0.muscache.com/im/pictures/user/b3fc467c-fefe-43d3-86a7-e868b0938302.jpg?aki_policy=profile_x_medium,Jeffries Point,1,2,"['email', 'phone', 'work_email']",t,f,,East Boston,,42.36838041054629,-71.03187347565287,Entire rental unit,Entire home/apt,2,,1 bath,1.0,,"[""Wine glasses"", ""Essentials"", ""Washer"", ""Baking sheet"", ""Air conditioning"", ""Smoke alarm"", ""Dishes and silverware"", ""Books and reading material"", ""Clothing storage"", ""Coffee"", ""Hot water kettle"", ""Dining table"", ""Oven"", ""Room-darkening shades"", ""Carbon monoxide alarm"", ""Cleaning products"", ""Trash compactor"", ""Bed linens"", ""Microwave"", ""Shampoo"", ""Hair dryer"", ""Body soap"", ""Freezer"", ""Refrigerator"", ""Pets allowed"", ""Extra pillows and blankets"", ""Fire extinguisher"", ""Sound system"", ""TV"", ""Dishwasher"", ""Cooking basics"", ""Kitchen"", ""Hot water"", ""Exercise equipment"", ""Shower gel"", ""Heating"", ""Conditioner"", ""Iron"", ""Wifi"", ""First aid kit"", ""Hangers"", ""Safe"", ""Exterior security cameras on property"", ""Stove"", ""Coffee maker"", ""Free parking on premises""]",,91,365,91,91,365,365,91.0,365.0,,,21,51,81,261,2025-06-19,0,0,0,187,0,0,,,,,,,,,,,,f,1,1,0,0,
3501,1176976365746800145,https://www.airbnb.com/rooms/1176976365746800145,20250619031426,2025-06-19,city scrape,City home! Brand New!,This home is brand new and has plenty of space for a family! Have fun with the whole family at this stylish place.,,https://a0.muscache.com/pictures/miso/Hosting-1176976365746800145/original/a43255e6-ea9d-4126-8570-2817eb8ea47d.jpeg,160087066,https://www.airbnb.com/users/show/160087066,Carey,2017-11-25,,,within a day,80%,13%,f,https://a0.muscache.com/im/pictures/user/167462dd-47df-4139-b876-c0165294f815.jpg?aki_policy=profile_small,https://a0.muscache.com/im/pictures/user/167462dd-47df-4139-b876-c0165294f815.jpg?aki_policy=profile_x_medium,Charlestown,3,3,"['email', 'phone']",t,t,,Charlestown,,42.37675615633171,-71.05792112010776,Entire home,Entire home/apt,8,3.5,3.5 baths,5.0,4.0,"[""Wine glasses"", ""Washer"", ""Baking sheet"", ""Air conditioning"", ""Smoke alarm"", ""Dedicated workspace"", ""Dishes and silverware"", ""Hot water kettle"", ""Self check-in"", ""Oven"", ""Coffee maker"", ""Carbon monoxide alarm"", ""Microwave"", ""Freezer"", ""Refrigerator"", ""Mini fridge"", ""TV"", ""Dishwasher"", ""Keypad"", ""Cooking basics"", ""Kitchen"", ""Heating"", ""Wifi"", ""Toaster"", ""Stove"", ""Bathtub""]",$990.00,2,20,2,2,20,20,2.0,20.0,,t,14,44,74,254,2025-06-19,1,1,0,180,0,6,5940.0,2025-04-25,2025-04-25,5.0,5.0,5.0,5.0,5.0,5.0,5.0,STR-571182,f,1,1,0,0,0.54
3547,1189829506115257733,https://www.airbnb.com/rooms/1189829506115257733,20250619031426,2025-06-19,city scrape,Comfort and Convenience of Home in Boston!,"Relax in this spacious and serene Victorian home. Step inside your roomy retreat and feel completely at ease. Enjoy a good book in a charming reading nook, ideal for unwinding after a memorable day. Hardwood floors add warmth and elegance to each room. The large kitchen fosters cozy gatherings, while the contemporary bathroom invites comfort and personal care. Boston's rich history, famous landmarks, and top medical facilities are conveniently accessible via public transit.",,https://a0.muscache.com/pictures/miso/Hosting-1189829506115257733/original/337c8cc2-2203-440b-a147-f9c7dd6e9d6f.jpeg,235113659,https://www.airbnb.com/users/show/235113659,Marie,2019-01-07,"Boston, MA","Blessed mom, delighted nanna , former lawyer, who loves to travel, spend time with family  and friends and make a difference in this world while I’m here.",within a day,90%,83%,f,https://a0.muscache.com/im/pictures/user/User-235113659/original/2011de53-09cc-41a9-a099-5769b61c4689.jpeg?aki_policy=profile_small,https://a0.muscache.com/im/pictures/user/User-235113659/original/2011de53-09cc-41a9-a099-5769b61c4689.jpeg?aki_policy=profile_x_medium,Roxbury,2,2,['phone'],t,t,,Roxbury,,42.3152811,-71.0732458,Private room in home,Private room,1,1.0,1 shared bath,1.0,1.0,"[""Wine glasses"", ""Barbecue utensils"", ""Washer"", ""Patio or balcony"", ""Clothing storage: closet and dresser"", ""Air conditioning"", ""Smoke alarm"", ""Baking sheet"", ""Dedicated workspace"", ""Dishes and silverware"", ""Hot water kettle"", ""BBQ grill"", ""Dining table"", ""Oven"", ""Fire pit"", ""Carbon monoxide alarm"", ""Cleaning products"", ""Free dryer \u2013 In building"", ""Bed linens"", ""Microwave"", ""Hair dryer"", ""Refrigerator"", ""Outdoor furniture"", ""Fire extinguisher"", ""TV"", ""Lock on bedroom door"", ""Dishwasher"", ""Cooking basics"", ""Kitchen"", ""Backyard"", ""Heating"", ""Iron"", ""Wifi"", ""Outdoor dining area"", ""Toaster"", ""First aid kit"", ""Exterior security cameras on property"", ""Stove"", ""Portable fans"", ""Coffee maker"", ""Blender"", ""Free street parking""]",$40.00,91,180,91,91,180,180,91.0,180.0,,t,12,12,12,177,2025-06-19,1,1,0,104,1,182,7280.0,2024-12-18,2024-12-18,5.0,5.0,5.0,5.0,5.0,3.0,5.0,,t,2,0,2,0,0.16
3548,1189829925948068202,https://www.airbnb.com/rooms/1189829925948068202,20250619031426,2025-06-19,previous scrape,Coziness and Convenience of Home!,"Relax in this spacious and serene Victorian home. Step inside your roomy retreat and feel completely at ease. Enjoy a good book in a charming reading nook, ideal for unwinding after a memorable day. Hardwood floors add warmth and elegance to each room. The large kitchen fosters cozy gatherings, while the contemporary bathroom invites comfort and personal care. Boston's rich history, famous landmarks, and top medical facilities are conveniently accessible via public transit.",,https://a0.muscache.com/pictures/miso/Hosting-1189829925948068202/original/59d18967-61e7-45a6-ba19-6fa198690af9.jpeg,235113659,https://www.airbnb.com/users/show/235113659,Marie,2019-01-07,"Boston, MA","Blessed mom, delighted nanna , former lawyer, who loves to travel, spend time with family  and friends and make a difference in this world while I’m here.",within a day,90%,83%,f,https://a0.muscache.com/im/pictures/user/User-235113659/original/2011de53-09cc-41a9-a099-5769b61c4689.jpeg?aki_policy=profile_small,https://a0.muscache.com/im/pictures/user/User-235113659/original/2011de53-09cc-41a9-a099-5769b61c4689.jpeg?aki_policy=profile_x_medium,Roxbury,2,2,['phone'],t,t,,Dorchester,,42.3162,-71.07229,Private room in home,Private room,1,,1 bath,,,"[""Kitchen"", ""Washer"", ""Air conditioning"", ""Smoke alarm"", ""Wifi"", ""Outdoor dining area"", ""First aid kit"", ""Dedicated workspace"", ""BBQ grill"", ""Fire extinguisher"", ""Exterior security cameras on property"", ""Lock on bedroom door"", ""TV"", ""Carbon monoxide alarm""]",,91,180,91,91,180,180,91.0,180.0,,t,29,59,71,155,2025-06-19,2,2,1,81,1,255,,2024-12-14,2025-05-20,5.0,5.0,5.0,5.0,5.0,5.0,5.0,,f,2,0,2,0,0.32
3557,1193513049860213888,https://www.airbnb.com/rooms/1193513049860213888,20250619031426,2025-06-19,city scrape,Stylish Condo with Parking/Wi-Fi,"Welcome to our cozy and stylish two-bedroom condo located in the vibrant and historic neighborhood of Roxbury, MA. Whether you're visiting for business, leisure, or a family getaway, our condo offers the perfect home base to explore everything this dynamic area has to offer.",,https://a0.muscache.com/pictures/hosting/Hosting-U3RheVN1cHBseUxpc3Rpbmc6MTE5MzUxMzA0OTg2MDIxMzg4OA==/original/1e9363e3-1d84-4deb-a2bf-a4c0e93f8516.jpeg,56052140,https://www.airbnb.com/users/show/56052140,Irvin,2016-01-25,"Boston, MA","Welcome to my Airbnb! I'm Irvin, a local who loves sharing the best of Boston with visitors. My cozy two-bedroom condo is the perfect spot for you to relax, unwind, and explore everything this vibrant area has to offer. I’m always happy to recommend great local spots, hidden gems, and must-see attractions. Looking forward to hosting you and making your stay enjoyable!",within a day,100%,93%,t,https://a0.muscache.com/im/pictures/user/User/original/f2a95829-4db3-4d47-bfbc-55af62bc8bb5.jpeg?aki_policy=profile_small,https://a0.muscache.com/im/pictures/user/User/original/f2a95829-4db3-4d47-bfbc-55af62bc8bb5.jpeg?aki_policy=profile_x_medium,Roxbury,1,1,"['email', 'phone']",t,t,,Roxbury,,42.322900058883235,-71.06823785685711,Entire home,Entire home/apt,4,1.5,1.5 baths,2.0,2.0,"[""Smoke alarm"", ""Dedicated workspace"", ""Stainless steel single oven"", ""Self check-in"", ""Free dryer \u2013 In unit"", ""HDTV with Roku"", ""Carbon monoxide alarm"", ""Microwave"", ""Hair dryer"", ""Free washer \u2013 In unit"", ""Free driveway parking on premises \u2013 1 space"", ""Dishwasher"", ""Keypad"", ""Kitchen"", ""Hot water"", ""Gas stove"", ""Iron"", ""Wifi"", ""Central heating"", ""Exterior security cameras on property"", ""Central air conditioning"", ""Free street parking""]",$166.00,1,365,1,1,365,365,1.0,365.0,,t,13,22,38,282,2025-06-19,20,20,1,117,8,120,19920.0,2024-10-09,2025-05-31,4.7,4.75,4.5,4.85,4.8,4.5,4.55,STR-572992,f,1,1,0,0,2.36
3572,1200671047049220408,https://www.airbnb.com/rooms/1200671047049220408,20250619031426,2025-06-19,city scrape,2 bed in Boston,"Entire 2 bedroom unit that is completely private with two bedrooms, living room, eat in kitchen, sun room and outdoor space. Free parking. It is located right across from the Arnold Arboretum in Boston (Roslindale) walking distance to forest hills and a short drive to Fenway park. On the bus route. Parking and laundry are free. Easy driveway parking.On the bus route and right in Boston, accessible to T and highway! Hardwood floors, eat in kitchen, dining room",,https://a0.muscache.com/pictures/hosting/Hosting-U3RheVN1cHBseUxpc3Rpbmc6MTIwMDY3MTA0NzA0OTIyMDQwOA%3D%3D/original/136883aa-2d47-4296-93c8-94b0787c4bd7.jpeg,140110214,https://www.airbnb.com/users/show/140110214,Leigh,2017-07-12,,Mom and wifey! Passionate about travel and living my best life! ,within a day,70%,93%,f,https://a0.muscache.com/im/pictures/user/e045eb7a-acbc-43cd-940d-c484a67f9b68.jpg?aki_policy=profile_small,https://a0.muscache.com/im/pictures/user/e045eb7a-acbc-43cd-940d-c484a67f9b68.jpg?aki_policy=profile_x_medium,Roslindale,1,4,"['email', 'phone']",t,f,,Roslindale,,42.29337258791596,-71.13204089179278,Entire townhouse,Entire home/apt,4,1.0,1 bath,2.0,2.0,"[""Wine glasses"", ""Essentials"", ""Private entrance"", ""Washer"", ""Smoke alarm"", ""Dedicated workspace"", ""Dishes and silverware"", ""Self check-in"", ""Dining table"", ""Oven"", ""Long term stays allowed"", ""Dryer \u2013 In building"", ""Coffee maker"", ""Carbon monoxide alarm"", ""Bed linens"", ""Microwave"", ""Shampoo"", ""Luggage dropoff allowed"", ""Refrigerator"", ""Pets allowed"", ""Extra pillows and blankets"", ""Lockbox"", ""TV"", ""Dishwasher"", ""Kitchen"", ""Hot water"", ""Shower gel"", ""Iron"", ""Wifi"", ""Central heating"", ""Stove"", ""Bathtub"", ""Free parking on premises""]",$155.00,2,365,2,2,365,365,2.0,365.0,,t,0,0,6,273,2025-06-19,28,28,0,104,27,168,26040.0,2024-07-21,2025-01-12,4.71,4.82,4.61,4.79,4.79,4.61,4.64,STR-569827,f,1,1,0,0,2.51
3573,1201423221609705644,https://www.airbnb.com/rooms/1201423221609705644,20250619031426,2025-06-19,city scrape,Convenient 1BR close to Airport,,,https://a0.muscache.com/pictures/miso/Hosting-1201423221609705644/original/30288890-5672-46b5-aa8c-b8b5133a13ce.jpeg,54140849,https://www.airbnb.com/users/show/54140849,Oliver,2016-01-10,"Boston, MA","Professional Mon-Fri, Adventurer Sat-Sun.  I really developed the travel itch in my 20s, which led me to attend business school in Europe (Paris/London), where I met my now-wife, who is from Costa Rica.  We travel around as much as we can while still climbing our respective corporate ladders (but try to not take ourselves too too seriously).",within a day,100%,,f,https://a0.muscache.com/im/pictures/user/826bcb59-225e-4085-b7cc-cf4410f7d541.jpg?aki_policy=profile_small,https://a0.muscache.com/im/pictures/user/826bcb59-225e-4085-b7cc-cf4410f7d541.jpg?aki_policy=profile_x_medium,East Boston,1,2,"['email', 'phone', 'work_email']",t,t,,East Boston,,42.37116262024412,-71.03627927357255,Entire rental unit,Entire home/apt,2,1.0,1 bath,1.0,1.0,"[""Clothing storage: closet"", ""Air conditioning"", ""Smoke alarm"", ""Dishes and silverware"", ""Dining table"", ""Oven"", ""Long term stays allowed"", ""Carbon monoxide alarm"", ""Microwave"", ""Outdoor playground"", ""Freezer"", ""Refrigerator"", ""Fire extinguisher"", ""Dishwasher"", ""Laundromat nearby"", ""Kitchen"", ""Hot water"", ""Heating"", ""Iron"", ""Wifi"", ""Toaster"", ""Hangers"", ""Paid parking on premises"", ""Coffee maker: drip coffee maker"", ""Waterfront""]",$130.00,29,365,29,29,365,365,29.0,365.0,,,0,7,37,312,2025-06-19,0,0,0,143,0,0,0.0,,,,,,,,,,,f,1,1,0,0,
3574,1202596582439236568,https://www.airbnb.com/rooms/1202596582439236568,20250619031426,2025-06-19,city scrape,Spacious 3 bed 2 bath w/Parking,"This beautiful 3-bedroom, 2-bath apartment is perfect for families or roommates looking for comfortable and spacious living. Located in the city of Dorchester, this unit offers a great balance of comfort and practicality.<br /><br />Features:<br /><br />3 spacious bedrooms with ample closet space<br />2 full bathrooms with modern fixtures<br />Open-concept living and dining area<br />Fully equipped kitchen with [new appliances, granite countertops, etc.<br />Pet-friendly<br />Parking: 1 spot included additional parking available",,https://a0.muscache.com/pictures/hosting/Hosting-1039000774691192703/original/a75a446f-4790-4f0a-ac67-cbf77a3a755c.jpeg,23860721,https://www.airbnb.com/users/show/23860721,Lenie,2014-11-17,"Alpharetta, GA",,within a day,92%,98%,f,https://a0.muscache.com/im/users/23860721/profile_pic/1416429509/original.jpg?aki_policy=profile_small,https://a0.muscache.com/im/users/23860721/profile_pic/1416429509/original.jpg?aki_policy=profile_x_medium,Dorchester,2,2,"['email', 'phone']",t,t,,Dorchester,,42.28534546722483,-71.08200596013923,Private room in rental unit,Private room,4,1.0,1 bath,1.0,1.0,"[""Essentials"", ""Washer"", ""Baking sheet"", ""Air conditioning"", ""Smoke alarm"", ""Dedicated workspace"", ""Dishes and silverware"", ""Self check-in"", ""Dining table"", ""Oven"", ""Long term stays allowed"", ""Coffee maker"", ""Carbon monoxide alarm"", ""Cleaning products"", ""Ceiling fan"", ""Microwave"", ""Hair dryer"", ""Body soap"", ""Pets allowed"", ""Extra pillows and blankets"", ""TV"", ""Dryer"", ""Kitchen"", ""Hot water"", ""Smart lock"", ""Heating"", ""Iron"", ""Wifi"", ""First aid kit"", ""Hangers"", ""Exterior security cameras on property"", ""Bathtub"", ""Free parking on premises"", ""Free street parking""]",$113.00,29,365,29,29,365,365,29.0,365.0,,t,1,2,32,307,2025-06-19,1,1,0,138,0,58,6554.0,2025-01-01,2025-01-01,5.0,5.0,5.0,5.0,5.0,5.0,5.0,Exempt: This listing is a unit used for furnished institutional or business stays,f,2,0,2,0,0.18
3597,1211800496852313697,https://www.airbnb.com/rooms/1211800496852313697,20250619031426,2025-06-19,city scrape,Sun filled unit in Beacon Hill,"Sun filled beautiful one bedroom in the heart of Beacon Hill with unobstructed views of tree lined Phillips St. This unit is perfect for a couple or a single individual looking for a home in the historic neighborhood of Beacon Hill. Less than 5 min walk to the MGH redline stop, MGH and Mass Eye and Ear Hospitals, all the shops and restaurants in Charles St, and the Boston Public Garden.  Pet allowed. Coin operated laundry in basement.",,https://a0.muscache.com/pictures/miso/Hosting-1211800496852313697/original/336d7ecc-f292-499b-acdf-a051cd596e48.jpeg,5488492,https://www.airbnb.com/users/show/5488492,Kaoutar,2013-03-16,"Boston, MA","Respectful, polite, energetic. I love discovering other cultures, trying new things, living in different places, and enjoying life in general.",within a day,100%,0%,f,https://a0.muscache.com/im/pictures/user/User-5488492/original/c0eddbb3-0f2b-4b22-9caa-648fd436b196.jpeg?aki_policy=profile_small,https://a0.muscache.com/im/pictures/user/User-5488492/original/c0eddbb3-0f2b-4b22-9caa-648fd436b196.jpeg?aki_policy=profile_x_medium,Beacon Hill,1,1,"['email', 'phone', 'work_email']",t,t,,Beacon Hill,,42.3602786,-71.0702005,Entire rental unit,Entire home/apt,3,1.0,1 bath,1.0,1.0,"[""Wine glasses"", ""Essentials"", ""Paid parking garage off premises"", ""Smoke alarm"", ""Dishes and silverware"", ""Coffee maker: espresso machine"", ""Baby bath - available upon request"", ""Dining table"", ""Oven"", ""Room-darkening shades"", ""Long term stays allowed"", ""Dryer \u2013 In building"", ""Carbon monoxide alarm"", ""Bed linens"", ""Ceiling fan"", ""Microwave"", ""Housekeeping - available at extra cost"", ""Children\u2019s books and toys"", ""Luggage dropoff allowed"", ""Freezer"", ""Washer \u2013\u00a0In building"", ""Refrigerator"", ""Pets allowed"", ""Window AC unit"", ""Fire extinguisher"", ""TV"", ""Crib - available upon request"", ""Pack \u2019n play/Travel crib - available upon request"", ""Dishwasher"", ""Laundromat nearby"", ""Cooking basics"", ""Kitchen"", ""Hot water"", ""Iron"", ""Wifi"", ""Baby monitor - available upon request"", ""Toaster"", ""Hangers"", ""Paid parking on premises"", ""Central heating"", ""Stove""]",$120.00,91,365,91,91,365,365,91.0,365.0,,t,0,12,30,219,2025-06-19,0,0,0,50,0,0,0.0,,,,,,,,,,,f,1,1,0,0,
3604,1213853437263095035,https://www.airbnb.com/rooms/1213853437263095035,20250619031426,2025-06-19,city scrape,Make this new apartment home!,"Experience luxury living located within one of Boston’s most vibrant and desirable neighborhoods! This stunning 2 bed / 2 bath condo boasts a complete 2024 gut renovation.  Spacious primary suite has a corner location w/ 3 windows, and includes a walk-in closet and en-suite modern bathroom w/ tub and twin sinks. 2nd bedroom and guest bathroom also on this level. Lower level has generous family room/rec. room w/ high ceilings, and separate newly finished laundry room.",,https://a0.muscache.com/pictures/miso/Hosting-1213853437263095035/original/28556a8b-3199-416d-8379-da5783d35dd5.jpeg,76787967,https://www.airbnb.com/users/show/76787967,Helen,2016-06-09,"Newton, MA",,within a day,100%,,f,https://a0.muscache.com/im/pictures/user/253a813d-3105-4d34-8a76-a2039f229e71.jpg?aki_policy=profile_small,https://a0.muscache.com/im/pictures/user/253a813d-3105-4d34-8a76-a2039f229e71.jpg?aki_policy=profile_x_medium,Oak Square,1,3,"['email', 'phone']",t,t,,Brighton,,42.351851719619454,-71.14476543787319,Entire condo,Entire home/apt,4,2.0,2 baths,2.0,2.0,"[""Kitchen"", ""Washer"", ""Air conditioning"", ""Smoke alarm"", ""Wifi"", ""First aid kit"", ""Carbon monoxide alarm"", ""TV""]",$315.00,29,365,29,29,365,365,29.0,365.0,,,30,60,90,365,2025-06-19,0,0,0,196,0,0,0.0,,,,,,,,,,,f,1,1,0,0,
3614,1218219275551952819,https://www.airbnb.com/rooms/1218219275551952819,20250619031426,2025-06-19,city scrape,Perfect City Break,"Welcome to your home away from home! Our beautifully appointed apartment offers a perfect blend of comfort and convenience in the vibrant neighborhood of Boston.<br /><br />Rest easy in our full-bed and king sofa-bed, and enjoy the cozy space for a restful night's sleep. <br /><br />You will have your private bathroom, fridge, and in-unit washer and dryer.",,https://a0.muscache.com/pictures/miso/Hosting-1218219275551952819/original/7f117ad5-58be-4521-8267-6750cc8a02b0.jpeg,20532341,https://www.airbnb.com/users/show/20532341,Beatrice,2014-08-25,"Boston, MA",I'm an explorer at heart. Love going to new places and seeing the world.,within a day,100%,80%,f,https://a0.muscache.com/im/pictures/user/f09db24b-4076-499f-be77-9c84e8485d5d.jpg?aki_policy=profile_small,https://a0.muscache.com/im/pictures/user/f09db24b-4076-499f-be77-9c84e8485d5d.jpg?aki_policy=profile_x_medium,Roxbury,1,3,"['email', 'phone']",t,t,,Roxbury,,42.32608,-71.0818,Entire rental unit,Entire home/apt,4,1.0,1 bath,1.0,2.0,"[""Washer"", ""Smoke alarm"", ""Kitchenette"", ""Self check-in"", ""Long term stays allowed"", ""Fire pit"", ""Carbon monoxide alarm"", ""Freezer"", ""Mini fridge"", ""Fire extinguisher"", ""Dryer"", ""Keypad"", ""Exercise equipment"", ""Backyard"", ""Outdoor dining area"", ""Wifi"", ""First aid kit"", ""Hangers"", ""Exterior security cameras on property"", ""Portable fans"", ""Free parking on premises"", ""Free street parking""]",$135.00,1,365,1,1,365,365,1.0,365.0,,t,1,17,27,196,2025-06-19,21,21,0,27,17,126,17010.0,2024-09-05,2025-04-28,4.29,4.43,4.14,4.62,4.76,4.0,3.95,STR-554113,f,1,1,0,0,2.19
3628,1223243055196020154,https://www.airbnb.com/rooms/1223243055196020154,20250619031426,2025-06-19,city scrape,Beacon Hill Convenience,"Enjoy easy access to everything from this perfectly located home base beside the Boston Common and the State House. Convenient to transportation, the Financial District and Government Center. Updated 6th floor 1 bed faces the Boston Athenaeum on Beacon Street.  This concierge building has two elevators, common roofdeck and laundry/trash room on each floor.",,https://a0.muscache.com/pictures/miso/Hosting-1223243055196020154/original/e5c659d3-370a-4499-86fa-cdb876d4e7aa.jpeg,26988,https://www.airbnb.com/users/show/26988,Anne,2009-07-22,"Boston, MA","I manage a number of furnished units around Boston and Brookline with my business partner Joseph Morrissey.  I am a Realtor with Unlimited Sotheby's  and do sales/rentals in the greater Boston market.  I also manage a sculpture school/studio with my husband, sculptor Morris Norvin.  Stonybrook Fine Arts, is located in the Boston neighborhood Jamaica Plain across the street from the famous Sam Adams Brewery.  We offer a variety of one day workshops on our calendar including welding, jewelry and metal casting.   Longer classes are available and meet one time each week including the options above as well as mold making, live figure modeling and foundry.  Custom workshops are available for small groups, birthday parties, bachelorette parties, make your own wedding bands, create an engagement ring and team building.  We are happy to arrange a tour of Sam Adams after a daytime workshop not occurring on Sunday.  Contact us for more details to set up your custom event!

",within a day,70%,38%,t,https://a0.muscache.com/im/pictures/user/d7d71322-db4f-45f8-92f7-ec27a50d5773.jpg?aki_policy=profile_small,https://a0.muscache.com/im/pictures/user/d7d71322-db4f-45f8-92f7-ec27a50d5773.jpg?aki_policy=profile_x_medium,Beacon Hill,12,32,"['email', 'phone']",t,t,,Beacon Hill,,42.3587,-71.0635,Entire rental unit,Entire home/apt,2,1.0,1 bath,1.0,1.0,"[""Cooking basics"", ""Essentials"", ""Kitchen"", ""Hot water"", ""Wine glasses"", ""Air conditioning"", ""Smoke alarm"", ""Wifi"", ""Hangers"", ""Radiant heating"", ""Dedicated workspace"", ""Dishes and silverware"", ""Coffee maker: french press"", ""TV"", ""Microwave"", ""Carbon monoxide alarm"", ""Elevator"", ""Hair dryer""]",$103.00,91,365,91,91,365,365,91.0,365.0,,t,0,15,15,197,2025-06-19,0,0,0,28,0,0,0.0,,,,,,,,,,,f,8,8,0,0,
3760,1272462109988889430,https://www.airbnb.com/rooms/1272462109988889430,20250619031426,2025-06-19,city scrape,Charming two-bedroom in Boston,"Wonderful apartment that covers your basic needs. Nestled in the heart of a bustling urban oasis, this cozy apartment offers a unique blend of comfort and convenience, perfect for a family (or group) looking to visit Boston. The apartment boasts a thoughtfully designed layout that maximizes every inch of space. Inside, you'll find two well-proportioned bedrooms, a modern kitchen equipped with the latest appliances, and a big full size bathroom. Enjoy your stay!",,https://a0.muscache.com/pictures/miso/Hosting-1272462109988889430/original/d52b88fc-d986-4925-8079-891d40baf7f8.jpeg,658251749,https://www.airbnb.com/users/show/658251749,Beatrice,2024-10-21,,,within a day,95%,54%,f,https://a0.muscache.com/defaults/user_pic-50x50.png?v=3,https://a0.muscache.com/defaults/user_pic-225x225.png?v=3,Roxbury,1,1,"['email', 'phone']",f,t,,Roxbury,,42.32603188143365,-71.08202251382698,Entire rental unit,Entire home/apt,4,1.0,1 bath,2.0,2.0,"[""Smoke alarm"", ""Dedicated workspace"", ""Dishes and silverware"", ""Clothing storage"", ""Self check-in"", ""BBQ grill"", ""Dining table"", ""Carbon monoxide alarm"", ""Portable air conditioning"", ""Bed linens"", ""Microwave"", ""Luggage dropoff allowed"", ""Freezer"", ""Board games"", ""Refrigerator"", ""TV"", ""Laundromat nearby"", ""Keypad"", ""Cooking basics"", ""Kitchen"", ""Hot water"", ""Outdoor dining area"", ""Wifi"", ""Hangers"", ""Exterior security cameras on property"", ""Stove"", ""Bathtub"", ""Free parking on premises"", ""Private backyard""]",$198.00,1,365,1,1,365,365,1.0,365.0,,t,12,26,48,309,2025-06-19,5,5,1,140,2,30,5940.0,2024-11-10,2025-06-03,4.8,5.0,4.4,5.0,5.0,4.2,4.8,STR-554113,f,1,1,0,0,0.68
3826,1295275743299306712,https://www.airbnb.com/rooms/1295275743299306712,20250619031426,2025-06-19,city scrape,One room Boston/2Bedroom 2 Bathroom/T stop-Andrew,"Renting one room in 2B2B condo with large living room, including fireplace and high ceilings providing volume.  Each bedroom has walk in closets (California style). The kitchen is modern and offers countertop seating.  The fireplace - is gas and provides both warmth as well as a warm ambiance.  The access to the T - subway station (andrews), as well as 93 and Mass Pike are likely 2nd to no other location.  In addition, the bay and ocean are very close for additional recreation. Parking.",,https://a0.muscache.com/pictures/hosting/Hosting-1295275743299306712/original/7ac3db69-d4d0-4474-9757-86b2cdc098a5.jpeg,39367641,https://www.airbnb.com/users/show/39367641,Axel,2015-07-23,"Boston, MA",I am an aerospace engineer with PhD from  MIT. I’m a former NASA engineer and currently serve work as an guidance and navigation engineer for a satellite company.,within a day,100%,,f,https://a0.muscache.com/im/pictures/user/User-39367641/original/21f527e9-e7aa-431a-8428-468e0e0b3d9e.jpeg?aki_policy=profile_small,https://a0.muscache.com/im/pictures/user/User-39367641/original/21f527e9-e7aa-431a-8428-468e0e0b3d9e.jpeg?aki_policy=profile_x_medium,Columbus Park / Andrew Square,1,1,"['email', 'phone']",t,t,,South Boston,,42.32802,-71.05622,Private room in rental unit,Private room,2,2.0,2 baths,2.0,2.0,"[""Wine glasses"", ""Washer"", ""Beach access \u2013 Beachfront"", ""Dining table"", ""Bed linens"", ""Microwave"", ""Free dryer"", ""Indoor fireplace: electric, gas"", ""Body soap"", ""Freezer"", ""Pets allowed"", ""Private patio or balcony"", ""Smoking allowed"", ""TV"", ""Dishwasher"", ""Kitchen"", ""Coffee maker: Keurig coffee machine"", ""Beach essentials"", ""Wifi"", ""Central heating"", ""Free parking on premises""]",$92.00,91,365,91,91,365,365,91.0,365.0,,t,0,14,21,202,2025-06-19,0,0,0,33,0,0,0.0,,,,,,,,,,,f,1,0,1,0,
3986,1340902446838629906,https://www.airbnb.com/rooms/1340902446838629906,20250619031426,2025-06-19,city scrape,Amazing Beacon Hill penthouse,"Quiet one bedroom condo on Beacon Hill, with panoramic city and river views from inside the unit, and from the private roof deck accessed from inside the unit. Steps to boutique shops, bars and restaurants on Charles Street, the Boston Common and Public Garden, the T ( the subway), and much more.",,https://a0.muscache.com/pictures/miso/Hosting-1340902446838629906/original/236f5d57-725e-4f29-8468-8971b7b4d4e7.jpeg,516261630,https://www.airbnb.com/users/show/516261630,Daniel,2023-05-23,,,within a day,100%,44%,f,https://a0.muscache.com/defaults/user_pic-50x50.png?v=3,https://a0.muscache.com/defaults/user_pic-225x225.png?v=3,Beacon Hill,1,1,"['email', 'phone']",f,t,,Beacon Hill,,42.36027,-71.07014,Entire rental unit,Entire home/apt,3,1.0,1 bath,1.0,2.0,"[""Wine glasses"", ""Washer"", ""Baking sheet"", ""Air conditioning"", ""Smoke alarm"", ""Dedicated workspace"", ""Dishes and silverware"", ""Books and reading material"", ""Clothing storage"", ""Coffee"", ""Self check-in"", ""Oven"", ""Carbon monoxide alarm"", ""Cleaning products"", ""Bed linens"", ""Hair dryer"", ""Freezer"", ""Refrigerator"", ""Extra pillows and blankets"", ""Outdoor furniture"", ""Lockbox"", ""Fire extinguisher"", ""TV"", ""Dishwasher"", ""Cooking basics"", ""Kitchen"", ""Hot water"", ""Exercise equipment"", ""Heating"", ""Iron"", ""Wifi"", ""Outdoor dining area"", ""Toaster"", ""First aid kit"", ""Hangers"", ""Stove"", ""Coffee maker""]",$429.00,4,14,2,4,14,14,4.0,14.0,,t,0,4,4,111,2025-06-19,2,2,1,37,0,16,6864.0,2025-04-22,2025-05-26,5.0,5.0,4.5,4.5,5.0,5.0,5.0,STR-581620,f,1,1,0,0,1.02
4028,1343063202906243679,https://www.airbnb.com/rooms/1343063202906243679,20250619031426,2025-06-19,city scrape,Stay Next to Public Garden | Back Bay |MGH,Keep it simple at this peaceful and centrally-located place.,,https://a0.muscache.com/pictures/hosting/Hosting-1343063202906243679/original/50198cb3-092e-4228-8660-6e1b2a818353.jpeg,95634275,https://www.airbnb.com/users/show/95634275,Sophia,2016-09-18,"Boston, MA","I am an MIT alum and a tech entrepreneur. Having traveled and worked in many cities across continents, I've been an Airbnb host and a guest many times! 

I love to welcome people to one of my favorite cities, Boston, and show them around. Feel free to ask me any questions!",within a day,100%,90%,,https://a0.muscache.com/im/pictures/user/a18fb9a4-5c21-406e-89ad-a555db5c71a5.jpg?aki_policy=profile_small,https://a0.muscache.com/im/pictures/user/a18fb9a4-5c21-406e-89ad-a555db5c71a5.jpg?aki_policy=profile_x_medium,Beacon Hill,34,53,"['email', 'phone', 'work_email']",t,t,,Beacon Hill,,42.35638,-71.07155,Private room in rental unit,Private room,1,1.0,1 shared bath,1.0,1.0,"[""Washer"", ""Self check-in"", ""Air conditioning"", ""Smoke alarm"", ""Wifi"", ""Dedicated workspace"", ""Lockbox"", ""Fire extinguisher"", ""Carbon monoxide alarm""]",$162.00,29,365,29,29,365,365,29.0,365.0,,t,0,17,47,111,2025-06-19,0,0,0,111,0,0,0.0,,,,,,,,,,,f,6,2,4,0,
4176,1354040063052544481,https://www.airbnb.com/rooms/1354040063052544481,20250619031426,2025-06-19,city scrape,Fully-Furnished Room by Harvard,"A comfortable, fully-furnished apartment by the Harvard Business School campus. Walkable to Trader Joes, Whole Foods, Central Square, and Harvard Square, this peaceful location is perfect for summer scholars and interns looking for an idyllic place to stay for the summer.",,https://a0.muscache.com/pictures/miso/Hosting-1354040063052544481/original/a7699140-2a83-4d80-a82c-88fd4b69df24.jpeg,256736730,https://www.airbnb.com/users/show/256736730,Sridutt,2019-04-19,"Mill Creek, WA","Traveler, and lover of good food!",within a day,75%,0%,f,https://a0.muscache.com/im/pictures/user/1c713a09-5c38-418a-9502-d3909854b93c.jpg?aki_policy=profile_small,https://a0.muscache.com/im/pictures/user/1c713a09-5c38-418a-9502-d3909854b93c.jpg?aki_policy=profile_x_medium,Lower Allston,1,1,"['email', 'phone']",t,t,,Allston,,42.365149917973255,-71.11851532347161,Private room in rental unit,Private room,2,2.0,2 baths,2.0,2.0,"[""Kitchen"", ""Wifi"", ""Smoke alarm"", ""Lock on bedroom door"", ""TV""]",$56.00,91,91,91,91,91,91,91.0,91.0,,t,17,17,17,274,2025-06-19,0,0,0,105,0,0,0.0,,,,,,,,,,,f,1,0,1,0,
4361,1409522571756431583,https://www.airbnb.com/rooms/1409522571756431583,20250619031426,2025-06-19,city scrape,Spectacular Boston City View,"Beautiful decorated modern apartment with a grand spectacular view of Downtown Boston. The space is nice, clean and peaceful. Close to major hospitals and Colleges. Public transportation is couple minute walking distance.",,https://a0.muscache.com/pictures/miso/Hosting-1409522571756431583/original/3c8a31ef-0536-4bd4-ab5b-e7ef95aa9bda.jpeg,692164752,https://www.airbnb.com/users/show/692164752,Nadine,2025-04-26,,,within a day,100%,,f,https://a0.muscache.com/defaults/user_pic-50x50.png?v=3,https://a0.muscache.com/defaults/user_pic-225x225.png?v=3,Roxbury,2,2,['phone'],f,f,,Roxbury,,42.3265349,-71.0906552,Entire rental unit,Entire home/apt,6,2.0,2 baths,3.0,3.0,"[""Kitchen"", ""Washer"", ""Air conditioning"", ""Smoke alarm"", ""Wifi"", ""First aid kit"", ""Fire extinguisher"", ""Exterior security cameras on property"", ""TV"", ""Free parking on premises"", ""Carbon monoxide alarm""]",$200.00,91,365,91,91,365,365,91.0,365.0,,t,30,60,90,365,2025-06-19,0,0,0,196,0,0,0.0,,,,,,,,,,,f,2,1,1,0,
4363,1410396657230251057,https://www.airbnb.com/rooms/1410396657230251057,20250619031426,2025-06-19,city scrape,Amazing Downtown Boston CityView,"Beautifully decorated and newly renovated property in the prestigious Fort Hill area of Boston with amazing view of Downtown. Peaceful family oriented neighborhood. Close to major hospitals and colleges, easy access to public transportation. ￼",,https://a0.muscache.com/pictures/miso/Hosting-1409522571756431583/original/3c8a31ef-0536-4bd4-ab5b-e7ef95aa9bda.jpeg,692164752,https://www.airbnb.com/users/show/692164752,Nadine,2025-04-26,,,within a day,100%,,f,https://a0.muscache.com/defaults/user_pic-50x50.png?v=3,https://a0.muscache.com/defaults/user_pic-225x225.png?v=3,Roxbury,2,2,['phone'],f,f,,Roxbury,,42.32579,-71.0899,Private room in home,Private room,2,1.0,1 private bath,1.0,1.0,"[""Kitchen"", ""Washer"", ""Air conditioning"", ""Smoke alarm"", ""Wifi"", ""First aid kit"", ""Fire extinguisher"", ""Exterior security cameras on property"", ""Lock on bedroom door"", ""TV"", ""Free parking on premises"", ""Carbon monoxide alarm""]",$150.00,91,365,91,91,365,365,91.0,365.0,,t,30,60,90,365,2025-06-19,0,0,0,196,0,0,0.0,,,,,,,,,,,f,2,1,1,0,
4426,1419511623549632301,https://www.airbnb.com/rooms/1419511623549632301,20250619031426,2025-06-19,city scrape,Classic Apartment #474,"If you are looking for one of the best places to live in Boston, look <br />   no further. This 738-square-foot, one-bedroom, one-bathroom apartment <br />   is located on the first floor in the heart of one of the best <br />   neighborhoods. The room can accommodate a queen-size bed. This is a <br />   smoke-free apartment. WiFi is available, and there is a communal <br />   laundry room in the building. Other features include radiator heating, <br />   new appliances, and street parking.",,https://a0.muscache.com/pictures/prohost-api/Hosting-1419511623549632301/original/bcbeae81-7add-40b6-aa54-90a0151eb8ee.jpeg,558528704,https://www.airbnb.com/users/show/558528704,Robert Allen,2024-01-25,,"I help manage homes around the US, particularly in LAX and NYC.
My goal is to provide you with a comfortable and enjoyable experience during your visit. 
Feel free to reach out with any questions or special requests. 
I look forward to hosting you!",within a day,100%,81%,t,https://a0.muscache.com/im/pictures/user/User/original/b628c1cc-ee84-4ba1-b94d-a175f6e8012d.jpeg?aki_policy=profile_small,https://a0.muscache.com/im/pictures/user/User/original/b628c1cc-ee84-4ba1-b94d-a175f6e8012d.jpeg?aki_policy=profile_x_medium,Pico-Union,33,70,"['email', 'phone']",t,t,,North End,,42.36636771000381,-71.05522800912,Entire rental unit,Entire home/apt,2,1.0,1 bath,1.0,1.0,"[""Cooking basics"", ""Kitchen"", ""Hot water"", ""Self check-in"", ""Heating"", ""Wifi"", ""Smoke alarm"", ""Lockbox"", ""Oven"", ""Dishes and silverware"", ""Carbon monoxide alarm"", ""Microwave"", ""Dishwasher"", ""Free street parking""]",$131.00,31,365,31,31,365,365,31.0,365.0,,t,0,10,40,156,2025-06-19,0,0,0,146,0,0,0.0,,,,,,,,,,,f,1,1,0,0,
4432,1419627988003822719,https://www.airbnb.com/rooms/1419627988003822719,20250619031426,2025-06-19,city scrape,Spacious Residence near Seasport,"Experience upscale living in this stylish 2-bedroom, 2-bathroom apartment in a premier South Boston building. The master features a queen bed, while the second bedroom offers two twin beds—ideal for families or groups. Enjoy a sleek, modern interior with full kitchen and in-unit laundry. The building includes a gym, rooftop with skyline views, and a spacious dining area. Surrounded by top cafes, restaurants, and just minutes from the Seaport and Convention Center",,https://a0.muscache.com/pictures/miso/Hosting-1419627988003822719/original/17ee350a-e325-4f31-b550-225da996349e.jpeg,158837906,https://www.airbnb.com/users/show/158837906,Dan,2017-11-15,,,within a day,70%,40%,,https://a0.muscache.com/im/pictures/user/e17bda71-4b19-4efb-a904-fcd20f11b115.jpg?aki_policy=profile_small,https://a0.muscache.com/im/pictures/user/e17bda71-4b19-4efb-a904-fcd20f11b115.jpg?aki_policy=profile_x_medium,Assembly Square,5,6,"['email', 'phone']",t,t,,South Boston,,42.34113,-71.04969,Entire rental unit,Entire home/apt,4,2.0,2 baths,2.0,3.0,"[""Washer"", ""Air conditioning"", ""Smoke alarm"", ""Wifi"", ""Pets allowed"", ""Fire extinguisher"", ""TV""]",$392.00,5,365,5,5,365,365,5.0,365.0,,t,29,59,89,364,2025-06-19,0,0,0,195,0,0,0.0,,,,,,,,,,str-792204,f,1,1,0,0,
4499,1430687656831322110,https://www.airbnb.com/rooms/1430687656831322110,20250619031426,2025-06-19,city scrape,"Room- Andrew S, Hospitals, Beach","This fully furnished room offers a comfortable and convenient living experience in a quiet 3-bedroom apartment. You’ll have a dedicated workspace, a spacious shared deck, and access to a fully equipped kitchen and in-unit laundry. Located just minutes from Andrew Station, with quick access to Downtown Boston, Seaport, and nearby hospitals like Boston Medical Center.  Street parking is available with a resident permit, and the ocean and South Bay Center are just around the corner.",,https://a0.muscache.com/pictures/miso/Hosting-1430687656831322110/original/e30022c4-7cf1-4d37-a280-b20f532af115.jpeg,518462500,https://www.airbnb.com/users/show/518462500,Vasyl,2023-06-05,,,within a day,100%,,f,https://a0.muscache.com/im/pictures/user/8615940f-f426-4590-9521-1bb31bd9509b.jpg?aki_policy=profile_small,https://a0.muscache.com/im/pictures/user/8615940f-f426-4590-9521-1bb31bd9509b.jpg?aki_policy=profile_x_medium,Dorchester,1,2,"['email', 'phone']",t,t,,Dorchester,,42.32556,-71.05973,Private room in rental unit,Private room,1,1.0,1 shared bath,1.0,1.0,"[""Kitchen"", ""Washer"", ""Air conditioning"", ""Smoke alarm"", ""Wifi"", ""Dedicated workspace"", ""Carbon monoxide alarm"", ""Lock on bedroom door""]",$48.00,91,365,91,91,365,365,91.0,365.0,,t,0,0,16,291,2025-06-19,0,0,0,122,0,0,0.0,,,,,,,,,,,f,1,0,1,0,
